#{"t_start": 1755536223.2517245, "env_id": "None"}
r,l,t
108.15699,820,68.693012
-200.34625,820,68.693079
49.442204,820,68.693104
109.19971,820,68.693123
37.619106,820,68.69314
109.19971,820,68.693157
-110.25707,820,68.693173
44.353825,820,68.69319
-551.22894,820,68.693207
-154.53084,820,68.693223
-193.88254,820,68.693239
-153.11633,820,68.693256
-62.348507,820,68.693273
108.26117,820,68.693289
109.19971,820,68.693305
10.712625,820,68.693322
109.19971,820,136.730516
-174.58192,820,136.730582
67.71589,820,136.730606
109.19971,820,136.730625
34.47901,820,136.730643
109.19971,820,136.73066
-156.61827,820,136.730677
37.735622,820,136.730693
-471.78113,820,136.73071
-217.50438,820,136.730726
-181.05954,820,136.730743
-208.0027,820,136.732346
-93.53764,820,136.732366
108.054855,820,136.732378
109.19971,820,136.732388
0.72022694,820,136.732398
109.19971,820,209.998981
-77.69832,820,209.999024
57.642025,820,209.99904
109.19971,820,209.999052
27.217697,820,209.999063
109.19971,820,209.999073
-57.546272,820,209.999083
51.48687,820,209.999093
-430.88162,820,209.999103
-166.07689,820,209.999112
-112.57244,820,209.999121
-94.472565,820,209.999131
-30.518564,820,209.999141
108.5947,820,209.99915
109.19971,820,209.999159
-44.92344,820,209.999169
108.10894,820,276.184825
-80.86933,820,276.184861
58.98846,820,276.184876
109.19971,820,276.184889
51.41335,820,276.1849
109.19971,820,276.18491
-19.935745,820,276.18492
40.651146,820,276.18493
-328.5104,820,276.18494
-58.422695,820,276.18495
-16.304634,820,276.18496
-52.324024,820,276.184969
-6.8032045,820,276.184978
107.78019,820,276.184988
109.19971,820,276.184997
7.5550685,820,276.185006
108.15911,820,351.14985
-39.997364,820,351.149891
61.26304,820,351.149906
109.19971,820,351.149919
45.499958,820,351.14993
109.19971,820,351.149942
-23.363375,820,351.149953
31.580458,820,351.149964
-249.57495,820,351.149976
-23.90739,820,351.149987
-105.33818,820,351.149999
-62.62232,820,351.150012
16.003685,820,351.150024
108.247536,820,351.150036
109.19971,820,351.150047
21.733067,820,351.150058
107.0894,820,416.618341
-41.29254,820,416.61838
69.166306,820,416.618393
109.19971,820,416.618404
30.345541,820,416.618413
109.19971,820,416.618422
-40.806683,820,416.618431
50.995296,820,416.61844
-180.2,820,416.618449
-25.828924,820,416.618458
-2.5614223,820,416.618467
-27.345127,820,416.618476
5.0849395,820,416.618485
108.970146,820,416.618494
109.19971,820,416.618503
-25.879229,820,416.618511
108.15598,820,483.584049
2.033683,820,483.584092
52.016636,820,483.58411
109.19971,820,483.584123
48.329037,820,483.584135
109.19971,820,483.584146
-7.5861998,820,483.584157
40.060947,820,483.584169
-125.19066,820,483.58418
-12.090161,820,483.584191
-20.028374,820,483.584202
-18.59077,820,483.584213
-25.394838,820,483.584225
108.44409,820,483.584236
109.19971,820,483.584247
-15.781864,820,483.584258
106.45653,820,557.042228
-8.597321,820,557.042274
51.560272,820,557.042289
109.19971,820,557.042302
26.408747,820,557.042313
109.19971,820,557.042325
-0.6083655,820,557.042336
58.115757,820,557.042347
-156.13599,820,557.042358
-25.331112,820,557.04237
1.3823596,820,557.042381
-45.934605,820,557.042393
37.747864,820,557.042404
109.19971,820,557.042415
109.19971,820,557.042426
-3.6832979,820,557.042438
109.19971,820,624.8927
8.245593,820,624.89274
58.62815,820,624.892756
109.19971,820,624.892768
35.65047,820,624.89278
109.19971,820,624.892793
31.511564,820,624.892804
46.189167,820,624.892813
-165.26408,820,624.892822
-17.632893,820,624.892831
18.137907,820,624.892841
-37.4233,820,624.892849
27.97566,820,624.892858
108.06071,820,624.892867
109.19971,820,624.892876
11.152404,820,624.892885
109.14264,820,696.668996
-18.302828,820,696.669036
62.246292,820,696.66905
109.19971,820,696.669061
-7.756195,820,696.669071
109.19971,820,696.66908
22.051802,820,696.669089
54.18787,820,696.669098
-93.51724,820,696.669107
3.652292,820,696.669116
-5.007447,820,696.669125
-36.0281,820,696.669134
31.881287,820,696.669187
109.03104,820,696.669202
109.19971,820,696.669212
24.535824,820,696.669221
109.19971,820,762.82811
-45.245674,820,762.828155
62.818085,820,762.828171
109.19971,820,762.828183
37.157257,820,762.828195
109.19971,820,762.828206
20.760136,820,762.828218
58.56623,820,762.828229
-66.6971,820,762.82824
26.159195,820,762.828251
18.450365,820,762.828263
9.376254,820,762.828274
38.419113,820,762.828285
108.84388,820,762.828296
109.19971,820,762.828308
10.316322,820,762.828319
106.91113,820,828.883941
-76.615845,820,828.883984
52.41736,820,828.883999
109.19971,820,828.884009
12.920558,820,828.884019
109.19971,820,828.884028
24.599606,820,828.884037
38.70423,820,828.884046
-110.62542,820,828.884055
21.473354,820,828.884063
37.700977,820,828.884072
-12.894979,820,828.884081
55.349297,820,828.88409
108.544556,820,828.884099
109.19971,820,828.884107
14.3324,820,828.884116
108.15698,820,899.076432
14.791886,820,899.076473
61.38746,820,899.076488
109.19971,820,899.0765
48.003452,820,899.076511
109.19971,820,899.076522
36.073383,820,899.076532
59.84247,820,899.076542
-59.39638,820,899.076552
18.65584,820,899.076562
31.242868,820,899.076571
1.5611582,820,899.076581
57.003613,820,899.07659
109.05231,820,899.0766
109.19971,820,899.076609
35.291553,820,899.076618
109.19971,820,965.981138
28.98187,820,965.981177
59.30998,820,965.98119
109.19971,820,965.981201
34.020756,820,965.981211
109.19971,820,965.98122
39.870953,820,965.981229
64.3736,820,965.981238
-38.27066,820,965.981247
14.009475,820,965.981256
52.21414,820,965.981265
11.271235,820,965.981274
56.701233,820,965.981283
108.79086,820,965.981291
109.19971,820,965.981301
25.500608,820,965.981309
109.0442,820,1038.658542
1.4920306,820,1038.658589
62.722748,820,1038.658605
109.19971,820,1038.658617
51.694748,820,1038.658628
109.19971,820,1038.65864
46.63824,820,1038.658652
56.940495,820,1038.658664
-35.24605,820,1038.658675
24.98961,820,1038.658687
58.709805,820,1038.658699
11.176843,820,1038.65871
63.030178,820,1038.658722
109.17887,820,1038.658733
109.19971,820,1038.658745
37.88,820,1038.658756
108.155754,820,1106.19423
47.70065,820,1106.19427
62.139187,820,1106.194286
109.19971,820,1106.194299
40.084038,820,1106.194313
109.19971,820,1106.194324
55.061867,820,1106.194336
59.313625,820,1106.194348
-21.316296,820,1106.19436
0.5224119,820,1106.194372
61.078655,820,1106.194383
13.240645,820,1106.194395
62.609207,820,1106.194406
108.58034,820,1106.194418
109.19971,820,1106.194429
34.53954,820,1106.194441
109.19971,820,1176.206738
34.085056,820,1176.206786
60.96313,820,1176.206802
109.19971,820,1176.206815
35.495502,820,1176.206827
109.19971,820,1176.206839
51.919846,820,1176.20685
61.296074,820,1176.206861
-26.778252,820,1176.206873
27.392569,820,1176.206884
62.60612,820,1176.206895
11.14621,820,1176.206906
68.60542,820,1176.206918
108.48176,820,1176.206929
109.19971,820,1176.20694
39.254456,820,1176.206951
109.19971,820,1248.340688
-0.33880377,820,1248.340728
69.902725,820,1248.340743
109.19971,820,1248.340753
39.554356,820,1248.340762
109.19971,820,1248.340772
57.913845,820,1248.34078
62.22198,820,1248.34079
-21.38278,820,1248.340799
17.793571,820,1248.340808
70.02068,820,1248.340817
10.811177,820,1248.340826
58.742252,820,1248.340835
109.145935,820,1248.340844
109.19971,820,1248.340853
49.887714,820,1248.340862
109.19971,820,1312.377918
60.21975,820,1312.377952
64.602394,820,1312.377967
109.19971,820,1312.377979
51.026577,820,1312.37799
109.19971,820,1312.378001
59.50713,820,1312.378011
80.035355,820,1312.378021
6.8496366,820,1312.378031
39.969654,820,1312.378041
66.34968,820,1312.37805
20.325212,820,1312.37806
74.06873,820,1312.378069
109.18979,820,1312.378078
109.19971,820,1312.378088
39.17095,820,1312.378097
109.19971,820,1381.894259
47.17078,820,1381.894298
66.42219,820,1381.894315
109.19971,820,1381.894328
26.873917,820,1381.894341
109.19971,820,1381.894352
53.023426,820,1381.894364
65.15311,820,1381.894376
-0.78199077,820,1381.894432
45.01491,820,1381.894449
60.860107,820,1381.89447
13.779573,820,1381.894482
74.88171,820,1381.894493
109.01384,820,1381.894505
109.19971,820,1381.894516
44.623005,820,1381.894527
107.952095,820,1447.566369
47.5966,820,1447.566412
61.77891,820,1447.566427
109.19971,820,1447.566437
43.076637,820,1447.566447
109.19971,820,1447.566456
63.119595,820,1447.566465
69.83561,820,1447.566474
15.879086,820,1447.566483
44.293835,820,1447.566491
69.215454,820,1447.5665
13.493444,820,1447.566509
72.44466,820,1447.566518
108.96013,820,1447.566527
109.19971,820,1447.566536
45.61172,820,1447.566545
109.19971,820,1513.072469
44.10329,820,1513.072515
66.185684,820,1513.072528
109.19971,820,1513.072538
13.747675,820,1513.072547
109.19971,820,1513.072556
67.236755,820,1513.072566
66.94928,820,1513.072574
17.284374,820,1513.072583
35.80814,820,1513.072592
68.73217,820,1513.072601
26.469452,820,1513.072609
67.26719,820,1513.072618
107.303246,820,1513.072627
109.19971,820,1513.072636
38.130135,820,1513.072645
107.949,820,1582.204622
48.647343,820,1582.20466
65.17554,820,1582.204674
109.19971,820,1582.204685
17.266037,820,1582.204695
109.19971,820,1582.204704
73.49159,820,1582.204713
70.77655,820,1582.204722
5.4570866,820,1582.204731
46.69389,820,1582.204741
60.49299,820,1582.204749
7.8482594,820,1582.204758
75.92437,820,1582.204767
108.55092,820,1582.204776
109.19971,820,1582.204785
55.211594,820,1582.204794
109.19971,820,1651.3687
67.28279,820,1651.368736
65.36564,820,1651.368752
109.19971,820,1651.368764
47.995636,820,1651.368775
109.19971,820,1651.368785
67.52857,820,1651.368796
70.63955,820,1651.368805
25.020676,820,1651.368815
38.48581,820,1651.368825
74.992,820,1651.368835
18.250647,820,1651.368844
75.09776,820,1651.368854
108.55618,820,1651.368863
109.19971,820,1651.368873
40.57397,820,1651.368882
109.19971,820,1724.379823
31.25952,820,1724.379864
63.74094,820,1724.379878
109.19971,820,1724.379889
38.60957,820,1724.379898
109.19971,820,1724.379907
77.26708,820,1724.379916
62.839996,820,1724.379925
8.04497,820,1724.379934
44.455082,820,1724.379943
77.095695,820,1724.379952
29.136024,820,1724.379961
75.77646,820,1724.37997
108.47892,820,1724.379979
109.19971,820,1724.379988
45.958218,820,1724.379997
109.19971,820,1792.671215
55.518948,820,1792.671254
63.06377,820,1792.671268
109.19971,820,1792.671278
42.774258,820,1792.671288
109.19971,820,1792.671297
73.29755,820,1792.671305
72.5339,820,1792.671314
17.272621,820,1792.671323
43.585995,820,1792.671332
72.912186,820,1792.671341
14.338907,820,1792.67135
74.92855,820,1792.671359
108.92797,820,1792.671367
109.19971,820,1792.671376
45.278675,820,1792.671385
109.19971,820,1858.704365
67.31478,820,1858.70441
58.484364,820,1858.704424
109.19971,820,1858.704434
54.321228,820,1858.704444
109.19971,820,1858.704453
72.640884,820,1858.704462
72.24904,820,1858.704471
18.286585,820,1858.70448
41.13521,820,1858.704489
71.69208,820,1858.704498
9.473256,820,1858.704507
77.44075,820,1858.704516
109.099815,820,1858.704525
109.19971,820,1858.704534
49.004448,820,1858.704544
109.19971,820,1931.146164
57.02184,820,1931.146201
69.29409,820,1931.146217
109.19971,820,1931.146229
-5.0190783,820,1931.14624
109.19971,820,1931.146251
65.94344,820,1931.146261
73.48277,820,1931.146271
19.348946,820,1931.146281
45.283657,820,1931.146291
76.184364,820,1931.146301
18.051382,820,1931.14631
77.60136,820,1931.14632
109.17506,820,1931.146329
109.19971,820,1931.146339
53.340946,820,1931.146348
107.95868,820,1995.648268
52.421654,820,1995.648307
72.741425,820,1995.648321
109.19971,820,1995.648331
21.786291,820,1995.648341
109.19971,820,1995.64835
63.24407,820,1995.648359
71.27605,820,1995.648368
18.611645,820,1995.648377
43.60918,820,1995.648386
77.59113,820,1995.648395
16.760746,820,1995.648404
78.736496,820,1995.648413
108.1072,820,1995.648422
109.19971,820,1995.648431
46.39886,820,1995.64844
107.70313,820,2065.99338
57.71213,820,2065.993421
66.84642,820,2065.993436
109.19971,820,2065.993451
1.3188245,820,2065.993465
109.19971,820,2065.993476
76.986916,820,2065.993487
75.57806,820,2065.993497
15.376817,820,2065.993507
40.933067,820,2065.993517
74.98597,820,2065.993526
16.217276,820,2065.993536
81.27169,820,2065.993545
108.57387,820,2065.993555
109.19971,820,2065.993564
47.18487,820,2065.993573
108.15855,820,2130.06294
62.963196,820,2130.062984
66.53632,820,2130.062999
109.19971,820,2130.063009
52.814606,820,2130.063019
109.19971,820,2130.063028
72.05841,820,2130.063037
74.703285,820,2130.063046
20.784641,820,2130.063055
41.77788,820,2130.063064
75.32466,820,2130.063072
22.923494,820,2130.063081
85.66657,820,2130.06309
109.15927,820,2130.063099
109.19971,820,2130.063108
53.112667,820,2130.063117
108.15599,820,2200.073648
68.99193,820,2200.073688
65.240715,820,2200.073701
109.19971,820,2200.073711
45.138954,820,2200.073721
109.19971,820,2200.07373
75.16131,820,2200.073739
77.31146,820,2200.073748
24.616901,820,2200.073757
48.905827,820,2200.073766
68.53728,820,2200.073775
18.697292,820,2200.073784
81.38079,820,2200.073793
109.196175,820,2200.073802
109.19971,820,2200.073811
51.621685,820,2200.073819
108.14959,820,2267.906574
63.778667,820,2267.906613
61.56645,820,2267.906628
109.19971,820,2267.90664
47.719017,820,2267.906651
109.19971,820,2267.906661
63.32023,820,2267.906672
83.78264,820,2267.906681
23.388695,820,2267.906691
51.27908,820,2267.906701
78.109406,820,2267.90671
15.206629,820,2267.90672
82.69246,820,2267.906729
108.88874,820,2267.906739
109.19971,820,2267.906748
52.726936,820,2267.906757
109.19971,820,2330.045643
63.2143,820,2330.045681
72.91708,820,2330.045698
109.19971,820,2330.045711
50.705685,820,2330.045724
109.19971,820,2330.045736
73.456,820,2330.045748
78.21915,820,2330.04576
25.042677,820,2330.045771
46.97414,820,2330.045783
77.9219,820,2330.045794
12.493017,820,2330.045806
76.59658,820,2330.045817
109.10015,820,2330.045828
109.19971,820,2330.04584
58.57711,820,2330.045851
106.818245,820,2398.469226
47.366596,820,2398.469266
70.07773,820,2398.469282
109.19971,820,2398.469294
60.182625,820,2398.469304
109.19971,820,2398.469314
74.34317,820,2398.469324
71.672134,820,2398.469334
25.87621,820,2398.469343
45.948753,820,2398.469352
73.202736,820,2398.469362
18.248072,820,2398.469371
80.84199,820,2398.46938
109.18235,820,2398.46939
109.19971,820,2398.469399
56.56026,820,2398.469409
109.19971,820,2463.442918
71.094215,820,2463.442997
61.90266,820,2463.443017
109.19971,820,2463.44303
56.67381,820,2463.443042
109.19971,820,2463.443053
70.01751,820,2463.443064
87.15652,820,2463.443075
25.689932,820,2463.443086
53.92617,820,2463.443097
76.16281,820,2463.443109
15.318471,820,2463.44312
85.31527,820,2463.443131
107.85189,820,2463.443142
109.19971,820,2463.443153
59.137917,820,2463.443165
107.11475,820,2525.866863
51.807762,820,2525.866903
57.65611,820,2525.866917
109.19971,820,2525.866927
64.84475,820,2525.866937
109.19971,820,2525.866946
71.9993,820,2525.866955
78.980225,820,2525.866964
24.57006,820,2525.866972
46.479267,820,2525.866982
75.49966,820,2525.86699
17.396832,820,2525.866999
87.1669,820,2525.867008
108.971565,820,2525.867017
109.19971,820,2525.867026
63.26842,820,2525.867035
109.19971,820,2593.35671
49.319557,820,2593.35675
64.04754,820,2593.356766
109.19971,820,2593.35678
57.59168,820,2593.356792
109.19971,820,2593.356805
75.97816,820,2593.356817
86.8337,820,2593.356828
30.664715,820,2593.35684
48.030277,820,2593.356851
79.16898,820,2593.356863
30.746344,820,2593.356874
82.73332,820,2593.356886
108.72851,820,2593.356897
109.19971,820,2593.356909
67.17422,820,2593.35692
106.827095,820,2656.362267
60.32131,820,2656.362305
67.53682,820,2656.36232
109.19971,820,2656.362332
49.57426,820,2656.362342
109.19971,820,2656.362353
76.25118,820,2656.362363
82.92207,820,2656.362373
28.390562,820,2656.362382
41.342655,820,2656.362392
74.04132,820,2656.362401
31.269358,820,2656.362411
81.93797,820,2656.36242
109.182144,820,2656.362429
109.19971,820,2656.362496
63.100266,820,2656.362511
109.19971,820,2725.69613
55.51105,820,2725.696172
72.74978,820,2725.696187
109.19971,820,2725.696199
55.600246,820,2725.69621
109.19971,820,2725.696221
74.14521,820,2725.696231
86.20089,820,2725.696241
21.893723,820,2725.696254
49.862793,820,2725.696265
77.62929,820,2725.696275
17.301989,820,2725.696284
77.73637,820,2725.696293
108.78428,820,2725.696302
109.19971,820,2725.696311
67.173386,820,2725.69632
108.0597,820,2792.025459
52.86091,820,2792.025502
71.51014,820,2792.025517
109.19971,820,2792.025527
28.853905,820,2792.025537
109.19971,820,2792.025546
78.40893,820,2792.025555
85.4168,820,2792.025563
25.794956,820,2792.025572
45.6907,820,2792.025581
83.514404,820,2792.02559
10.784445,820,2792.025599
87.089005,820,2792.025609
109.016716,820,2792.025618
109.19971,820,2792.025626
69.385864,820,2792.025636
109.19971,820,2857.944205
62.727486,820,2857.944248
60.764626,820,2857.944262
109.19971,820,2857.944273
55.214035,820,2857.944282
109.19971,820,2857.944291
76.75624,820,2857.9443
84.69988,820,2857.94431
24.747122,820,2857.944319
52.407356,820,2857.944328
74.83709,820,2857.944337
19.220112,820,2857.944346
81.03435,820,2857.944355
109.07933,820,2857.944364
109.19971,820,2857.944373
64.81504,820,2857.944382
109.19971,820,2927.945118
67.321106,820,2927.945158
64.01518,820,2927.945173
109.19971,820,2927.945185
60.124973,820,2927.945196
109.19971,820,2927.945207
73.08385,820,2927.945217
88.43506,820,2927.945228
33.26205,820,2927.945237
43.727066,820,2927.945247
78.19537,820,2927.945256
16.82285,820,2927.945266
80.679726,820,2927.945276
109.18657,820,2927.945285
109.19971,820,2927.945294
62.471905,820,2927.945304
109.19971,820,2996.465253
38.23749,820,2996.465292
61.01595,820,2996.465308
109.19971,820,2996.465321
66.03834,820,2996.465333
109.19971,820,2996.465346
73.513275,820,2996.465357
89.52008,820,2996.465369
28.050297,820,2996.46538
47.100937,820,2996.465392
80.09014,820,2996.465404
20.13136,820,2996.465415
82.16342,820,2996.465426
107.2296,820,2996.465437
109.19971,820,2996.465449
57.905483,820,2996.465461
108.15348,820,3064.204664
66.06288,820,3064.204706
63.79959,820,3064.204722
109.19971,820,3064.204735
48.57746,820,3064.204748
109.19971,820,3064.20476
71.589615,820,3064.204772
87.87198,820,3064.204783
31.115932,820,3064.204794
53.924595,820,3064.204806
78.13866,820,3064.204818
24.662876,820,3064.204829
87.19095,820,3064.20484
108.56172,820,3064.204852
109.19971,820,3064.204863
59.99164,820,3064.204874
106.999176,820,3133.395355
60.901142,820,3133.395398
64.28101,820,3133.395412
109.19971,820,3133.395422
64.69514,820,3133.395432
109.19971,820,3133.395441
69.52179,820,3133.39545
91.19786,820,3133.395459
31.198952,820,3133.395468
47.097797,820,3133.395477
77.03706,820,3133.395486
23.167469,820,3133.395495
83.60403,820,3133.395504
109.01874,820,3133.395513
109.19971,820,3133.395521
62.786533,820,3133.39553
107.98927,820,3197.564259
51.09481,820,3197.564304
72.534805,820,3197.564318
109.19971,820,3197.564329
62.08182,820,3197.564339
109.19971,820,3197.564348
81.28325,820,3197.564357
81.82243,820,3197.564366
22.308575,820,3197.564375
58.664963,820,3197.564384
81.64046,820,3197.564393
27.272312,820,3197.564402
84.606705,820,3197.56441
109.18947,820,3197.56442
109.19971,820,3197.564429
65.62486,820,3197.564438
109.19971,820,3267.34727
64.102234,820,3267.347312
67.057,820,3267.347327
109.19971,820,3267.34734
49.181057,820,3267.347352
109.19971,820,3267.347363
80.66441,820,3267.347374
82.879684,820,3267.347386
34.28011,820,3267.347397
46.76164,820,3267.347408
78.43018,820,3267.34742
34.92379,820,3267.347431
78.92431,820,3267.347442
108.58713,820,3267.347454
109.19971,820,3267.347465
71.75861,820,3267.347476
107.37399,820,3329.383734
60.54006,820,3329.383772
58.093937,820,3329.383788
109.19971,820,3329.383801
51.922783,820,3329.383813
109.19971,820,3329.383825
74.01261,820,3329.383837
95.063034,820,3329.383849
32.919548,820,3329.383905
52.487133,820,3329.383923
81.40638,820,3329.383935
23.09447,820,3329.383946
85.077774,820,3329.383958
107.78391,820,3329.383969
109.19971,820,3329.38398
72.39733,820,3329.383991
109.19971,820,3400.44151
69.50649,820,3400.441552
76.669136,820,3400.441568
109.19971,820,3400.44158
51.592873,820,3400.441591
109.19971,820,3400.441602
81.10973,820,3400.441612
89.74684,820,3400.441623
28.432446,820,3400.441633
48.779335,820,3400.441642
80.24857,820,3400.441652
28.797222,820,3400.441661
86.47628,820,3400.44167
108.261826,820,3400.44168
109.19971,820,3400.44169
74.07959,820,3400.441699
108.153015,820,3469.107604
60.523052,820,3469.107647
67.60415,820,3469.107662
109.19971,820,3469.107673
57.756138,820,3469.107683
109.19971,820,3469.107692
76.000084,820,3469.107701
86.05909,820,3469.10771
34.644527,820,3469.107719
52.219257,820,3469.107728
79.855156,820,3469.107737
27.046644,820,3469.107747
81.915405,820,3469.107755
108.136986,820,3469.107764
109.19971,820,3469.107774
55.087048,820,3469.107782
108.94173,820,3537.626553
55.007553,820,3537.626603
62.57525,820,3537.626618
109.19971,820,3537.626629
64.75235,820,3537.626638
109.19971,820,3537.626647
80.03761,820,3537.626657
83.86027,820,3537.626666
24.413872,820,3537.626676
50.83142,820,3537.626685
81.81253,820,3537.626694
33.697315,820,3537.626704
90.05913,820,3537.626713
109.074486,820,3537.626722
109.19971,820,3537.626734
66.28923,820,3537.626745
109.19971,820,3611.333079
65.277534,820,3611.333119
70.655136,820,3611.333135
109.19971,820,3611.333147
45.122093,820,3611.333158
109.19971,820,3611.333169
78.09075,820,3611.333179
85.0545,820,3611.333189
30.655909,820,3611.333199
42.31612,820,3611.333208
79.24527,820,3611.333218
23.56006,820,3611.333227
83.50696,820,3611.333236
108.93305,820,3611.333246
109.19971,820,3611.333255
71.94613,820,3611.333264
109.19971,820,3675.94981
54.550217,820,3675.949847
69.367065,820,3675.949862
109.19971,820,3675.949874
59.68897,820,3675.949885
109.19971,820,3675.949895
72.17017,820,3675.949905
88.273445,820,3675.949916
30.668636,820,3675.949925
54.893307,820,3675.949935
79.96233,820,3675.949945
30.304573,820,3675.949954
84.112976,820,3675.949963
109.09439,820,3675.949973
109.19971,820,3675.949982
65.8536,820,3675.949991
107.13051,820,3742.733107
71.24348,820,3742.733143
64.84208,820,3742.733158
109.19971,820,3742.73317
61.75038,820,3742.733181
109.19971,820,3742.733191
75.02257,820,3742.733201
86.84275,820,3742.733211
28.232616,820,3742.733221
54.592606,820,3742.733231
81.463,820,3742.73324
22.906996,820,3742.73325
86.68081,820,3742.73326
109.14136,820,3742.733269
109.19971,820,3742.733278
70.288536,820,3742.733288
109.19971,820,3805.012678
70.47058,820,3805.012722
70.77029,820,3805.012737
109.19971,820,3805.01275
66.08507,820,3805.012761
109.19971,820,3805.012773
82.99587,820,3805.012785
88.89446,820,3805.012796
31.005812,820,3805.012808
50.70946,820,3805.012819
80.891014,820,3805.01283
23.300783,820,3805.012842
84.42314,820,3805.012853
108.596794,820,3805.012864
109.19971,820,3805.012876
66.96158,820,3805.012887
107.67917,820,3867.117961
59.173122,820,3867.118006
64.74343,820,3867.118022
109.19971,820,3867.118034
71.799614,820,3867.118045
109.19971,820,3867.118057
77.948265,820,3867.118068
91.46785,820,3867.118079
32.299496,820,3867.11809
50.582676,820,3867.118101
80.017204,820,3867.118113
23.991283,820,3867.118124
86.49186,820,3867.118135
108.56431,820,3867.118147
109.19971,820,3867.118158
70.258194,820,3867.118169
106.72325,820,3934.125087
61.52486,820,3934.125121
61.69154,820,3934.125136
109.19971,820,3934.125148
63.194195,820,3934.125159
109.19971,820,3934.125169
78.33315,820,3934.12518
93.062744,820,3934.12519
27.967154,820,3934.1252
53.245983,820,3934.125209
84.60099,820,3934.125219
28.191462,820,3934.125228
87.50787,820,3934.125237
108.931656,820,3934.125247
109.19971,820,3934.125257
74.09389,820,3934.125266
109.19971,820,3996.492733
69.69586,820,3996.492772
67.964035,820,3996.49279
109.19971,820,3996.492805
67.928276,820,3996.492816
109.19971,820,3996.492827
78.9091,820,3996.492837
91.044136,820,3996.492846
29.119028,820,3996.492856
52.8223,820,3996.492865
87.75704,820,3996.492874
22.980282,820,3996.492884
84.5718,820,3996.492893
108.532104,820,3996.492902
109.19971,820,3996.492912
65.750305,820,3996.492921
109.19971,820,4063.083076
58.37741,820,4063.083116
62.50173,820,4063.083132
109.19971,820,4063.083144
66.32173,820,4063.083155
109.19971,820,4063.083165
78.806244,820,4063.083175
95.74966,820,4063.083186
34.99052,820,4063.083196
60.166473,820,4063.083205
83.215355,820,4063.083215
31.138035,820,4063.083224
89.62692,820,4063.083234
109.19068,820,4063.083243
109.19971,820,4063.083252
73.92779,820,4063.083262
108.152115,820,4125.230015
61.570435,820,4125.230059
68.90929,820,4125.230073
109.19971,820,4125.230083
69.79574,820,4125.230093
109.19971,820,4125.230102
75.334145,820,4125.230111
94.000854,820,4125.23012
34.9521,820,4125.230129
51.549767,820,4125.230138
81.338326,820,4125.230147
31.557606,820,4125.230155
83.98899,820,4125.230165
108.8036,820,4125.230173
109.19971,820,4125.230182
69.36431,820,4125.230191
108.164734,820,4187.469247
69.10118,820,4187.469286
64.93034,820,4187.4693
109.19971,820,4187.469311
61.8073,820,4187.469321
109.19971,820,4187.46933
75.429695,820,4187.469339
91.79069,820,4187.469348
34.39767,820,4187.469357
56.6451,820,4187.469366
81.56539,820,4187.469374
32.20654,820,4187.469383
81.39059,820,4187.469392
108.932434,820,4187.469401
109.19971,820,4187.46941
71.711296,820,4187.469419
109.19971,820,4253.438105
65.38082,820,4253.438143
58.815926,820,4253.438159
109.19971,820,4253.438171
64.911385,820,4253.438182
109.19971,820,4253.438193
80.163795,820,4253.438203
90.9598,820,4253.438212
27.87518,820,4253.438222
58.265854,820,4253.438232
83.43809,820,4253.438241
33.088356,820,4253.438251
81.00641,820,4253.438261
108.68596,820,4253.43827
109.19971,820,4253.438279
70.21768,820,4253.438288
107.95968,820,4315.178006
65.50941,820,4315.178044
71.14527,820,4315.178059
109.19971,820,4315.178071
74.20515,820,4315.178082
109.19971,820,4315.178093
78.693436,820,4315.178103
87.41546,820,4315.178113
31.432354,820,4315.178123
53.870903,820,4315.178133
82.91883,820,4315.178143
32.39207,820,4315.178152
85.9679,820,4315.178161
107.714966,820,4315.178171
109.19971,820,4315.17818
72.09004,820,4315.17819
109.19971,820,4380.794562
69.65175,820,4380.794602
71.2675,820,4380.794618
109.19971,820,4380.79463
62.222473,820,4380.794641
109.19971,820,4380.794652
71.53475,820,4380.794662
87.608574,820,4380.794672
28.74529,820,4380.794682
56.179626,820,4380.794691
78.706245,820,4380.794701
33.018127,820,4380.794711
86.55388,820,4380.79472
109.17892,820,4380.79473
109.19971,820,4380.794739
72.84699,820,4380.794749
109.19971,820,4442.6551
61.378872,820,4442.655137
64.860085,820,4442.655153
109.19971,820,4442.655165
57.737022,820,4442.655175
109.19971,820,4442.655186
77.68451,820,4442.655196
93.98903,820,4442.655206
28.760532,820,4442.655216
56.837597,820,4442.655225
87.21364,820,4442.655235
27.94791,820,4442.655244
86.49051,820,4442.655253
109.16705,820,4442.655262
109.19971,820,4442.655272
68.724724,820,4442.655281
109.19971,820,4504.760611
70.46759,820,4504.760649
70.87023,820,4504.760665
109.19971,820,4504.760676
71.53128,820,4504.760688
109.19971,820,4504.760698
78.76187,820,4504.760708
87.18614,820,4504.760718
32.255505,820,4504.760728
52.76891,820,4504.760738
83.970726,820,4504.760747
25.650541,820,4504.760757
87.515015,820,4504.760767
109.14759,820,4504.760776
109.19971,820,4504.760785
67.86034,820,4504.760795
109.19971,820,4571.338638
62.24829,820,4571.338676
65.926704,820,4571.338691
109.19971,820,4571.338703
68.11229,820,4571.338714
109.19971,820,4571.338724
77.3968,820,4571.338734
86.148506,820,4571.338744
23.81213,820,4571.338754
62.306255,820,4571.338763
86.0326,820,4571.338773
29.14226,820,4571.338783
84.16172,820,4571.338792
108.926994,820,4571.338804
109.19971,820,4571.338816
71.9259,820,4571.338825
109.19971,820,4633.95312
71.04346,820,4633.953159
62.8226,820,4633.953175
109.19971,820,4633.953187
60.900642,820,4633.953197
109.19971,820,4633.953208
77.47063,820,4633.953218
90.56805,820,4633.953228
30.092138,820,4633.953238
52.053654,820,4633.953248
85.539024,820,4633.953258
27.855253,820,4633.953267
88.03712,820,4633.953276
108.79499,820,4633.953285
109.19971,820,4633.953295
71.07574,820,4633.953304
109.19971,820,4702.91008
61.216305,820,4702.91012
68.02278,820,4702.910135
109.19971,820,4702.910147
68.04734,820,4702.910158
109.19971,820,4702.910168
78.31775,820,4702.910179
93.61091,820,4702.910189
26.985718,820,4702.910198
51.055515,820,4702.910208
79.96099,820,4702.910218
37.55835,820,4702.910227
83.61719,820,4702.910236
108.58985,820,4702.910245
109.19971,820,4702.910254
72.02484,820,4702.910264
109.19971,820,4768.048029
66.03901,820,4768.048073
62.99778,820,4768.048088
109.19971,820,4768.048098
69.8226,820,4768.048108
109.19971,820,4768.048117
80.416794,820,4768.048126
82.49019,820,4768.048135
26.659464,820,4768.048143
47.07339,820,4768.048152
87.20205,820,4768.048161
24.867685,820,4768.04817
84.50025,820,4768.048178
108.95493,820,4768.048188
109.19971,820,4768.048196
70.59945,820,4768.048205
107.94979,820,4835.776922
71.73807,820,4835.776965
65.22562,820,4835.77698
109.19971,820,4835.776992
76.45739,820,4835.777004
109.19971,820,4835.777015
77.980255,820,4835.777027
89.22928,820,4835.777038
29.125864,820,4835.777049
50.651997,820,4835.777061
82.4467,820,4835.777072
30.568256,820,4835.777083
84.25796,820,4835.777094
108.892586,820,4835.777106
109.19971,820,4835.777117
73.63305,820,4835.777128
109.19971,820,4907.924318
51.18539,820,4907.924358
65.644295,820,4907.924375
109.19971,820,4907.924388
71.69782,820,4907.924401
109.19971,820,4907.924413
81.102936,820,4907.924425
91.326164,820,4907.924436
25.443333,820,4907.924448
54.890667,820,4907.924459
85.76459,820,4907.92447
28.521347,820,4907.924482
88.84163,820,4907.924493
108.93116,820,4907.924504
109.19971,820,4907.924516
68.319405,820,4907.924527
107.967896,820,4976.902817
67.23326,820,4976.902857
68.61841,820,4976.902872
109.19971,820,4976.902884
74.49424,820,4976.902894
109.19971,820,4976.902905
81.74819,820,4976.902915
85.79143,820,4976.902925
28.965902,820,4976.902934
47.538044,820,4976.902944
85.00859,820,4976.902953
36.78634,820,4976.902963
85.59179,820,4976.902973
108.53859,820,4976.902984
109.19971,820,4976.902995
72.83111,820,4976.903004
107.95931,820,5046.746061
64.01167,820,5046.746116
63.10792,820,5046.746132
109.19971,820,5046.74615
70.57955,820,5046.746177
109.19971,820,5046.746194
77.49751,820,5046.746206
91.88258,820,5046.746217
31.734135,820,5046.746228
59.323925,820,5046.746248
82.550255,820,5046.746274
26.33949,820,5046.746295
89.26522,820,5046.746309
109.19276,820,5046.74632
109.19971,820,5046.746332
73.935005,820,5046.746343
108.14897,820,5112.399518
64.52403,820,5112.39956
70.8334,820,5112.399574
109.19971,820,5112.399585
76.16418,820,5112.399595
109.19971,820,5112.399604
79.47893,820,5112.399613
94.71972,820,5112.399622
28.443455,820,5112.399631
51.004066,820,5112.39964
86.32103,820,5112.399649
37.101604,820,5112.399657
84.81701,820,5112.399666
108.53903,820,5112.399675
109.19971,820,5112.399684
71.54681,820,5112.399693
107.950134,820,5175.823171
68.16992,820,5175.823249
69.23885,820,5175.823267
109.19971,820,5175.823279
72.663765,820,5175.823288
109.19971,820,5175.823297
79.282715,820,5175.823306
89.03093,820,5175.823315
23.829844,820,5175.823324
61.76215,820,5175.823333
83.74416,820,5175.823342
28.48689,820,5175.823351
87.798355,820,5175.823359
109.135956,820,5175.823369
109.19971,820,5175.823377
71.68918,820,5175.823386
108.1582,820,5243.828272
63.171112,820,5243.828308
73.488434,820,5243.828324
109.19971,820,5243.828336
75.2391,820,5243.828347
109.19971,820,5243.828357
76.05059,820,5243.828368
88.69784,820,5243.828378
33.08016,820,5243.82839
59.266884,820,5243.828403
90.613464,820,5243.828413
26.907084,820,5243.828422
82.22274,820,5243.828431
109.18802,820,5243.828441
109.19971,820,5243.82845
71.484375,820,5243.82846
109.19971,820,5306.933973
74.60011,820,5306.934011
65.388725,820,5306.934025
109.19971,820,5306.934037
79.780975,820,5306.934048
109.19971,820,5306.934058
80.170906,820,5306.934068
86.065575,820,5306.934078
31.94023,820,5306.934088
61.16236,820,5306.934098
89.25692,820,5306.934107
26.284906,820,5306.934116
84.44237,820,5306.934126
108.28978,820,5306.934134
109.19971,820,5306.934144
74.606064,820,5306.934153
109.19971,820,5374.728646
50.397213,820,5374.728686
70.68024,820,5374.728702
109.19971,820,5374.728714
73.78005,820,5374.728725
109.19971,820,5374.728735
76.79504,820,5374.728746
88.21687,820,5374.728756
25.831455,820,5374.728766
56.127625,820,5374.728775
89.900475,820,5374.728785
33.04264,820,5374.728794
85.018524,820,5374.728804
108.568275,820,5374.728813
109.19971,820,5374.728822
75.83836,820,5374.728832
108.14794,820,5438.216097
68.52316,820,5438.216138
57.10963,820,5438.216152
109.19971,820,5438.216162
69.08152,820,5438.216172
109.19971,820,5438.216181
78.59203,820,5438.21619
90.99649,820,5438.216199
28.156343,820,5438.216208
66.23852,820,5438.216217
81.98756,820,5438.216226
36.30636,820,5438.216235
79.327095,820,5438.216244
108.59623,820,5438.216253
109.19971,820,5438.216262
71.36026,820,5438.216271
108.15211,820,5502.970641
74.22405,820,5502.970685
63.48047,820,5502.970699
109.19971,820,5502.970709
74.646645,820,5502.970718
109.19971,820,5502.970728
74.819046,820,5502.970737
82.710846,820,5502.970745
29.045736,820,5502.970754
52.705303,820,5502.970763
86.26396,820,5502.970772
35.555443,820,5502.970781
86.19968,820,5502.97079
108.54933,820,5502.970799
109.19971,820,5502.970808
71.854485,820,5502.970817
106.915985,820,5571.728472
57.78969,820,5571.728515
71.4061,820,5571.728529
109.19971,820,5571.728539
73.70109,820,5571.728549
109.19971,820,5571.728558
74.771385,820,5571.728567
85.6164,820,5571.728576
31.859493,820,5571.728585
51.812366,820,5571.728594
85.60521,820,5571.728603
36.390068,820,5571.728612
85.71551,820,5571.728621
108.9774,820,5571.72863
109.19971,820,5571.72864
71.86503,820,5571.728648
109.19971,820,5635.824363
69.92714,820,5635.824402
73.261826,820,5635.824418
109.19971,820,5635.82443
66.555695,820,5635.824442
109.19971,820,5635.824453
82.34642,820,5635.824465
89.40415,820,5635.824476
25.34573,820,5635.824487
54.60196,820,5635.824498
87.676254,820,5635.82451
27.115337,820,5635.824521
84.654755,820,5635.824532
108.853874,820,5635.824543
109.19971,820,5635.824555
73.82012,820,5635.824566
107.10016,820,5710.957461
59.776928,820,5710.957504
68.62908,820,5710.957518
109.19971,820,5710.957529
77.89788,820,5710.957539
109.19971,820,5710.957548
82.49531,820,5710.957557
90.13494,820,5710.957566
35.099693,820,5710.957575
57.60764,820,5710.957584
85.672905,820,5710.957593
33.34796,820,5710.957602
83.43624,820,5710.957611
108.066696,820,5710.95762
109.19971,820,5710.957629
66.186844,820,5710.957639
107.1168,820,5775.39665
67.605774,820,5775.396693
69.49117,820,5775.396708
109.19971,820,5775.396719
81.89405,820,5775.396728
109.19971,820,5775.396737
75.43405,820,5775.396746
97.47394,820,5775.396755
28.726896,820,5775.396764
57.006046,820,5775.396772
81.13111,820,5775.396781
34.28728,820,5775.39679
87.66816,820,5775.396799
108.54578,820,5775.396808
109.19971,820,5775.396816
66.38936,820,5775.396826
107.092125,820,5843.292124
63.712677,820,5843.292168
66.591934,820,5843.292183
109.19971,820,5843.292196
75.62718,820,5843.292207
109.19971,820,5843.292219
74.45208,820,5843.292231
96.109,820,5843.292242
31.177975,820,5843.292253
57.882267,820,5843.292265
85.93338,820,5843.292276
30.409954,820,5843.292288
85.85386,820,5843.292299
108.89083,820,5843.29231
109.19971,820,5843.292322
74.3657,820,5843.292334
108.15441,820,5913.341983
66.68282,820,5913.342022
64.8253,820,5913.342036
109.19971,820,5913.342049
76.182205,820,5913.342061
109.19971,820,5913.342071
78.86382,820,5913.34208
92.726524,820,5913.342089
32.458138,820,5913.342098
58.966503,820,5913.342108
83.69577,820,5913.342116
27.043972,820,5913.342126
86.73631,820,5913.342134
108.6924,820,5913.342143
109.19971,820,5913.342152
74.63072,820,5913.342161
107.96772,820,5976.686012
71.50166,820,5976.686058
65.516754,820,5976.686072
109.19971,820,5976.686083
78.52717,820,5976.686092
109.19971,820,5976.686102
82.123055,820,5976.686111
92.83451,820,5976.68612
25.174545,820,5976.68613
53.93139,820,5976.686139
90.105095,820,5976.686148
28.710495,820,5976.686158
89.44275,820,5976.686167
108.71666,820,5976.686176
109.19971,820,5976.686186
73.467094,820,5976.686195
109.19971,820,6044.244353
51.766464,820,6044.244394
79.058495,820,6044.244409
109.19971,820,6044.244423
73.45547,820,6044.244435
109.19971,820,6044.244447
82.043205,820,6044.244459
92.08083,820,6044.244471
37.341988,820,6044.244482
57.526,820,6044.244494
82.27549,820,6044.244505
23.651453,820,6044.244516
88.80828,820,6044.244527
108.842384,820,6044.244539
109.19971,820,6044.24455
74.06663,820,6044.244561
109.19971,820,6107.179376
62.02365,820,6107.17942
62.929535,820,6107.179434
109.19971,820,6107.179445
75.23186,820,6107.179454
109.19971,820,6107.179463
75.20101,820,6107.179472
92.8082,820,6107.179481
30.415447,820,6107.17949
57.779472,820,6107.179499
87.26909,820,6107.179508
28.219023,820,6107.179517
87.66067,820,6107.179526
109.01112,820,6107.179535
109.19971,820,6107.179544
75.47733,820,6107.179553
108.15387,820,6169.870724
66.884056,820,6169.870764
70.79542,820,6169.870778
109.19971,820,6169.870788
74.22793,820,6169.870797
109.19971,820,6169.870807
82.15004,820,6169.870816
95.78531,820,6169.870825
29.650208,820,6169.870833
62.445103,820,6169.870842
86.57518,820,6169.870851
33.165,820,6169.87086
87.85521,820,6169.870869
108.3929,820,6169.870878
109.19971,820,6169.870887
73.83601,820,6169.870896
107.95703,820,6239.217446
67.35201,820,6239.21749
72.3273,820,6239.217507
109.19971,820,6239.21752
77.21681,820,6239.217532
109.19971,820,6239.217544
76.21406,820,6239.217555
94.00584,820,6239.217566
32.42577,820,6239.217577
54.347992,820,6239.217589
87.28012,820,6239.217601
33.643143,820,6239.217612
85.49345,820,6239.217624
108.63614,820,6239.217635
109.19971,820,6239.217646
71.76769,820,6239.217658
108.168884,820,6303.473332
70.36391,820,6303.473368
67.92926,820,6303.473384
109.19971,820,6303.473397
77.497894,820,6303.47341
109.19971,820,6303.473422
84.24577,820,6303.473433
96.30229,820,6303.473445
29.717152,820,6303.473456
62.501812,820,6303.473467
88.863174,820,6303.473479
24.844213,820,6303.47349
88.25352,820,6303.473501
108.63408,820,6303.473513
109.19971,820,6303.473525
71.33334,820,6303.473536
109.19971,820,6383.509369
54.987488,820,6383.509406
72.46385,820,6383.50942
109.19971,820,6383.509431
74.62993,820,6383.509441
109.19971,820,6383.50945
80.84565,820,6383.509459
96.02669,820,6383.509468
30.085333,820,6383.509477
54.381767,820,6383.509486
84.1576,820,6383.509495
38.030575,820,6383.509504
92.690384,820,6383.509512
108.34901,820,6383.509521
109.19971,820,6383.509531
76.010635,820,6383.509539
108.16331,820,6448.159249
76.326904,820,6448.159293
68.053406,820,6448.159307
109.19971,820,6448.159317
70.517395,820,6448.159327
109.19971,820,6448.159336
76.893845,820,6448.159345
94.99013,820,6448.159354
31.424349,820,6448.159364
56.01633,820,6448.159372
87.22736,820,6448.159381
37.302486,820,6448.15939
87.80239,820,6448.1594
108.94396,820,6448.159409
109.19971,820,6448.159418
74.305275,820,6448.159427
109.19971,820,6514.445868
68.72595,820,6514.445909
67.6152,820,6514.445923
109.19971,820,6514.445933
83.031044,820,6514.445943
109.19971,820,6514.445952
76.91494,820,6514.445961
90.157104,820,6514.44597
33.971478,820,6514.445979
53.32353,820,6514.445988
90.330086,820,6514.445997
40.339306,820,6514.446006
86.43951,820,6514.446015
108.02057,820,6514.446027
109.19971,820,6514.446038
74.166504,820,6514.446048
109.19971,820,6587.530906
67.43294,820,6587.530946
69.64004,820,6587.530962
109.19971,820,6587.530973
75.40749,820,6587.530984
109.19971,820,6587.530994
77.06441,820,6587.531005
98.84962,820,6587.531015
33.52501,820,6587.531025
60.477604,820,6587.531034
86.51809,820,6587.531044
33.189667,820,6587.531053
87.50518,820,6587.531063
109.15067,820,6587.531072
109.19971,820,6587.531081
77.4153,820,6587.531091
109.19971,820,6652.851646
68.01396,820,6652.851686
58.569427,820,6652.851701
109.19971,820,6652.851712
80.83182,820,6652.851723
109.19971,820,6652.851734
81.332115,820,6652.851744
93.03882,820,6652.851753
39.019077,820,6652.851763
63.46129,820,6652.851773
87.66237,820,6652.851782
30.937782,820,6652.851791
84.45323,820,6652.851801
109.18357,820,6652.85181
109.19971,820,6652.851819
76.15276,820,6652.851828
109.19971,820,6724.354923
69.045975,820,6724.354964
63.882595,820,6724.354979
109.19971,820,6724.354991
76.800224,820,6724.355002
109.19971,820,6724.355013
79.40128,820,6724.355023
92.5536,820,6724.355033
31.040003,820,6724.355042
57.320522,820,6724.355052
91.212845,820,6724.355061
36.344948,820,6724.355071
87.19726,820,6724.35508
108.44102,820,6724.355089
109.19971,820,6724.355099
77.53481,820,6724.355108
109.19971,820,6792.297543
60.48113,820,6792.297589
65.96528,820,6792.297603
109.19971,820,6792.297614
79.40935,820,6792.297624
109.19971,820,6792.297633
77.16515,820,6792.297642
95.85942,820,6792.297651
24.647705,820,6792.29766
51.87437,820,6792.297669
90.54089,820,6792.297678
34.489162,820,6792.297687
88.053795,820,6792.297696
108.14857,820,6792.297705
109.19971,820,6792.297714
73.46628,820,6792.297723
108.15838,820,6858.091953
64.774826,820,6858.092012
68.043365,820,6858.092032
109.19971,820,6858.092045
74.740555,820,6858.092057
109.19971,820,6858.092069
77.22138,820,6858.09208
89.5491,820,6858.092092
32.647182,820,6858.092103
62.96285,820,6858.092115
86.58141,820,6858.092126
31.577246,820,6858.092138
89.77699,820,6858.092149
108.28417,820,6858.09216
109.19971,820,6858.092172
71.32662,820,6858.092183
109.19971,820,6927.677972
69.8817,820,6927.678043
60.891594,820,6927.678061
109.19971,820,6927.678072
76.44238,820,6927.678082
109.19971,820,6927.678091
83.89538,820,6927.6781
89.80338,820,6927.678109
36.794315,820,6927.678118
56.249023,820,6927.678128
88.670364,820,6927.678137
42.299614,820,6927.678146
88.13421,820,6927.678154
108.90879,820,6927.678164
109.19971,820,6927.678173
66.17698,820,6927.678181
108.14314,820,6991.677092
66.239334,820,6991.677132
64.41822,820,6991.677148
109.19971,820,6991.677162
77.09664,820,6991.677174
109.19971,820,6991.677187
79.02632,820,6991.677199
94.5757,820,6991.67721
31.95285,820,6991.677222
57.098637,820,6991.677234
84.60014,820,6991.677245
36.22046,820,6991.677257
80.73627,820,6991.677268
107.89039,820,6991.677279
109.19971,820,6991.67729
68.86609,820,6991.677302
106.80678,820,7060.312414
65.659584,820,7060.312456
63.637142,820,7060.312472
109.19971,820,7060.312484
70.0506,820,7060.312495
109.19971,820,7060.312506
78.47316,820,7060.312517
92.9801,820,7060.312528
34.610012,820,7060.312538
60.033005,820,7060.312547
85.79255,820,7060.312557
36.35091,820,7060.312567
88.4352,820,7060.312576
108.85152,820,7060.312586
109.19971,820,7060.312595
67.976494,820,7060.312605
108.1463,820,7124.342151
69.91354,820,7124.342196
65.4404,820,7124.342211
109.19971,820,7124.342221
72.87211,820,7124.342231
109.19971,820,7124.34224
81.98333,820,7124.34225
93.548996,820,7124.342258
34.439907,820,7124.342268
60.100807,820,7124.342277
90.667534,820,7124.342286
35.91173,820,7124.342294
83.95472,820,7124.342303
108.671455,820,7124.342312
109.19971,820,7124.342321
73.22435,820,7124.34233
108.16683,820,7188.339763
63.312267,820,7188.33981
64.534386,820,7188.339825
109.19971,820,7188.339838
80.95959,820,7188.339849
109.19971,820,7188.33986
80.6894,820,7188.339874
91.312904,820,7188.339891
32.02978,820,7188.339911
61.65457,820,7188.339925
93.34002,820,7188.339937
31.99742,820,7188.339948
90.55273,820,7188.33996
108.644,820,7188.339971
109.19971,820,7188.339982
69.08045,820,7188.339993
106.918045,820,7259.53096
66.84873,820,7259.531
67.51858,820,7259.531015
109.19971,820,7259.531027
73.31544,820,7259.531038
109.19971,820,7259.531048
79.48604,820,7259.531058
94.38409,820,7259.531068
28.357426,820,7259.531078
56.6423,820,7259.531088
87.78323,820,7259.531097
34.79839,820,7259.531106
90.64761,820,7259.531115
108.95519,820,7259.531125
109.19971,820,7259.531133
71.6846,820,7259.531143
108.16682,820,7325.551007
71.68055,820,7325.551047
64.81209,820,7325.551062
109.19971,820,7325.551075
82.45881,820,7325.551086
109.19971,820,7325.551096
78.58335,820,7325.551107
93.62596,820,7325.551117
33.2991,820,7325.551127
57.74114,820,7325.551136
86.93307,820,7325.551146
37.447052,820,7325.551156
88.79706,820,7325.551165
109.14394,820,7325.551174
109.19971,820,7325.551183
75.104675,820,7325.551193
106.72396,820,7396.930556
65.69607,820,7396.930604
78.64157,820,7396.93062
109.19971,820,7396.930633
74.12053,820,7396.930647
109.19971,820,7396.93066
77.881615,820,7396.930687
88.0862,820,7396.930709
24.842403,820,7396.930722
59.566425,820,7396.930734
89.41921,820,7396.930746
28.370993,820,7396.930757
90.74142,820,7396.930768
108.74917,820,7396.93078
109.19971,820,7396.930791
75.32624,820,7396.930803
109.19971,820,7464.251275
68.72782,820,7464.25132
66.3192,820,7464.251336
109.19971,820,7464.251348
78.89814,820,7464.25136
109.19971,820,7464.251372
81.48251,820,7464.251383
96.6959,820,7464.251395
33.852547,820,7464.251406
65.956024,820,7464.251417
88.616,820,7464.251428
38.220264,820,7464.251439
88.540184,820,7464.251451
108.99394,820,7464.251462
109.19971,820,7464.251473
75.03807,820,7464.251484
106.90631,820,7529.897908
77.463,820,7529.897966
61.605736,820,7529.897987
109.19971,820,7529.898
77.35953,820,7529.898012
109.19971,820,7529.898024
79.96923,820,7529.898035
94.5811,820,7529.898046
32.03106,820,7529.898057
53.221794,820,7529.898069
88.27694,820,7529.89808
31.402977,820,7529.898091
86.33859,820,7529.898103
108.19167,820,7529.898114
109.19971,820,7529.898126
73.736046,820,7529.898137
108.159966,820,7603.269481
66.002464,820,7603.269516
69.07562,820,7603.26953
109.19971,820,7603.269541
81.498856,820,7603.269551
109.19971,820,7603.26956
78.28632,820,7603.26957
96.889885,820,7603.269579
32.66396,820,7603.269588
58.81279,820,7603.269597
87.43258,820,7603.269606
24.84485,820,7603.269615
85.839195,820,7603.269624
108.957756,820,7603.269632
109.19971,820,7603.269642
76.86381,820,7603.26965
109.19971,820,7667.474945
73.87488,820,7667.474981
58.518494,820,7667.474996
109.19971,820,7667.475008
76.02056,820,7667.475019
109.19971,820,7667.475029
77.72744,820,7667.475039
96.1656,820,7667.475049
30.03579,820,7667.475059
58.23111,820,7667.475069
89.6955,820,7667.475078
34.98315,820,7667.475087
88.15885,820,7667.475096
109.03297,820,7667.475105
109.19971,820,7667.475115
67.94383,820,7667.475124
109.19971,820,7739.007541
69.50604,820,7739.007582
69.74468,820,7739.007597
109.19971,820,7739.007609
66.585915,820,7739.007625
109.19971,820,7739.007636
79.363045,820,7739.007645
91.13276,820,7739.007654
31.170506,820,7739.007663
60.758568,820,7739.007673
93.83507,820,7739.007681
33.07247,820,7739.00769
84.16076,820,7739.007699
108.7938,820,7739.007708
109.19971,820,7739.007717
72.470314,820,7739.007726
108.06028,820,7804.048612
64.91449,820,7804.048658
58.812218,820,7804.048672
109.19971,820,7804.048682
80.72635,820,7804.048692
109.19971,820,7804.048701
74.497734,820,7804.04871
96.368996,820,7804.04872
40.315453,820,7804.048729
56.94834,820,7804.048738
90.11898,820,7804.048747
25.104013,820,7804.048756
89.279274,820,7804.048765
109.068405,820,7804.048774
109.19971,820,7804.048783
81.632675,820,7804.048792
108.41801,820,7871.82573
61.479774,820,7871.825768
67.06438,820,7871.825783
109.19971,820,7871.825795
80.50554,820,7871.825808
109.19971,820,7871.82582
82.87269,820,7871.825831
95.0729,820,7871.825842
29.84517,820,7871.825851
59.338913,820,7871.825861
89.52395,820,7871.825871
34.332314,820,7871.82588
84.86726,820,7871.825889
108.158714,820,7871.825898
109.19971,820,7871.825907
79.056755,820,7871.825917
107.12941,820,7947.530118
64.60743,820,7947.530152
65.38345,820,7947.530166
109.19971,820,7947.530178
73.271454,820,7947.53019
109.19971,820,7947.5302
78.38521,820,7947.53021
96.35999,820,7947.53022
43.98237,820,7947.53023
59.645042,820,7947.530239
92.379166,820,7947.530249
29.591366,820,7947.530258
84.48399,820,7947.530267
109.18125,820,7947.530276
109.19971,820,7947.530286
75.57041,820,7947.530295
107.95688,820,8016.559709
65.81508,820,8016.559752
56.739826,820,8016.559765
109.19971,820,8016.559775
65.895676,820,8016.559784
109.19971,820,8016.559794
76.715096,820,8016.559803
96.537,820,8016.559812
35.73715,820,8016.559821
63.046432,820,8016.55983
90.57726,820,8016.55984
36.52354,820,8016.559849
86.26357,820,8016.559858
108.64762,820,8016.559867
109.19971,820,8016.559877
76.04883,820,8016.559886
109.19971,820,8093.544923
74.74867,820,8093.544964
59.610577,820,8093.54498
109.19971,820,8093.544994
78.72619,820,8093.545004
109.19971,820,8093.545013
79.32784,820,8093.545022
96.350174,820,8093.545031
33.904022,820,8093.54504
57.42576,820,8093.545049
91.34767,820,8093.545058
39.277256,820,8093.545067
87.18965,820,8093.545076
109.14843,820,8093.545085
109.19971,820,8093.545094
79.105,820,8093.545102
108.133385,820,8163.248601
72.37552,820,8163.248642
59.960987,820,8163.248656
109.19971,820,8163.248667
81.31361,820,8163.248676
109.19971,820,8163.248686
79.84157,820,8163.248695
93.725784,820,8163.248703
30.456615,820,8163.248713
59.22767,820,8163.248721
91.48971,820,8163.24873
39.526684,820,8163.24874
85.953674,820,8163.248749
108.2899,820,8163.248758
109.19971,820,8163.248766
75.515656,820,8163.248775
108.15211,820,8227.227086
67.20355,820,8227.227124
68.09074,820,8227.22714
109.19971,820,8227.227154
69.70336,820,8227.227166
109.19971,820,8227.227183
77.37646,820,8227.227195
96.30828,820,8227.227206
30.879879,820,8227.227218
59.986603,820,8227.227229
94.16344,820,8227.22724
25.133705,820,8227.227251
87.34993,820,8227.227262
108.88027,820,8227.227273
109.19971,820,8227.227285
73.18938,820,8227.227296
107.960594,820,8301.122409
72.29598,820,8301.122448
58.67579,820,8301.122462
109.19971,820,8301.122472
78.0863,820,8301.122482
109.19971,820,8301.122491
78.69092,820,8301.1225
94.76117,820,8301.122509
25.10624,820,8301.122518
55.98382,820,8301.122526
92.38759,820,8301.122535
35.534214,820,8301.122545
89.00577,820,8301.122554
109.18181,820,8301.122563
109.19971,820,8301.122572
75.284325,820,8301.122581
109.19971,820,8367.487289
68.30138,820,8367.487331
64.87896,820,8367.487345
109.19971,820,8367.487355
71.19198,820,8367.487365
109.19971,820,8367.487374
76.76914,820,8367.487383
94.15136,820,8367.487391
31.54106,820,8367.4874
53.436226,820,8367.487409
88.91937,820,8367.487418
38.041073,820,8367.487426
87.1756,820,8367.487435
108.06538,820,8367.487444
109.19971,820,8367.487453
78.53559,820,8367.487461
109.19971,820,8442.416682
60.742767,820,8442.416723
60.366974,820,8442.416739
109.19971,820,8442.416749
77.10354,820,8442.416759
109.19971,820,8442.416768
77.18352,820,8442.416777
94.91341,820,8442.416786
30.506393,820,8442.416795
51.817127,820,8442.416803
91.97632,820,8442.416812
38.46856,820,8442.416821
86.789505,820,8442.41683
107.72144,820,8442.416839
109.19971,820,8442.416848
68.89199,820,8442.416857
109.19971,820,8509.165629
74.16953,820,8509.165673
67.748505,820,8509.165687
109.19971,820,8509.165698
79.63982,820,8509.165707
109.19971,820,8509.165716
74.59158,820,8509.165725
99.925255,820,8509.165733
31.046501,820,8509.165742
58.633045,820,8509.165752
90.95406,820,8509.165761
32.83485,820,8509.165769
87.67132,820,8509.165778
108.40597,820,8509.165787
109.19971,820,8509.165796
79.59168,820,8509.165807
106.62212,820,8572.054067
68.4454,820,8572.054109
68.11326,820,8572.054124
109.19971,820,8572.054137
79.66979,820,8572.054149
109.19971,820,8572.05416
85.5565,820,8572.054172
96.68774,820,8572.054183
37.489395,820,8572.054194
61.292793,820,8572.054206
90.43231,820,8572.054217
38.8518,820,8572.054228
87.86766,820,8572.054239
109.119385,820,8572.05425
109.19971,820,8572.054262
70.40001,820,8572.054273
109.13913,820,8643.691739
65.32822,820,8643.691779
64.21872,820,8643.691794
109.19971,820,8643.691806
74.420006,820,8643.691818
109.19971,820,8643.691829
79.65054,820,8643.691841
96.28151,820,8643.691852
33.28937,820,8643.691863
64.46801,820,8643.691874
89.5926,820,8643.691885
33.393364,820,8643.691896
89.51587,820,8643.691907
108.97587,820,8643.691919
109.19971,820,8643.69193
70.663414,820,8643.691941
109.19971,820,8711.083353
58.331295,820,8711.083392
58.67968,820,8711.083406
109.19971,820,8711.083417
76.91311,820,8711.083427
109.19971,820,8711.083436
82.12812,820,8711.083445
94.81777,820,8711.083453
33.435543,820,8711.083462
60.06718,820,8711.083471
92.2576,820,8711.08348
35.209293,820,8711.083489
87.57129,820,8711.083498
108.857895,820,8711.083507
109.19971,820,8711.083516
71.07391,820,8711.083525
109.19971,820,8782.707284
65.13479,820,8782.707344
65.38455,820,8782.70736
109.19971,820,8782.707371
66.47922,820,8782.707381
109.19971,820,8782.707391
76.42253,820,8782.7074
93.41055,820,8782.707409
36.867706,820,8782.707418
60.93821,820,8782.707427
85.883865,820,8782.707436
35.266144,820,8782.707445
88.55562,820,8782.707454
108.40137,820,8782.707463
109.19971,820,8782.707472
80.05434,820,8782.707481
107.18821,820,8848.553794
73.95132,820,8848.553838
74.007614,820,8848.553853
109.19971,820,8848.553865
66.914604,820,8848.553877
109.19971,820,8848.553889
77.59529,820,8848.5539
94.072624,820,8848.553911
35.682686,820,8848.553922
59.860744,820,8848.553934
90.865524,820,8848.553945
31.346426,820,8848.553956
86.65361,820,8848.553967
107.75328,820,8848.553979
109.19971,820,8848.55399
76.15674,820,8848.554002
107.95963,820,8913.062198
71.01888,820,8913.062237
67.377556,820,8913.062253
109.19971,820,8913.062266
73.94473,820,8913.062279
109.19971,820,8913.062292
78.0518,820,8913.062303
96.858,820,8913.062315
37.821846,820,8913.062326
59.24656,820,8913.062338
93.81864,820,8913.062349
37.50839,820,8913.06236
89.06029,820,8913.062372
108.23644,820,8913.062383
109.19971,820,8913.062394
75.87845,820,8913.062406
108.16461,820,8986.041429
58.95145,820,8986.041469
72.64959,820,8986.041483
109.19971,820,8986.041494
74.02989,820,8986.041503
109.19971,820,8986.041512
81.58692,820,8986.041522
98.37441,820,8986.04153
34.22685,820,8986.041539
63.688305,820,8986.041548
89.33934,820,8986.041557
39.910286,820,8986.041567
88.29582,820,8986.041575
108.66241,820,8986.041584
109.19971,820,8986.041593
74.92837,820,8986.041602
109.19971,820,9051.798756
61.8032,820,9051.7988
67.83447,820,9051.798815
109.19971,820,9051.798827
72.56563,820,9051.798838
109.19971,820,9051.798848
80.20836,820,9051.798859
97.093925,820,9051.798869
35.057377,820,9051.798879
59.785362,820,9051.798888
88.77316,820,9051.798898
35.625088,820,9051.798908
90.94722,820,9051.798917
109.18821,820,9051.798926
109.19971,820,9051.798936
74.16472,820,9051.798945
109.19971,820,9122.667006
73.238884,820,9122.66705
65.83266,820,9122.667065
109.19971,820,9122.667076
81.10166,820,9122.667085
109.19971,820,9122.667095
78.779236,820,9122.667104
95.71955,820,9122.667114
40.444584,820,9122.667123
57.18251,820,9122.667132
90.57781,820,9122.667141
32.74097,820,9122.66715
83.42777,820,9122.667159
109.17686,820,9122.667168
109.19971,820,9122.667177
80.404755,820,9122.667186
109.19971,820,9189.943819
65.40089,820,9189.943861
55.961945,820,9189.943877
109.19971,820,9189.943889
78.36673,820,9189.943901
109.19971,820,9189.943912
80.61883,820,9189.943923
95.93016,820,9189.943934
39.651646,820,9189.943946
64.12309,820,9189.943957
91.440544,820,9189.943968
29.066727,820,9189.943982
88.85125,820,9189.943996
109.03638,820,9189.944008
109.19971,820,9189.944019
74.20921,820,9189.944031
105.684166,820,9253.154714
64.96213,820,9253.154752
71.07229,820,9253.154768
109.19971,820,9253.15478
78.727875,820,9253.154792
109.19971,820,9253.154802
84.250595,820,9253.154813
99.13835,820,9253.154823
39.678387,820,9253.154833
66.01956,820,9253.154842
90.923256,820,9253.154852
36.043285,820,9253.154861
84.36342,820,9253.154871
108.148994,820,9253.15488
109.19971,820,9253.15489
78.814415,820,9253.154899
107.96023,820,9322.344086
70.3558,820,9322.344125
66.99723,820,9322.344138
109.19971,820,9322.344151
74.70987,820,9322.344161
109.19971,820,9322.34417
77.846954,820,9322.344179
99.572525,820,9322.344188
34.718765,820,9322.344198
66.9918,820,9322.344207
91.586334,820,9322.344216
35.5631,820,9322.344224
84.85395,820,9322.344233
108.992455,820,9322.344242
109.19971,820,9322.344251
77.177185,820,9322.34426
109.19971,820,9389.300102
68.168465,820,9389.300145
71.64209,820,9389.300161
109.19971,820,9389.300175
72.35416,820,9389.300187
109.19971,820,9389.3002
82.10122,820,9389.300211
101.00696,820,9389.300223
32.827282,820,9389.300234
58.8813,820,9389.300246
89.25597,820,9389.300257
37.52563,820,9389.300269
87.37885,820,9389.30028
109.037735,820,9389.300291
109.19971,820,9389.300303
78.9202,820,9389.300314
109.19971,820,9461.809757
64.906235,820,9461.8098
65.932915,820,9461.809815
109.19971,820,9461.809826
82.573845,820,9461.809835
109.19971,820,9461.809844
80.338394,820,9461.809853
97.49207,820,9461.809862
32.76717,820,9461.809871
64.75109,820,9461.809881
91.46426,820,9461.80989
39.647774,820,9461.809899
89.84537,820,9461.809909
107.82371,820,9461.809918
109.19971,820,9461.809927
75.200966,820,9461.809936
108.47627,820,9531.607943
59.98653,820,9531.607985
65.36941,820,9531.607999
109.19971,820,9531.608009
81.8777,820,9531.608019
109.19971,820,9531.608028
74.98997,820,9531.608037
97.86936,820,9531.608046
38.976734,820,9531.608055
59.968002,820,9531.608064
91.16593,820,9531.608073
30.538467,820,9531.608082
91.61436,820,9531.608091
109.19971,820,9531.6081
109.19971,820,9531.60811
79.36558,820,9531.608119
108.395035,820,9596.053607
68.34882,820,9596.053646
71.23764,820,9596.053662
109.19971,820,9596.053674
82.92101,820,9596.053685
109.19971,820,9596.053696
78.20054,820,9596.053706
98.40047,820,9596.053717
30.201462,820,9596.053726
60.749023,820,9596.053736
93.8907,820,9596.053748
30.525558,820,9596.05376
88.71782,820,9596.053769
108.90618,820,9596.053778
109.19971,820,9596.053787
81.554794,820,9596.053796
107.95773,820,9668.577292
66.75302,820,9668.577336
67.797485,820,9668.577351
109.19971,820,9668.577364
76.11589,820,9668.577375
109.19971,820,9668.577385
81.078896,820,9668.577396
98.28127,820,9668.577406
37.649456,820,9668.577416
58.670193,820,9668.577426
90.16379,820,9668.577435
29.646534,820,9668.577445
86.570335,820,9668.577454
108.98847,820,9668.577463
109.19971,820,9668.577472
72.15416,820,9668.577482
109.19971,820,9732.455928
63.949104,820,9732.455965
69.09306,820,9732.455979
109.19971,820,9732.455989
79.05524,820,9732.455998
109.19971,820,9732.456008
83.28209,820,9732.456017
99.82087,820,9732.456026
35.91312,820,9732.456035
61.03529,820,9732.456044
90.24967,820,9732.456053
31.8861,820,9732.456061
86.974884,820,9732.45607
108.937904,820,9732.456079
109.19971,820,9732.456089
74.81563,820,9732.456098
105.856,820,9800.200387
67.71394,820,9800.200431
73.877655,820,9800.200453
109.19971,820,9800.200475
75.383125,820,9800.200486
109.19971,820,9800.200495
80.09028,820,9800.200504
99.60007,820,9800.200513
32.9219,820,9800.200522
55.832764,820,9800.200531
92.20945,820,9800.200541
44.104546,820,9800.200549
90.51073,820,9800.200558
108.8364,820,9800.200567
109.19971,820,9800.200576
75.19367,820,9800.200585
106.90854,820,9862.747682
68.29318,820,9862.747722
74.77031,820,9862.747738
109.19971,820,9862.74775
79.35673,820,9862.747761
109.19971,820,9862.747772
78.66756,820,9862.747786
99.51023,820,9862.747798
36.597366,820,9862.747809
63.747658,820,9862.747819
96.1348,820,9862.747828
33.579433,820,9862.747838
88.049835,820,9862.747848
109.19971,820,9862.747857
109.19971,820,9862.747866
76.24157,820,9862.747876
108.17066,820,9925.094891
70.16872,820,9925.094929
65.799416,820,9925.094944
109.19971,820,9925.094955
67.57677,820,9925.094966
109.19971,820,9925.094976
82.44062,820,9925.094986
98.12914,820,9925.094996
37.738297,820,9925.095006
60.706223,820,9925.095016
91.07637,820,9925.095031
41.35245,820,9925.095055
88.845184,820,9925.095068
108.7801,820,9925.09508
109.19971,820,9925.095092
76.671165,820,9925.095103
105.54973,820,9991.936655
64.57651,820,9991.936692
72.91898,820,9991.936706
109.19971,820,9991.936718
78.07613,820,9991.936729
109.19971,820,9991.936739
81.719154,820,9991.936749
98.601425,820,9991.936759
35.794624,820,9991.936769
58.489967,820,9991.936778
90.66092,820,9991.936788
36.817623,820,9991.936797
86.53392,820,9991.936806
109.16527,820,9991.936816
109.19971,820,9991.936825
77.10592,820,9991.936834
109.19971,820,10055.735446
64.38159,820,10055.735487
62.959797,820,10055.7355
109.19971,820,10055.735512
79.23881,820,10055.735521
109.19971,820,10055.735531
79.40939,820,10055.73554
100.93485,820,10055.735549
37.53087,820,10055.735559
56.728306,820,10055.735568
91.3549,820,10055.735577
40.504494,820,10055.735586
90.38898,820,10055.735595
108.9133,820,10055.735604
109.19971,820,10055.735614
79.034904,820,10055.735623
109.19971,820,10124.292756
69.69603,820,10124.2928
67.18179,820,10124.292815
109.19971,820,10124.292826
81.499435,820,10124.292836
109.19971,820,10124.292845
79.86869,820,10124.292854
97.82251,820,10124.292863
30.83343,820,10124.292872
59.646534,820,10124.292881
89.88431,820,10124.29289
31.469288,820,10124.292899
87.90148,820,10124.292908
108.65024,820,10124.292917
109.19971,820,10124.292926
81.257545,820,10124.292935
109.19971,820,10192.828175
69.37634,820,10192.828217
67.31091,820,10192.828233
109.19971,820,10192.828247
85.683685,820,10192.82826
109.19971,820,10192.828272
82.56129,820,10192.828284
99.135475,820,10192.828296
34.053368,820,10192.828308
56.81823,820,10192.828319
91.70764,820,10192.828331
43.20263,820,10192.828343
88.52759,820,10192.828354
108.80104,820,10192.828366
109.19971,820,10192.828377
77.891106,820,10192.828389
109.19971,820,10258.415374
77.40289,820,10258.415411
67.30715,820,10258.415425
109.19971,820,10258.415435
77.040085,820,10258.415445
109.19971,820,10258.415454
80.20158,820,10258.415463
97.76285,820,10258.415472
35.67794,820,10258.415481
65.335175,820,10258.41549
87.79458,820,10258.4155
35.320408,820,10258.415509
89.42102,820,10258.415518
108.92911,820,10258.415527
109.19971,820,10258.415536
80.8927,820,10258.415545
109.19971,820,10327.068788
69.342384,820,10327.068831
64.1947,820,10327.068846
109.19971,820,10327.068858
76.40146,820,10327.068869
109.19971,820,10327.06888
78.49556,820,10327.068891
94.61355,820,10327.068901
29.225273,820,10327.068911
59.47289,820,10327.068921
94.016846,820,10327.06893
34.991558,820,10327.06894
84.53437,820,10327.06895
108.34881,820,10327.06896
109.19971,820,10327.068969
75.30877,820,10327.068979
106.7041,820,10396.640589
73.25064,820,10396.640629
69.45195,820,10396.640645
109.19971,820,10396.640657
71.96041,820,10396.640668
109.19971,820,10396.640679
79.84359,820,10396.640689
96.7632,820,10396.6407
32.15413,820,10396.64071
63.06545,820,10396.64072
92.48407,820,10396.640729
41.999237,820,10396.640739
87.18654,820,10396.640748
109.148094,820,10396.640758
109.19971,820,10396.640767
79.35447,820,10396.640776
