#{"t_start": 1755460463.605302, "env_id": "None"}
r,l,t
109.33304,820,81.589081
-414.72116,820,81.589173
104.32127,820,81.58921
109.33304,820,81.589237
59.227005,820,81.589262
109.33304,820,81.589285
-124.258385,820,81.589308
59.29684,820,81.589331
-493.00735,820,81.589354
-238.33566,820,81.589376
-369.49875,820,81.589399
-190.31932,820,81.589422
-58.366024,820,81.589445
109.223595,820,81.589467
109.33304,820,81.58949
18.612074,820,81.589512
109.097435,820,155.479378
-282.11194,820,155.479459
103.69321,820,155.479491
109.33304,820,155.479517
35.032223,820,155.479542
109.33304,820,155.479565
-88.420784,820,155.479589
69.388756,820,155.479612
-553.9372,820,155.479635
-212.63867,820,155.479658
-165.61389,820,155.479682
-136.55983,820,155.481735
-66.41809,820,155.481761
109.30366,820,155.481778
109.33304,820,155.481792
-26.639116,820,155.481806
109.0602,820,236.853669
-95.6642,820,236.853725
104.40982,820,236.853746
109.33304,820,236.853762
54.00052,820,236.853778
109.33304,820,236.853792
-19.598545,820,236.853806
73.636185,820,236.85382
-409.1284,820,236.853834
-148.50543,820,236.853847
-283.411,820,236.853861
-84.05288,820,236.853874
-61.44712,820,236.853887
109.28867,820,236.853906
109.33304,820,236.853919
-73.53778,820,236.853932
109.33304,820,310.353271
-62.421394,820,310.353323
94.47702,820,310.353344
109.33304,820,310.35336
41.074306,820,310.353375
109.33304,820,310.35339
-14.451356,820,310.353405
46.170574,820,310.353418
-485.3088,820,310.353431
-67.503136,820,310.353445
-147.5606,820,310.353459
-21.639923,820,310.353472
-0.9856674,820,310.353485
109.23089,820,310.353498
109.33304,820,310.353511
6.912647,820,310.353524
109.33304,820,391.48138
-53.129734,820,391.481435
105.30138,820,391.481456
109.33304,820,391.481473
28.941664,820,391.481488
109.33304,820,391.481503
-91.39987,820,391.481518
51.779175,820,391.481532
-669.21234,820,391.481545
-150.47592,820,391.481559
-76.880394,820,391.481572
-11.562227,820,391.481585
-19.603746,820,391.481598
109.2325,820,391.481611
109.33304,820,391.481624
-5.5758142,820,391.481637
109.33304,820,464.567307
-42.891857,820,464.567361
104.53442,820,464.56738
109.33304,820,464.567395
46.58169,820,464.567409
109.33304,820,464.567422
-32.02311,820,464.567434
58.109238,820,464.567447
-194.26903,820,464.56746
-7.677843,820,464.567472
-54.667442,820,464.567485
3.6424658,820,464.567498
21.33876,820,464.56751
109.27463,820,464.567523
109.33304,820,464.567536
1.6239727,820,464.567548
109.33304,820,537.506325
-23.36029,820,537.506377
103.518936,820,537.506397
109.33304,820,537.506414
59.36605,820,537.506429
109.33304,820,537.506444
-20.16261,820,537.506459
64.571785,820,537.506473
-214.85886,820,537.506486
-41.18961,820,537.506501
-17.665422,820,537.506515
23.376577,820,537.506528
16.151314,820,537.506542
109.33018,820,537.506555
109.33304,820,537.506568
38.99279,820,537.506581
108.82422,820,618.097306
-61.324505,820,618.097358
103.757576,820,618.097378
109.33304,820,618.097396
31.644802,820,618.097412
109.33304,820,618.097427
-11.324466,820,618.097442
73.62645,820,618.097456
-237.83176,820,618.09747
-43.459827,820,618.097484
-46.59939,820,618.097498
-19.713425,820,618.097511
35.739662,820,618.097525
109.11715,820,618.097538
109.33304,820,618.097551
15.164941,820,618.097564
109.05899,820,691.194861
-40.64035,820,691.194912
103.60715,820,691.19493
109.33304,820,691.194945
34.14262,820,691.194958
109.33304,820,691.194971
3.4438653,820,691.194983
81.165054,820,691.194996
-183.30132,820,691.195009
4.444392,820,691.195022
-27.979536,820,691.195035
22.815441,820,691.195048
26.540586,820,691.195061
109.184685,820,691.195073
109.33304,820,691.195086
15.171311,820,691.195099
109.294365,820,771.187293
-45.745956,820,771.187345
105.23807,820,771.187366
109.33304,820,771.187382
61.369045,820,771.187397
109.33304,820,771.187411
38.26878,820,771.187425
79.999176,820,771.187438
-205.02426,820,771.187452
-35.372974,820,771.187465
-32.581593,820,771.187481
24.082067,820,771.187495
42.09294,820,771.187553
109.329865,820,771.187573
109.33304,820,771.187587
30.710052,820,771.187599
109.248665,820,843.860365
18.236403,820,843.860419
104.66839,820,843.860438
109.33304,820,843.860452
31.293154,820,843.860465
109.33304,820,843.860478
34.554474,820,843.860491
72.19383,820,843.860504
-131.20056,820,843.860517
11.517007,820,843.86053
22.224697,820,843.860543
40.717278,820,843.860556
67.46062,820,843.860569
109.25789,820,843.860582
109.33304,820,843.860595
39.46946,820,843.860607
109.092766,820,916.422752
33.977196,820,916.422803
104.82946,820,916.422823
109.33304,820,916.422837
35.44707,820,916.42285
109.33304,820,916.422863
38.979603,820,916.422876
79.69353,820,916.422889
-190.94572,820,916.422901
22.303005,820,916.422914
16.446703,820,916.422927
28.64447,820,916.422939
50.42246,820,916.422952
109.22026,820,916.422965
109.33304,820,916.422978
25.682743,820,916.42299
109.0845,820,995.516908
5.190688,820,995.51696
105.62781,820,995.516979
109.33304,820,995.516994
58.741512,820,995.517007
109.33304,820,995.51702
37.97163,820,995.517033
71.72655,820,995.517045
-151.15337,820,995.517058
30.234089,820,995.517071
49.015125,820,995.517083
37.19747,820,995.517096
64.08277,820,995.517108
109.33304,820,995.517121
109.33304,820,995.517133
27.180563,820,995.517146
109.33304,820,1068.773371
15.499228,820,1068.773423
103.38841,820,1068.773442
109.33304,820,1068.773456
65.869316,820,1068.77347
109.33304,820,1068.773484
59.791733,820,1068.773496
81.649155,820,1068.773509
-112.15258,820,1068.773522
24.527325,820,1068.773535
64.18436,820,1068.773548
52.720978,820,1068.773561
57.937904,820,1068.773573
109.28247,820,1068.773586
109.33304,820,1068.773598
40.94815,820,1068.773611
108.6559,820,1148.873994
51.307327,820,1148.874046
101.50708,820,1148.874065
109.33304,820,1148.874079
31.530502,820,1148.874093
109.33304,820,1148.874105
58.468033,820,1148.874118
79.03442,820,1148.874131
-65.65824,820,1148.874144
17.195148,820,1148.874156
45.068962,820,1148.874169
41.918056,820,1148.874182
56.669277,820,1148.874194
109.3217,820,1148.874207
109.33304,820,1148.87422
34.070557,820,1148.874232
108.76041,820,1221.198221
63.05775,820,1221.198272
104.176544,820,1221.198291
109.33304,820,1221.198305
19.6456,820,1221.198319
109.33304,820,1221.198332
54.91523,820,1221.198345
86.01415,820,1221.198359
-69.56754,820,1221.198373
38.394833,820,1221.198386
60.33059,820,1221.198399
43.11245,820,1221.198412
65.353836,820,1221.198424
109.33304,820,1221.198437
109.33304,820,1221.19845
45.781845,820,1221.198463
107.54385,820,1293.313813
11.435133,820,1293.313864
104.50801,820,1293.313882
109.33304,820,1293.313897
-68.112,820,1293.31391
109.33304,820,1293.313924
53.827,820,1293.313937
86.57078,820,1293.31395
-54.326275,820,1293.313963
18.907906,820,1293.313976
66.8748,820,1293.313988
48.77387,820,1293.314001
66.29084,820,1293.314013
109.24766,820,1293.314025
109.33304,820,1293.314038
59.8053,820,1293.31405
109.33304,820,1373.113805
51.772675,820,1373.113858
103.9488,820,1373.113878
109.33304,820,1373.113894
43.170773,820,1373.11391
109.33304,820,1373.113925
58.56412,820,1373.113939
85.58827,820,1373.113953
-19.784569,820,1373.113966
51.26822,820,1373.113979
64.77343,820,1373.113992
58.543312,820,1373.114005
67.84787,820,1373.114018
109.24409,820,1373.114031
109.33304,820,1373.114044
50.82579,820,1373.114057
108.515976,820,1445.148928
57.31186,820,1445.14898
102.5435,820,1445.148998
109.33304,820,1445.149013
57.656948,820,1445.149026
109.33304,820,1445.149039
67.67444,820,1445.149052
88.37144,820,1445.149065
-59.191452,820,1445.149077
47.793922,820,1445.149091
68.64047,820,1445.149103
54.503483,820,1445.149116
74.71291,820,1445.149128
109.282555,820,1445.149141
109.33304,820,1445.149154
57.91794,820,1445.149167
109.250374,820,1524.169797
71.06601,820,1524.169848
102.22244,820,1524.169867
109.33304,820,1524.169882
44.388233,820,1524.169895
109.33304,820,1524.169908
64.2125,820,1524.16992
85.05432,820,1524.169983
-19.961214,820,1524.170003
56.857937,820,1524.170017
69.190926,820,1524.170031
54.726234,820,1524.170044
75.89443,820,1524.170057
109.23779,820,1524.17007
109.33304,820,1524.170083
53.32762,820,1524.170096
109.250084,820,1596.120261
35.959206,820,1596.120313
104.38278,820,1596.120335
109.33304,820,1596.120351
-4.7289543,820,1596.120367
109.33304,820,1596.120382
63.003883,820,1596.120396
81.2535,820,1596.12041
-10.980204,820,1596.120424
57.776726,820,1596.120437
72.37008,820,1596.12045
60.53491,820,1596.120464
74.504105,820,1596.120476
109.2845,820,1596.12049
109.33304,820,1596.120503
61.444817,820,1596.120517
109.33304,820,1667.625624
28.921665,820,1667.625678
103.92843,820,1667.625697
109.33304,820,1667.625711
-31.836018,820,1667.625725
109.33304,820,1667.625738
64.16369,820,1667.625751
82.79175,820,1667.625764
-1.6571437,820,1667.625777
52.88348,820,1667.62579
73.06613,820,1667.625803
57.87427,820,1667.625816
80.54846,820,1667.625829
109.253105,820,1667.625842
109.33304,820,1667.625854
64.83026,820,1667.625867
109.33304,820,1746.517246
70.54146,820,1746.517293
105.78091,820,1746.517314
109.33304,820,1746.517331
-14.810333,820,1746.517347
109.33304,820,1746.517361
66.64949,820,1746.517376
89.043526,820,1746.517389
-3.3915157,820,1746.517403
57.70921,820,1746.517416
66.3562,820,1746.51743
53.70475,820,1746.517443
74.0276,820,1746.517457
109.27645,820,1746.51747
109.33304,820,1746.517483
70.92642,820,1746.517496
109.289856,820,1818.338367
73.33059,820,1818.338419
104.49089,820,1818.338438
109.33304,820,1818.338452
56.145515,820,1818.338466
109.33304,820,1818.338479
65.45892,820,1818.338492
86.3702,820,1818.338505
2.6846633,820,1818.338517
55.722546,820,1818.33853
69.508354,820,1818.338543
58.15053,820,1818.338556
78.10978,820,1818.338568
109.2255,820,1818.33858
109.33304,820,1818.338593
65.02583,820,1818.338606
108.663605,820,1897.976915
65.805275,820,1897.976967
105.00497,820,1897.976986
109.33304,820,1897.977001
48.573982,820,1897.977015
109.33304,820,1897.977028
63.342148,820,1897.977041
87.84925,820,1897.977054
-2.4173267,820,1897.977067
54.619385,820,1897.97708
81.813065,820,1897.977093
48.408485,820,1897.977106
74.89175,820,1897.977119
109.31559,820,1897.977134
109.33304,820,1897.977147
64.648285,820,1897.97716
109.094376,820,1969.745764
71.44224,820,1969.745815
103.38892,820,1969.745836
109.33304,820,1969.745853
76.45472,820,1969.745869
109.33304,820,1969.745884
73.16181,820,1969.745898
86.04631,820,1969.745911
2.1439638,820,1969.745925
56.630672,820,1969.745938
76.52957,820,1969.745951
54.645836,820,1969.745964
80.578026,820,1969.745977
109.245735,820,1969.74599
109.33304,820,1969.746003
72.781715,820,1969.746016
109.25144,820,2041.41175
75.210594,820,2041.411801
103.22805,820,2041.41182
109.33304,820,2041.411834
65.329834,820,2041.411848
109.33304,820,2041.411861
67.19961,820,2041.411874
87.70544,820,2041.411886
9.543015,820,2041.411899
53.499935,820,2041.411911
73.39962,820,2041.411924
64.77681,820,2041.411937
80.48501,820,2041.41195
109.1646,820,2041.411962
109.33304,820,2041.411975
61.301613,820,2041.41199
109.25196,820,2120.900878
80.023796,820,2120.90093
104.43265,820,2120.90095
109.33304,820,2120.900968
72.40813,820,2120.900983
109.33304,820,2120.900998
75.59292,820,2120.901013
86.63027,820,2120.901027
22.687,820,2120.901041
58.72332,820,2120.901054
79.607834,820,2120.901067
67.38445,820,2120.901081
83.66623,820,2120.901094
109.309395,820,2120.901107
109.33304,820,2120.901121
67.742516,820,2120.901135
108.41338,820,2192.526723
74.85531,820,2192.526775
105.61111,820,2192.526796
109.33304,820,2192.526812
67.23479,820,2192.526827
109.33304,820,2192.526842
66.72984,820,2192.526856
86.41306,820,2192.52687
16.613436,820,2192.526883
66.50448,820,2192.526896
63.905598,820,2192.526909
61.671093,820,2192.526922
80.34771,820,2192.526935
109.33304,820,2192.526948
109.33304,820,2192.526961
66.218185,820,2192.526974
108.66616,820,2271.669805
77.374886,820,2271.669865
105.86578,820,2271.669888
109.33304,820,2271.669904
42.94778,820,2271.669918
109.33304,820,2271.669931
72.232475,820,2271.669944
90.49849,820,2271.669956
16.938944,820,2271.669969
63.704685,820,2271.669982
77.85346,820,2271.669995
56.48891,820,2271.670007
86.311066,820,2271.67002
109.218285,820,2271.670033
109.33304,820,2271.670046
74.14942,820,2271.670059
108.95137,820,2343.316604
68.98076,820,2343.316657
104.88102,820,2343.316678
109.33304,820,2343.316695
39.644753,820,2343.31671
109.33304,820,2343.316725
77.532166,820,2343.31674
86.65135,820,2343.316753
28.90674,820,2343.316767
64.47235,820,2343.316779
77.490265,820,2343.316792
57.554287,820,2343.316805
81.81784,820,2343.316819
109.33165,820,2343.316831
109.33304,820,2343.316844
72.00251,820,2343.316857
108.552666,820,2414.901161
69.28275,820,2414.901213
103.680435,820,2414.901234
109.33304,820,2414.90125
63.09244,820,2414.901266
109.33304,820,2414.90128
77.821434,820,2414.901295
81.68149,820,2414.901309
23.913866,820,2414.901323
57.067,820,2414.901336
78.7769,820,2414.901349
55.986053,820,2414.901362
88.576454,820,2414.901375
109.31709,820,2414.901388
109.33304,820,2414.901401
81.87233,820,2414.901414
109.04481,820,2493.888615
55.859562,820,2493.888666
104.032295,820,2493.888685
109.33304,820,2493.888705
75.25786,820,2493.888718
109.33304,820,2493.888731
74.04025,820,2493.888744
85.23495,820,2493.888757
30.613068,820,2493.888769
73.282104,820,2493.888782
75.919975,820,2493.888794
55.94365,820,2493.888807
85.92858,820,2493.888819
109.27159,820,2493.888831
109.33304,820,2493.888844
73.28443,820,2493.888856
109.29844,820,2565.546833
71.71539,820,2565.546884
105.41002,820,2565.546905
109.33304,820,2565.546922
68.24331,820,2565.546938
109.33304,820,2565.546953
73.02244,820,2565.546967
89.08624,820,2565.546981
26.433048,820,2565.546995
61.140583,820,2565.547008
81.11565,820,2565.547022
56.967037,820,2565.547035
86.09774,820,2565.547048
109.2666,820,2565.547061
109.33304,820,2565.547075
76.58009,820,2565.547088
109.33304,820,2643.773633
57.756893,820,2643.773685
105.47039,820,2643.773706
109.33304,820,2643.773723
83.129585,820,2643.773738
109.33304,820,2643.773753
76.86133,820,2643.773768
85.43217,820,2643.773782
22.6554,820,2643.773795
59.11951,820,2643.773808
78.32575,820,2643.773821
55.429806,820,2643.773834
84.39282,820,2643.773847
109.28246,820,2643.77386
109.33304,820,2643.773879
77.48723,820,2643.773892
109.285545,820,2715.308608
71.989136,820,2715.308659
105.81036,820,2715.30868
109.33304,820,2715.308697
77.41278,820,2715.308712
109.33304,820,2715.308727
77.35946,820,2715.308741
87.31025,820,2715.308755
29.187584,820,2715.308769
62.60501,820,2715.308785
80.58748,820,2715.308798
65.60975,820,2715.308811
84.59468,820,2715.308824
109.324005,820,2715.308837
109.33304,820,2715.30885
75.41138,820,2715.308862
109.33304,820,2786.911408
71.38696,820,2786.911461
105.279175,820,2786.91148
109.33304,820,2786.911494
82.87387,820,2786.911508
109.33304,820,2786.911521
77.761375,820,2786.911534
91.05866,820,2786.911546
28.962843,820,2786.911559
63.193054,820,2786.911572
76.500565,820,2786.911584
60.732807,820,2786.911597
85.37636,820,2786.911609
108.97548,820,2786.911622
109.33304,820,2786.911635
78.97604,820,2786.911647
108.963425,820,2864.986811
54.9843,820,2864.986859
105.39064,820,2864.98688
109.33304,820,2864.986897
67.71911,820,2864.986912
109.33304,820,2864.986927
78.4097,820,2864.986942
89.93221,820,2864.986956
31.8807,820,2864.98697
71.13492,820,2864.986983
77.253044,820,2864.986996
61.136826,820,2864.98701
85.43907,820,2864.987023
109.2479,820,2864.987036
109.33304,820,2864.987049
81.101295,820,2864.987062
109.28326,820,2936.669777
79.00901,820,2936.669828
103.61691,820,2936.669849
109.33304,820,2936.669866
82.48908,820,2936.669882
109.33304,820,2936.669897
76.79878,820,2936.669912
94.23905,820,2936.669926
34.424435,820,2936.669939
65.69526,820,2936.669952
75.79175,820,2936.669966
67.44597,820,2936.669979
82.88953,820,2936.670043
109.22555,820,2936.670064
109.33304,820,2936.670079
85.21963,820,2936.670092
109.25095,820,3016.346772
74.80952,820,3016.346825
104.82494,820,3016.346846
109.33304,820,3016.346863
80.21763,820,3016.346878
109.33304,820,3016.346894
81.44201,820,3016.346908
90.10665,820,3016.346922
30.363422,820,3016.346936
69.15249,820,3016.346952
81.56782,820,3016.346966
59.817547,820,3016.346979
89.480385,820,3016.346992
109.275185,820,3016.347006
109.33304,820,3016.347019
76.85706,820,3016.347032
109.295074,820,3088.720155
75.006744,820,3088.720208
105.89729,820,3088.720241
109.33304,820,3088.720255
89.41846,820,3088.720268
109.33304,820,3088.720281
78.4824,820,3088.720294
93.377464,820,3088.720306
29.89543,820,3088.720319
72.28094,820,3088.720331
80.270485,820,3088.720344
64.964386,820,3088.720357
87.157455,820,3088.720369
109.32761,820,3088.720382
109.33304,820,3088.720394
75.9699,820,3088.720407
109.33304,820,3161.258403
78.887955,820,3161.258454
105.755196,820,3161.258473
109.33304,820,3161.258487
66.0047,820,3161.258501
109.33304,820,3161.258514
79.45975,820,3161.258526
92.60317,820,3161.258539
30.995605,820,3161.258552
73.169754,820,3161.258565
84.29586,820,3161.258578
63.112965,820,3161.25859
89.952255,820,3161.258603
109.277275,820,3161.258618
109.33304,820,3161.258632
85.69129,820,3161.258644
109.289474,820,3241.419096
82.926796,820,3241.419148
103.74959,820,3241.419168
109.33304,820,3241.419185
66.15399,820,3241.4192
109.33304,820,3241.419215
80.0234,820,3241.41923
93.96188,820,3241.419244
26.495224,820,3241.419261
68.23473,820,3241.419278
83.22692,820,3241.419292
71.33015,820,3241.419305
91.65079,820,3241.419317
109.30214,820,3241.41933
109.33304,820,3241.419343
77.74472,820,3241.419357
109.09042,820,3313.948121
79.327644,820,3313.948171
104.64796,820,3313.94819
109.33304,820,3313.948205
73.80349,820,3313.948219
109.33304,820,3313.948231
78.35182,820,3313.948244
90.46118,820,3313.948257
37.999756,820,3313.948269
76.277824,820,3313.948282
70.80281,820,3313.948295
70.22996,820,3313.948307
87.37077,820,3313.94832
109.254745,820,3313.948333
109.33304,820,3313.948345
80.80482,820,3313.948358
109.20101,820,3393.332482
76.435135,820,3393.332535
104.982414,820,3393.332556
109.33304,820,3393.332573
67.632164,820,3393.332589
109.33304,820,3393.332603
75.923294,820,3393.332618
93.028076,820,3393.332632
31.449347,820,3393.332645
70.6047,820,3393.332658
80.89952,820,3393.332671
59.602745,820,3393.332684
91.33201,820,3393.332698
109.08669,820,3393.332711
109.33304,820,3393.332723
76.78792,820,3393.332737
109.29501,820,3465.692918
75.74143,820,3465.692989
105.38173,820,3465.693027
109.33304,820,3465.693043
87.773125,820,3465.69307
109.33304,820,3465.693118
80.23277,820,3465.693132
94.65272,820,3465.693146
28.567331,820,3465.693159
71.063896,820,3465.693172
81.940926,820,3465.693186
66.092445,820,3465.693199
87.28603,820,3465.693212
109.328606,820,3465.693225
109.33304,820,3465.693238
80.758,820,3465.693252
109.33304,820,3538.172289
75.43456,820,3538.172341
106.30296,820,3538.172362
109.33304,820,3538.172379
66.10245,820,3538.172395
109.33304,820,3538.17241
76.63465,820,3538.172424
95.01498,820,3538.172438
33.875637,820,3538.172451
73.88656,820,3538.172464
84.843704,820,3538.172478
63.096344,820,3538.172491
88.34125,820,3538.172504
109.25454,820,3538.172517
109.33304,820,3538.17253
82.852974,820,3538.172543
109.27688,820,3618.270486
81.54083,820,3618.270539
105.20534,820,3618.270559
109.33304,820,3618.270576
82.48035,820,3618.270592
109.33304,820,3618.270606
80.96695,820,3618.270621
93.70002,820,3618.270634
39.34335,820,3618.270647
77.73468,820,3618.270661
77.232925,820,3618.270673
62.799232,820,3618.270686
85.98817,820,3618.270699
109.03767,820,3618.270712
109.33304,820,3618.270725
85.19813,820,3618.270738
109.33304,820,3690.965131
58.957226,820,3690.96519
105.0955,820,3690.965209
109.33304,820,3690.965224
81.05855,820,3690.965237
109.33304,820,3690.96525
80.44781,820,3690.965319
94.48526,820,3690.96534
39.961216,820,3690.965353
74.41187,820,3690.965366
80.648346,820,3690.965379
65.134186,820,3690.965392
88.08195,820,3690.965405
109.171906,820,3690.965417
109.33304,820,3690.96543
85.09755,820,3690.965442
109.01962,820,3771.020715
78.29976,820,3771.020769
105.85301,820,3771.020789
109.33304,820,3771.020805
84.88731,820,3771.020821
109.33304,820,3771.020836
68.61903,820,3771.02085
94.086296,820,3771.020864
30.940855,820,3771.020878
72.05851,820,3771.020891
80.99867,820,3771.020905
68.94596,820,3771.020918
86.90241,820,3771.020931
109.276924,820,3771.020944
109.33304,820,3771.020957
82.11045,820,3771.02097
109.25856,820,3843.362369
75.72507,820,3843.36242
105.819626,820,3843.36244
109.33304,820,3843.362457
75.1778,820,3843.362472
109.33304,820,3843.362487
80.22746,820,3843.362502
97.79237,820,3843.362515
31.579748,820,3843.362528
68.09503,820,3843.362542
76.71706,820,3843.362558
62.060566,820,3843.362571
88.62537,820,3843.362585
109.08423,820,3843.362597
109.33304,820,3843.36261
81.15259,820,3843.362623
108.39708,820,3915.869436
79.65695,820,3915.869488
106.04647,820,3915.869509
109.33304,820,3915.869526
86.204666,820,3915.869541
109.33304,820,3915.869556
74.998344,820,3915.86957
92.923294,820,3915.869584
35.935955,820,3915.869598
69.62872,820,3915.869611
83.047035,820,3915.869624
60.528225,820,3915.869637
90.84232,820,3915.869649
109.28351,820,3915.869662
109.33304,820,3915.869675
83.89673,820,3915.869688
108.69346,820,3995.852622
78.41757,820,3995.852674
105.945,820,3995.852693
109.33304,820,3995.852707
86.258446,820,3995.852721
109.33304,820,3995.852734
80.50987,820,3995.852747
95.39797,820,3995.85276
36.543293,820,3995.852773
78.20768,820,3995.852786
79.35163,820,3995.852798
65.09638,820,3995.852811
85.83975,820,3995.852823
109.23972,820,3995.852836
109.33304,820,3995.852849
82.83201,820,3995.852862
108.995804,820,4068.072555
74.54082,820,4068.072606
104.96936,820,4068.072625
109.33304,820,4068.072639
74.65355,820,4068.072653
109.33304,820,4068.072665
77.3888,820,4068.072678
87.39009,820,4068.072691
34.566223,820,4068.072703
73.99794,820,4068.072716
84.00824,820,4068.072728
57.22799,820,4068.072741
90.02842,820,4068.072754
109.326164,820,4068.072766
109.33304,820,4068.072779
81.210335,820,4068.072792
108.753654,820,4148.197402
73.42263,820,4148.197453
105.47459,820,4148.197475
109.33304,820,4148.197492
74.93175,820,4148.197508
109.33304,820,4148.197523
81.03568,820,4148.197538
95.180725,820,4148.197552
33.415028,820,4148.197566
74.743576,820,4148.197579
85.5706,820,4148.197592
66.70052,820,4148.197606
89.54815,820,4148.197619
109.28105,820,4148.197632
109.33304,820,4148.197645
82.3616,820,4148.197659
109.33304,820,4220.50667
69.39763,820,4220.506726
106.4672,820,4220.506745
109.33304,820,4220.50676
89.15134,820,4220.506773
109.33304,820,4220.506786
80.1264,820,4220.506799
92.77622,820,4220.506812
31.435356,820,4220.506825
76.60003,820,4220.506837
76.43665,820,4220.50685
60.529915,820,4220.506862
90.63374,820,4220.506875
109.33304,820,4220.506888
109.33304,820,4220.506901
83.93729,820,4220.506914
109.20665,820,4292.954701
66.90046,820,4292.954753
105.0088,820,4292.954775
109.33304,820,4292.954792
83.05479,820,4292.954808
109.33304,820,4292.954823
78.641495,820,4292.954838
96.03431,820,4292.954852
38.883892,820,4292.954866
77.11561,820,4292.954879
81.03734,820,4292.954892
64.353836,820,4292.954905
89.39388,820,4292.954918
109.295135,820,4292.954931
109.33304,820,4292.954944
82.11837,820,4292.954957
109.08441,820,4372.787083
76.708786,820,4372.787135
105.04082,820,4372.787154
109.33304,820,4372.787169
85.126465,820,4372.787182
109.33304,820,4372.787201
75.43911,820,4372.787214
94.29287,820,4372.787226
29.882095,820,4372.787239
77.10287,820,4372.787252
81.50361,820,4372.787264
58.7592,820,4372.787277
92.27621,820,4372.787289
109.2036,820,4372.787302
109.33304,820,4372.787314
85.86907,820,4372.787327
108.64337,820,4446.496826
79.3882,820,4446.496888
106.24347,820,4446.496912
109.33304,820,4446.496929
91.12831,820,4446.496945
109.33304,820,4446.49696
78.91128,820,4446.496974
94.81264,820,4446.496989
29.869911,820,4446.497002
75.125,820,4446.497015
82.20807,820,4446.497028
61.863693,820,4446.497041
88.66793,820,4446.497054
109.239655,820,4446.497067
109.33304,820,4446.497081
83.48476,820,4446.497093
109.28205,820,4525.225909
74.21297,820,4525.225959
105.191696,820,4525.225979
109.33304,820,4525.225996
89.600945,820,4525.226012
109.33304,820,4525.226032
77.03121,820,4525.226046
98.902016,820,4525.22606
33.70868,820,4525.226074
78.937485,820,4525.226087
83.24785,820,4525.2261
64.98653,820,4525.226113
90.902176,820,4525.226126
109.27847,820,4525.22614
109.33304,820,4525.226153
81.67384,820,4525.226166
109.075905,820,4597.45998
77.2418,820,4597.460043
104.91818,820,4597.460062
109.33304,820,4597.460077
86.5331,820,4597.460091
109.33304,820,4597.460104
78.37884,820,4597.460117
95.77648,820,4597.46013
34.70615,820,4597.460143
77.229576,820,4597.460156
80.87134,820,4597.460169
66.67246,820,4597.460181
88.32699,820,4597.460194
109.22285,820,4597.460206
109.33304,820,4597.460218
85.08867,820,4597.460231
109.0638,820,4669.641026
80.82298,820,4669.641079
106.80979,820,4669.641098
109.33304,820,4669.641113
88.08452,820,4669.641127
109.33304,820,4669.641139
79.83708,820,4669.641152
95.95741,820,4669.641165
29.81034,820,4669.641177
77.87534,820,4669.64119
81.99352,820,4669.641203
63.483204,820,4669.641216
88.698166,820,4669.641229
109.2954,820,4669.641242
109.33304,820,4669.641254
86.01715,820,4669.641267
109.1472,820,4749.850402
64.57722,820,4749.850456
105.15412,820,4749.850475
109.33304,820,4749.850489
84.60551,820,4749.850503
109.33304,820,4749.850516
77.74242,820,4749.850529
98.21548,820,4749.850542
32.28702,820,4749.850554
75.23567,820,4749.850567
80.77987,820,4749.850579
63.079018,820,4749.850592
89.22939,820,4749.850604
109.282776,820,4749.850617
109.33304,820,4749.85063
84.50267,820,4749.850642
109.09043,820,4822.155902
79.6623,820,4822.155955
105.10934,820,4822.155975
109.33304,820,4822.155992
86.32925,820,4822.156007
109.33304,820,4822.156023
78.97374,820,4822.156038
94.16763,820,4822.156051
29.433752,820,4822.156065
75.34368,820,4822.156077
72.711205,820,4822.15609
70.16504,820,4822.156103
88.75915,820,4822.156116
109.24083,820,4822.156129
109.33304,820,4822.156142
88.75332,820,4822.156155
109.33304,820,4900.67238
79.772224,820,4900.67248
105.13124,820,4900.672504
109.33304,820,4900.672521
90.01128,820,4900.672534
109.33304,820,4900.672548
78.17009,820,4900.672561
99.129906,820,4900.672574
31.254635,820,4900.672587
78.79903,820,4900.6726
83.58893,820,4900.672613
67.62907,820,4900.672626
91.00897,820,4900.672639
109.27063,820,4900.672652
109.33304,820,4900.672665
84.08923,820,4900.672678
109.2971,820,4972.89937
74.76425,820,4972.899422
106.81638,820,4972.899441
109.33304,820,4972.899456
88.50762,820,4972.89947
109.33304,820,4972.899483
80.52347,820,4972.899496
99.10432,820,4972.899509
33.896175,820,4972.899522
78.27409,820,4972.899535
84.98901,820,4972.899547
63.971104,820,4972.899559
90.437874,820,4972.899572
109.279205,820,4972.899585
109.33304,820,4972.899598
90.89609,820,4972.89961
109.06108,820,5045.343576
74.81551,820,5045.343628
105.875374,820,5045.343648
109.33304,820,5045.343665
92.25611,820,5045.34368
109.33304,820,5045.343695
81.131134,820,5045.343709
100.48821,820,5045.343723
34.782623,820,5045.343736
78.03938,820,5045.343749
80.487885,820,5045.343762
68.62752,820,5045.343774
92.18921,820,5045.343787
109.28278,820,5045.3438
109.33304,820,5045.343812
89.80153,820,5045.343826
109.15526,820,5125.63972
73.003365,820,5125.639771
104.63198,820,5125.63979
109.33304,820,5125.639804
89.584854,820,5125.639823
109.33304,820,5125.639837
80.30586,820,5125.639849
97.45135,820,5125.639862
40.453266,820,5125.639875
76.61011,820,5125.639887
80.345474,820,5125.6399
69.62614,820,5125.639912
91.57232,820,5125.639925
109.21973,820,5125.639942
109.33304,820,5125.639957
89.17543,820,5125.63997
108.956406,820,5197.675771
74.76537,820,5197.675823
106.78323,820,5197.675842
109.33304,820,5197.675856
92.75718,820,5197.67587
109.33304,820,5197.675883
76.46274,820,5197.675896
98.267334,820,5197.675909
27.956675,820,5197.675922
78.73641,820,5197.675936
77.65673,820,5197.675948
65.727104,820,5197.675961
92.35926,820,5197.675974
109.303986,820,5197.675987
109.33304,820,5197.676
89.93438,820,5197.676013
108.296074,820,5277.002015
82.62919,820,5277.002069
105.57942,820,5277.002087
109.33304,820,5277.002102
88.797356,820,5277.002115
109.33304,820,5277.002128
79.35473,820,5277.002141
98.25021,820,5277.002153
34.74469,820,5277.002166
75.317276,820,5277.002178
85.506195,820,5277.002192
65.12443,820,5277.002205
90.93006,820,5277.002217
109.2735,820,5277.00223
109.33304,820,5277.002243
81.19386,820,5277.002255
108.742775,820,5349.16129
78.00133,820,5349.16134
105.09165,820,5349.161361
109.33304,820,5349.161378
90.41986,820,5349.161394
109.33304,820,5349.161409
75.50379,820,5349.161423
98.66454,820,5349.161437
33.86701,820,5349.161451
74.9802,820,5349.161463
84.295906,820,5349.161477
68.27398,820,5349.161489
93.77137,820,5349.161502
109.32673,820,5349.161514
109.33304,820,5349.161527
87.08768,820,5349.16154
109.00766,820,5421.441343
79.23203,820,5421.441396
106.9144,820,5421.441417
109.33304,820,5421.441435
86.54555,820,5421.441451
109.33304,820,5421.441466
80.160355,820,5421.44148
96.35058,820,5421.441495
31.59531,820,5421.441509
78.26752,820,5421.441522
78.90318,820,5421.441535
68.17478,820,5421.441548
89.63545,820,5421.441562
109.2691,820,5421.441575
109.33304,820,5421.441589
90.750854,820,5421.441602
109.33304,820,5501.349184
75.775764,820,5501.349236
105.55789,820,5501.349258
109.33304,820,5501.349275
85.25528,820,5501.349291
109.33304,820,5501.349306
81.163574,820,5501.349321
101.358086,820,5501.349334
31.218317,820,5501.349348
75.702934,820,5501.349361
85.449455,820,5501.349374
67.27364,820,5501.349387
89.814384,820,5501.3494
109.32422,820,5501.349413
109.33304,820,5501.349426
87.0606,820,5501.349439
109.29641,820,5573.405432
80.048615,820,5573.405484
105.82168,820,5573.405503
109.33304,820,5573.405517
92.95025,820,5573.40553
109.33304,820,5573.405544
79.81681,820,5573.405556
98.75528,820,5573.405569
34.86466,820,5573.405581
73.21157,820,5573.405594
85.03432,820,5573.405607
69.51298,820,5573.405619
93.898445,820,5573.405631
109.268745,820,5573.405644
109.33304,820,5573.405657
91.09328,820,5573.405669
108.84715,820,5653.360048
83.76978,820,5653.360098
105.49664,820,5653.360116
109.33304,820,5653.360132
88.66017,820,5653.360145
109.33304,820,5653.360158
77.643074,820,5653.360171
99.15503,820,5653.360184
32.79828,820,5653.360197
82.86117,820,5653.36021
81.52477,820,5653.360223
71.67202,820,5653.360235
83.87157,820,5653.360248
109.23136,820,5653.36026
109.33304,820,5653.360273
92.25252,820,5653.360286
109.28676,820,5725.779765
79.40074,820,5725.779817
105.99948,820,5725.779835
109.33304,820,5725.77985
84.72357,820,5725.779864
109.33304,820,5725.779877
78.035965,820,5725.77989
100.36381,820,5725.779903
32.878456,820,5725.779916
74.95127,820,5725.779929
83.790504,820,5725.779942
67.73352,820,5725.779955
93.15852,820,5725.779968
109.30309,820,5725.77998
109.33304,820,5725.779993
84.74153,820,5725.780006
109.24025,820,5797.827985
76.79509,820,5797.828037
106.4417,820,5797.828055
109.33304,820,5797.82807
90.962395,820,5797.828084
109.33304,820,5797.828097
80.36205,820,5797.82811
101.589066,820,5797.828123
27.235353,820,5797.828136
81.472626,820,5797.828148
82.85989,820,5797.828161
71.13514,820,5797.828174
91.53048,820,5797.828186
109.27997,820,5797.828199
109.33304,820,5797.828211
90.60401,820,5797.828224
109.09282,820,5877.33206
66.48512,820,5877.332112
102.8273,820,5877.332131
109.33304,820,5877.332146
86.49265,820,5877.33216
109.33304,820,5877.332173
79.73096,820,5877.332186
98.810814,820,5877.332199
32.58673,820,5877.332217
78.81539,820,5877.332232
83.63193,820,5877.332246
68.36533,820,5877.332259
93.9567,820,5877.332271
109.2853,820,5877.332284
109.33304,820,5877.332297
87.103874,820,5877.33231
108.61632,820,5949.342091
79.67889,820,5949.342143
106.19781,820,5949.342165
109.33304,820,5949.34218
92.31411,820,5949.342195
109.33304,820,5949.34221
82.463196,820,5949.342224
100.34836,820,5949.342238
26.83156,820,5949.342252
79.1518,820,5949.342265
81.56936,820,5949.342278
61.486313,820,5949.342291
89.646774,820,5949.342304
109.2783,820,5949.342318
109.33304,820,5949.342331
87.349724,820,5949.342344
109.04813,820,6029.097941
80.29245,820,6029.097993
106.10787,820,6029.098014
109.33304,820,6029.098031
92.55952,820,6029.098046
109.33304,820,6029.098061
83.812775,820,6029.098075
98.14893,820,6029.098089
34.353016,820,6029.098102
80.98825,820,6029.098115
86.94104,820,6029.098129
66.291824,820,6029.098142
91.88716,820,6029.098154
109.2845,820,6029.098167
109.33304,820,6029.09818
89.54062,820,6029.098192
109.33304,820,6101.059375
75.415474,820,6101.059418
106.86614,820,6101.059439
109.33304,820,6101.059455
92.19935,820,6101.05947
109.33304,820,6101.059484
80.99759,820,6101.059499
102.29228,820,6101.059513
41.04551,820,6101.059526
76.38838,820,6101.059539
84.956764,820,6101.059553
70.3324,820,6101.059566
93.94328,820,6101.059579
109.32701,820,6101.059592
109.33304,820,6101.059604
90.264656,820,6101.059617
109.33304,820,6173.219699
74.37086,820,6173.219753
106.82616,820,6173.219773
109.33304,820,6173.219789
87.85209,820,6173.219803
109.33304,820,6173.219818
79.61819,820,6173.219832
101.37146,820,6173.219846
36.07474,820,6173.21986
76.290405,820,6173.219873
87.977745,820,6173.219887
64.76795,820,6173.2199
91.92666,820,6173.219913
109.239944,820,6173.219925
109.33304,820,6173.219939
92.88722,820,6173.219952
109.053825,820,6253.103256
79.25472,820,6253.103313
106.239395,820,6253.103334
109.33304,820,6253.103351
88.57214,820,6253.103367
109.33304,820,6253.103382
76.9938,820,6253.103397
99.60211,820,6253.103411
23.545988,820,6253.103424
75.96069,820,6253.103438
86.69919,820,6253.103451
64.89154,820,6253.103464
94.031105,820,6253.103477
109.261856,820,6253.10349
109.33304,820,6253.103503
89.54541,820,6253.103516
108.91522,820,6325.241507
82.23955,820,6325.241559
105.27233,820,6325.241579
109.33304,820,6325.241595
95.65966,820,6325.24161
109.33304,820,6325.241625
80.88504,820,6325.241639
99.67146,820,6325.241652
28.182878,820,6325.241665
78.32568,820,6325.241678
82.83636,820,6325.24169
68.027,820,6325.241703
91.18287,820,6325.241716
109.256744,820,6325.241728
109.33304,820,6325.241741
88.39447,820,6325.241754
109.249245,820,6404.949933
77.03546,820,6404.949985
105.19967,820,6404.950006
109.33304,820,6404.950023
85.92557,820,6404.950039
109.33304,820,6404.950053
79.05744,820,6404.950067
99.728,820,6404.950081
34.486088,820,6404.950094
75.64305,820,6404.950108
84.65442,820,6404.950121
65.162766,820,6404.950135
91.86215,820,6404.950147
109.23176,820,6404.95016
109.33304,820,6404.950173
88.462234,820,6404.950186
109.04026,820,6476.927847
82.49194,820,6476.927898
105.036705,820,6476.927917
109.33304,820,6476.927932
92.216034,820,6476.927946
109.33304,820,6476.927959
80.76352,820,6476.927972
103.18828,820,6476.927985
34.983303,820,6476.927998
81.54305,820,6476.92801
86.84559,820,6476.928024
66.33344,820,6476.928037
95.373886,820,6476.92805
109.243744,820,6476.928062
109.33304,820,6476.928076
87.423584,820,6476.928088
109.33304,820,6549.340691
78.87791,820,6549.340742
107.271805,820,6549.340763
109.33304,820,6549.340781
90.72376,820,6549.340797
109.33304,820,6549.340811
76.486015,820,6549.340826
100.16159,820,6549.34084
36.813595,820,6549.340854
82.3182,820,6549.340867
83.08457,820,6549.34088
73.90563,820,6549.340893
89.31174,820,6549.340905
109.25598,820,6549.340919
109.33304,820,6549.340931
86.80331,820,6549.340944
109.19164,820,6628.240499
72.87421,820,6628.240551
105.9115,820,6628.240577
109.33304,820,6628.240597
94.20306,820,6628.240613
109.33304,820,6628.240627
80.93567,820,6628.240642
103.5851,820,6628.240655
40.90286,820,6628.240669
81.10611,820,6628.240688
85.154785,820,6628.240701
65.74891,820,6628.240715
92.85155,820,6628.240728
109.32304,820,6628.240741
109.33304,820,6628.240755
90.98994,820,6628.240767
109.29346,820,6700.307708
79.77811,820,6700.307833
104.641235,820,6700.307858
109.33304,820,6700.307874
94.63546,820,6700.307888
109.33304,820,6700.307914
78.58222,820,6700.307927
100.46768,820,6700.307939
39.03319,820,6700.307952
84.310844,820,6700.307964
86.25118,820,6700.307977
69.24545,820,6700.30799
89.219635,820,6700.308003
109.24751,820,6700.308016
109.33304,820,6700.308028
88.859886,820,6700.308041
109.29549,820,6779.545497
82.11547,820,6779.545549
106.363625,820,6779.545568
109.33304,820,6779.545583
87.215,820,6779.545597
109.33304,820,6779.54561
79.005356,820,6779.545623
102.32392,820,6779.545636
41.159218,820,6779.545649
79.332,820,6779.545661
83.64736,820,6779.545674
65.094925,820,6779.545687
94.17876,820,6779.5457
109.21224,820,6779.545712
109.33304,820,6779.545725
89.175766,820,6779.545738
109.08666,820,6851.685362
77.79067,820,6851.685414
106.00867,820,6851.685435
109.33304,820,6851.685452
93.53333,820,6851.685468
109.33304,820,6851.685484
81.83732,820,6851.685499
100.765495,820,6851.685513
40.042664,820,6851.685527
80.78972,820,6851.68554
86.0284,820,6851.685553
66.84577,820,6851.685567
92.90056,820,6851.685581
109.23373,820,6851.685594
109.33304,820,6851.685607
89.812546,820,6851.68562
109.12441,820,6923.664401
74.977455,820,6923.664452
106.27434,820,6923.664473
109.33304,820,6923.664489
93.984505,820,6923.664505
109.33304,820,6923.664519
82.86663,820,6923.664533
97.51462,820,6923.664547
39.520306,820,6923.664561
80.18569,820,6923.664574
88.88549,820,6923.664587
70.34013,820,6923.6646
91.94358,820,6923.664613
109.07823,820,6923.664626
109.33304,820,6923.664639
89.52146,820,6923.664651
109.33304,820,7003.603023
78.791,820,7003.603075
106.146286,820,7003.603096
109.33304,820,7003.603113
92.339066,820,7003.603128
109.33304,820,7003.603143
79.458015,820,7003.603157
99.71889,820,7003.603171
43.595253,820,7003.603184
83.34389,820,7003.603198
84.6008,820,7003.603211
68.260925,820,7003.603224
89.901825,820,7003.603237
109.10209,820,7003.60325
109.33304,820,7003.603263
85.65442,820,7003.603277
109.20277,820,7075.734711
69.78648,820,7075.734764
107.53191,820,7075.734783
109.33304,820,7075.734797
96.25449,820,7075.73481
109.33304,820,7075.734823
83.88467,820,7075.734836
101.620895,820,7075.734849
35.12043,820,7075.734861
81.60747,820,7075.734874
84.0106,820,7075.734887
71.45178,820,7075.7349
86.994545,820,7075.734913
109.27493,820,7075.734926
109.33304,820,7075.734938
92.13457,820,7075.734951
108.964264,820,7155.427911
81.79873,820,7155.427962
106.934006,820,7155.427981
109.33304,820,7155.427996
89.56003,820,7155.42801
109.33304,820,7155.428023
82.98647,820,7155.428035
101.68887,820,7155.428048
41.900803,820,7155.428061
80.28108,820,7155.428074
88.39536,820,7155.428087
64.82911,820,7155.4281
91.78223,820,7155.428113
109.278946,820,7155.428126
109.33304,820,7155.428138
89.27044,820,7155.428151
108.2335,820,7227.786951
76.666245,820,7227.787003
106.45197,820,7227.787021
109.33304,820,7227.787036
92.218765,820,7227.78705
109.33304,820,7227.787063
82.71583,820,7227.787076
100.681526,820,7227.787089
38.7703,820,7227.787102
83.72091,820,7227.787114
85.82995,820,7227.787127
61.726543,820,7227.78714
94.42138,820,7227.787153
109.32951,820,7227.787166
109.33304,820,7227.787179
90.64779,820,7227.787191
109.08652,820,7299.947076
80.371284,820,7299.947128
107.396385,820,7299.947149
109.33304,820,7299.947166
95.10598,820,7299.947182
109.33304,820,7299.947196
84.77379,820,7299.947211
101.489426,820,7299.947225
38.495163,820,7299.947238
82.79887,820,7299.947252
85.43089,820,7299.947265
70.65625,820,7299.947278
92.76451,820,7299.947291
109.18208,820,7299.947309
109.33304,820,7299.947325
89.69154,820,7299.947339
109.29031,820,7379.66353
81.81383,820,7379.663582
105.72776,820,7379.663603
109.33304,820,7379.66362
91.8861,820,7379.663636
109.33304,820,7379.663651
80.67056,820,7379.663666
100.43992,820,7379.66368
39.40289,820,7379.663693
83.35746,820,7379.66371
84.46189,820,7379.663723
66.11751,820,7379.663737
89.98654,820,7379.663749
109.32486,820,7379.663762
109.33304,820,7379.663775
87.596596,820,7379.663789
109.07891,820,7451.870306
80.25604,820,7451.870358
105.76135,820,7451.870377
109.33304,820,7451.870392
93.88728,820,7451.870405
109.33304,820,7451.870419
81.860306,820,7451.870432
95.23626,820,7451.870445
28.989262,820,7451.870457
78.66412,820,7451.87047
85.72835,820,7451.870483
54.98215,820,7451.870497
93.60582,820,7451.870509
109.33304,820,7451.870522
109.33304,820,7451.870536
90.47563,820,7451.870549
109.049324,820,7531.479224
81.88636,820,7531.479272
105.862175,820,7531.47929
109.33304,820,7531.479305
89.64739,820,7531.479318
109.33304,820,7531.479331
82.37191,820,7531.479344
103.74474,820,7531.479357
41.144756,820,7531.479369
83.253876,820,7531.479382
84.789505,820,7531.479394
65.421394,820,7531.479407
95.50165,820,7531.47942
109.23427,820,7531.479433
109.33304,820,7531.479445
91.36838,820,7531.479458
109.33304,820,7603.874997
80.59459,820,7603.875049
106.64935,820,7603.875075
109.33304,820,7603.875093
94.59754,820,7603.875107
109.33304,820,7603.87512
79.58774,820,7603.875133
101.9536,820,7603.875145
39.587284,820,7603.875158
78.67557,820,7603.87517
85.12652,820,7603.875183
68.11453,820,7603.875195
93.46312,820,7603.875207
109.310844,820,7603.875219
109.33304,820,7603.875232
92.73478,820,7603.875244
109.19357,820,7676.241068
79.96718,820,7676.24112
105.54357,820,7676.241139
109.33304,820,7676.241153
92.39982,820,7676.241172
109.33304,820,7676.241186
75.37974,820,7676.241198
99.57275,820,7676.241211
41.377586,820,7676.241224
80.61769,820,7676.241236
87.601166,820,7676.241249
68.22463,820,7676.241261
94.710815,820,7676.241274
109.290375,820,7676.241287
109.33304,820,7676.2413
90.88664,820,7676.241312
109.29187,820,7754.989978
81.61126,820,7754.99003
105.256035,820,7754.990049
109.33304,820,7754.990064
97.1828,820,7754.990078
109.33304,820,7754.990091
81.74732,820,7754.990104
98.66799,820,7754.990117
36.02231,820,7754.990129
83.24362,820,7754.990142
88.12242,820,7754.990154
71.09967,820,7754.990166
93.29776,820,7754.990179
109.29304,820,7754.990191
109.33304,820,7754.990204
90.330734,820,7754.990216
109.19296,820,7827.219864
76.87358,820,7827.219917
107.31356,820,7827.219937
109.33304,820,7827.219954
95.802986,820,7827.21997
109.33304,820,7827.219985
85.503395,820,7827.219999
102.770134,820,7827.220013
39.817154,820,7827.220027
82.9716,820,7827.220041
84.48368,820,7827.220054
60.968544,820,7827.220067
91.73806,820,7827.220081
109.32324,820,7827.220094
109.33304,820,7827.220107
92.108604,820,7827.22012
109.33304,820,7906.86978
76.426,820,7906.869832
105.656296,820,7906.869853
109.33304,820,7906.869869
89.019394,820,7906.869885
109.33304,820,7906.8699
80.25031,820,7906.869914
101.04648,820,7906.869928
39.388897,820,7906.869941
81.73042,820,7906.869954
83.668,820,7906.869971
73.52023,820,7906.869984
87.13151,820,7906.869997
109.26856,820,7906.87001
109.33304,820,7906.870023
94.196175,820,7906.870036
109.09804,820,7978.996043
77.80388,820,7978.996095
106.52333,820,7978.996113
109.33304,820,7978.996127
96.68876,820,7978.99614
109.33304,820,7978.996153
83.67194,820,7978.996166
100.24979,820,7978.996178
39.293533,820,7978.996191
79.9752,820,7978.996203
85.94832,820,7978.996216
67.34075,820,7978.996228
92.897385,820,7978.996241
109.256996,820,7978.996253
109.33304,820,7978.996265
94.84061,820,7978.996278
109.289536,820,8051.61935
79.03274,820,8051.619402
107.340614,820,8051.619421
109.33304,820,8051.619436
93.171265,820,8051.619449
109.33304,820,8051.619462
82.044655,820,8051.619475
101.61154,820,8051.619487
39.912167,820,8051.619504
83.9504,820,8051.61952
85.72779,820,8051.619534
73.271996,820,8051.619546
92.250465,820,8051.619559
109.327614,820,8051.619571
109.33304,820,8051.619584
94.343445,820,8051.619597
109.19186,820,8131.434023
81.233894,820,8131.434074
106.6393,820,8131.434094
109.33304,820,8131.434111
92.87126,820,8131.434127
109.33304,820,8131.434141
82.14131,820,8131.434156
102.037735,820,8131.43417
36.93998,820,8131.434183
84.856064,820,8131.434196
82.42494,820,8131.434209
65.61312,820,8131.434222
89.68586,820,8131.434236
109.28844,820,8131.434249
109.33304,820,8131.434262
93.61952,820,8131.434275
109.09209,820,8203.519339
85.40009,820,8203.519391
106.8623,820,8203.519409
109.33304,820,8203.519424
92.792816,820,8203.519438
109.33304,820,8203.519451
80.86325,820,8203.519465
101.86067,820,8203.519478
47.360126,820,8203.51949
82.15582,820,8203.519503
86.42625,820,8203.519516
64.48502,820,8203.519529
90.36054,820,8203.519542
109.24305,820,8203.519554
109.33304,820,8203.519567
95.05945,820,8203.51958
109.288605,820,8282.742296
79.5297,820,8282.742347
105.8652,820,8282.742368
109.33304,820,8282.742385
95.516335,820,8282.7424
109.33304,820,8282.742415
86.055916,820,8282.74243
99.577255,820,8282.742444
37.934196,820,8282.742458
80.07754,820,8282.742474
88.53305,820,8282.742488
70.305824,820,8282.742501
90.93932,820,8282.742514
109.297554,820,8282.742527
109.33304,820,8282.74254
94.96499,820,8282.742553
108.578125,820,8354.885325
77.9764,820,8354.885376
103.930504,820,8354.885396
109.33304,820,8354.885413
93.563,820,8354.885429
109.33304,820,8354.885443
80.2857,820,8354.885458
104.307144,820,8354.885472
41.22358,820,8354.885485
83.783,820,8354.885499
88.48924,820,8354.885512
69.15306,820,8354.885525
91.15599,820,8354.885538
109.32461,820,8354.885551
109.33304,820,8354.885565
93.753975,820,8354.885578
109.247894,820,8427.166359
81.5535,820,8427.166412
106.413,820,8427.166432
109.33304,820,8427.166449
98.67532,820,8427.166464
109.33304,820,8427.166478
82.52153,820,8427.166493
101.422775,820,8427.166507
38.253532,820,8427.16652
82.4925,820,8427.166533
84.376854,820,8427.166547
65.96555,820,8427.16656
91.45212,820,8427.166573
109.28928,820,8427.166586
109.33304,820,8427.166599
90.11576,820,8427.166612
108.93874,820,8507.476956
76.21332,820,8507.477075
106.67747,820,8507.477099
109.33304,820,8507.477115
88.61,820,8507.477129
109.33304,820,8507.477155
84.16797,820,8507.477168
103.60912,820,8507.47718
37.566204,820,8507.477193
82.86728,820,8507.477206
86.53064,820,8507.477218
62.554512,820,8507.477231
92.342384,820,8507.477243
109.236244,820,8507.477256
109.33304,820,8507.477268
91.979866,820,8507.477281
109.33304,820,8579.568632
81.96825,820,8579.568684
106.11609,820,8579.568703
109.33304,820,8579.568717
97.6405,820,8579.568731
109.33304,820,8579.568744
77.222046,820,8579.568757
101.2402,820,8579.56877
34.935314,820,8579.568783
82.47749,820,8579.568796
88.24847,820,8579.568809
66.094185,820,8579.568821
91.50733,820,8579.568834
109.279045,820,8579.568847
109.33304,820,8579.56886
91.7752,820,8579.568873
108.5439,820,8659.489262
81.54677,820,8659.489314
107.74284,820,8659.489335
109.33304,820,8659.489352
94.73884,820,8659.489367
109.33304,820,8659.489382
81.418915,820,8659.489397
102.19784,820,8659.489411
31.991392,820,8659.489426
83.44149,820,8659.489439
88.2819,820,8659.489452
64.69612,820,8659.489466
93.345535,820,8659.489479
109.27774,820,8659.489492
109.33304,820,8659.489506
93.52712,820,8659.489518
109.2946,820,8731.375052
81.25561,820,8731.375103
106.89528,820,8731.375122
109.33304,820,8731.375136
96.52221,820,8731.37515
109.33304,820,8731.375163
82.69567,820,8731.375176
99.457275,820,8731.375189
38.11455,820,8731.375201
87.41516,820,8731.375214
88.20893,820,8731.375226
63.615856,820,8731.375239
90.95588,820,8731.375252
109.299484,820,8731.375264
109.33304,820,8731.375277
93.90384,820,8731.37529
108.59463,820,8803.447654
80.61002,820,8803.447706
107.78255,820,8803.447725
109.33304,820,8803.447744
93.01123,820,8803.44776
109.33304,820,8803.447774
87.17517,820,8803.447788
104.21614,820,8803.447801
36.251827,820,8803.447814
84.783035,820,8803.447829
85.08981,820,8803.447844
72.18856,820,8803.447857
92.01655,820,8803.447869
109.27361,820,8803.447882
109.33304,820,8803.447895
96.043724,820,8803.447907
109.00186,820,8882.726773
75.9804,820,8882.726825
106.3596,820,8882.726846
109.33304,820,8882.726863
91.183716,820,8882.726879
109.33304,820,8882.726894
82.41809,820,8882.726908
105.180374,820,8882.726922
36.194466,820,8882.726935
83.07196,820,8882.726948
84.42315,820,8882.726962
71.891365,820,8882.726975
91.0851,820,8882.726988
109.10752,820,8882.727001
109.33304,820,8882.727014
95.26955,820,8882.727027
107.25056,820,8954.760944
82.60887,820,8954.760996
106.02086,820,8954.761016
109.33304,820,8954.761033
93.32489,820,8954.761048
109.33304,820,8954.761062
79.423485,820,8954.761077
104.17388,820,8954.761091
41.82491,820,8954.761104
84.22275,820,8954.761117
89.73842,820,8954.76113
72.82135,820,8954.761143
91.089264,820,8954.761157
109.20075,820,8954.76117
109.33304,820,8954.761182
92.212,820,8954.761196
109.2943,820,9034.096504
80.07618,820,9034.096555
106.397125,820,9034.096574
109.33304,820,9034.09659
95.63906,820,9034.096603
109.33304,820,9034.096616
81.598915,820,9034.096629
104.380264,820,9034.096642
41.392643,820,9034.096656
84.78196,820,9034.096668
86.966034,820,9034.096681
62.070217,820,9034.096694
92.66798,820,9034.096707
109.28384,820,9034.096719
109.33304,820,9034.096732
88.2607,820,9034.096745
108.83896,820,9106.098419
82.36858,820,9106.09847
108.05427,820,9106.09849
109.33304,820,9106.098505
96.85461,820,9106.098519
109.33304,820,9106.098531
81.90814,820,9106.098544
103.222984,820,9106.098557
36.760555,820,9106.09857
83.50651,820,9106.098583
87.504585,820,9106.098596
65.079094,820,9106.098608
91.88733,820,9106.098621
109.32771,820,9106.098633
109.33304,820,9106.098646
93.41023,820,9106.098659
109.33304,820,9178.291131
82.53857,820,9178.291183
106.50745,820,9178.291205
109.33304,820,9178.291222
93.87514,820,9178.291238
109.33304,820,9178.291252
81.81609,820,9178.291267
101.8011,820,9178.29128
32.037056,820,9178.291294
82.118645,820,9178.291307
87.5881,820,9178.291321
64.69894,820,9178.291334
93.69741,820,9178.291347
109.12093,820,9178.29136
109.33304,820,9178.291373
91.70427,820,9178.291387
108.15357,820,9258.186054
83.06213,820,9258.186106
105.64861,820,9258.186127
109.33304,820,9258.186144
91.34105,820,9258.186159
109.33304,820,9258.186174
83.72019,820,9258.186188
102.65087,820,9258.186202
35.233818,820,9258.186215
88.176895,820,9258.186229
89.16896,820,9258.186241
67.7201,820,9258.186254
95.83408,820,9258.186268
109.21074,820,9258.186281
109.33304,820,9258.186294
93.33852,820,9258.186307
108.555885,820,9330.217442
82.395996,820,9330.217494
107.00604,820,9330.217515
109.33304,820,9330.217532
95.6435,820,9330.217546
109.33304,820,9330.217562
84.62309,820,9330.217577
106.57714,820,9330.21759
31.748644,820,9330.217605
82.685265,820,9330.217618
87.077614,820,9330.217631
67.05022,820,9330.217645
90.972916,820,9330.217658
109.149475,820,9330.217672
109.33304,820,9330.217685
92.00888,820,9330.217699
109.290276,820,9410.065714
77.42277,820,9410.065766
105.723,820,9410.065785
109.33304,820,9410.065799
96.52229,820,9410.065813
109.33304,820,9410.065825
85.480675,820,9410.065838
103.675995,820,9410.065851
34.114395,820,9410.065864
88.72413,820,9410.065876
87.538475,820,9410.065889
67.11832,820,9410.065902
92.111336,820,9410.065914
109.27431,820,9410.065927
109.33304,820,9410.06594
92.52463,820,9410.065953
109.29418,820,9482.16098
82.71398,820,9482.161031
107.22285,820,9482.161049
109.33304,820,9482.161064
93.58667,820,9482.161078
109.33304,820,9482.16109
81.32412,820,9482.161103
104.14468,820,9482.161116
41.543453,820,9482.161129
83.15907,820,9482.161141
86.65145,820,9482.161154
65.70222,820,9482.161166
92.00991,820,9482.161179
109.29584,820,9482.161192
109.33304,820,9482.161209
91.227745,820,9482.161225
109.2887,820,9554.155194
82.332886,820,9554.155246
106.42512,820,9554.155267
109.33304,820,9554.155283
97.783226,820,9554.155298
109.33304,820,9554.155313
81.96498,820,9554.155328
100.59304,820,9554.155341
37.65645,820,9554.155355
89.30124,820,9554.155368
89.66478,820,9554.155381
62.33692,820,9554.155394
92.626816,820,9554.155406
109.3303,820,9554.155419
109.33304,820,9554.155432
94.449936,820,9554.155446
109.33304,820,9634.111139
79.83904,820,9634.111191
107.33111,820,9634.11121
109.33304,820,9634.111224
95.72667,820,9634.111239
109.33304,820,9634.111252
84.96891,820,9634.111265
105.891945,820,9634.111278
39.2271,820,9634.11129
85.89652,820,9634.111303
87.33163,820,9634.111316
70.69327,820,9634.111328
93.34044,820,9634.111341
109.23668,820,9634.111353
109.33304,820,9634.111366
94.825676,820,9634.111378
109.04231,820,9706.061326
83.11504,820,9706.061377
106.98013,820,9706.061396
109.33304,820,9706.06141
91.65142,820,9706.061424
109.33304,820,9706.061437
82.26839,820,9706.061449
104.36782,820,9706.061462
34.451443,820,9706.061475
81.16211,820,9706.061487
89.45236,820,9706.0615
69.507385,820,9706.061513
93.29319,820,9706.061526
109.286095,820,9706.061538
109.33304,820,9706.061551
91.435555,820,9706.061563
109.2951,820,9785.655243
82.14992,820,9785.655297
107.20762,820,9785.655315
109.33304,820,9785.65533
92.809616,820,9785.655343
109.33304,820,9785.655356
84.971954,820,9785.655369
103.30159,820,9785.655382
42.381466,820,9785.655394
84.65553,820,9785.655407
84.766365,820,9785.655425
69.81768,820,9785.655439
92.27779,820,9785.655451
109.292336,820,9785.655464
109.33304,820,9785.655477
93.12924,820,9785.65549
109.33304,820,9857.576924
81.009285,820,9857.576976
105.45372,820,9857.576996
109.33304,820,9857.577013
95.94348,820,9857.577029
109.33304,820,9857.577044
83.15448,820,9857.577059
106.34571,820,9857.577072
37.052193,820,9857.577086
88.399445,820,9857.577099
86.79199,820,9857.577112
68.735344,820,9857.577125
95.76802,820,9857.577139
109.31867,820,9857.577151
109.33304,820,9857.577164
92.806496,820,9857.577178
109.28518,820,9929.788553
75.87132,820,9929.788604
106.9179,820,9929.788623
109.33304,820,9929.788637
94.27435,820,9929.788651
109.33304,820,9929.788664
82.0125,820,9929.788677
100.84989,820,9929.78869
29.399258,820,9929.788703
82.02149,820,9929.788715
89.295074,820,9929.788728
68.49792,820,9929.78874
90.67824,820,9929.788753
108.948784,820,9929.788765
109.33304,820,9929.788778
95.13865,820,9929.78879
109.03708,820,10009.548935
83.08447,820,10009.548989
106.26723,820,10009.549008
109.33304,820,10009.549028
95.23266,820,10009.549042
109.33304,820,10009.549055
84.92368,820,10009.549068
100.77674,820,10009.549081
40.033844,820,10009.549094
88.83545,820,10009.549107
88.84074,820,10009.549119
67.754654,820,10009.549132
94.25368,820,10009.549145
109.26645,820,10009.549157
109.33304,820,10009.54917
91.98645,820,10009.549182
109.08844,820,10081.371239
78.375824,820,10081.371292
105.97633,820,10081.371313
109.33304,820,10081.37133
94.811165,820,10081.371346
109.33304,820,10081.371361
84.67968,820,10081.371376
100.29274,820,10081.37139
38.730347,820,10081.371403
84.5369,820,10081.371417
90.26433,820,10081.37143
66.352615,820,10081.371444
87.24987,820,10081.371457
109.23329,820,10081.371471
109.33304,820,10081.371484
90.47215,820,10081.371497
108.90622,820,10160.922966
78.0338,820,10160.923018
105.82314,820,10160.923039
109.33304,820,10160.923056
96.1414,820,10160.923071
109.33304,820,10160.923086
85.70362,820,10160.923101
106.29087,820,10160.923114
39.64057,820,10160.923128
85.13959,820,10160.923141
89.535355,820,10160.923155
70.43572,820,10160.923168
91.09765,820,10160.923182
109.33304,820,10160.923195
109.33304,820,10160.923208
94.90756,820,10160.923221
109.01814,820,10233.010893
78.06055,820,10233.010945
106.79051,820,10233.010966
109.33304,820,10233.010983
92.619354,820,10233.010998
109.33304,820,10233.011013
81.21564,820,10233.011033
102.726105,820,10233.01105
37.502953,820,10233.011065
82.28915,820,10233.011078
87.96045,820,10233.011091
68.099625,820,10233.011104
89.67673,820,10233.011117
109.242775,820,10233.011131
109.33304,820,10233.011144
94.64564,820,10233.011157
109.2876,820,10305.22895
82.0632,820,10305.22905
106.84909,820,10305.229073
109.33304,820,10305.229089
90.32571,820,10305.229103
109.33304,820,10305.229116
84.77792,820,10305.229129
103.511154,820,10305.229142
29.28451,820,10305.229155
87.2271,820,10305.229168
92.55659,820,10305.229181
67.59031,820,10305.229194
93.14089,820,10305.229207
109.33103,820,10305.229219
109.33304,820,10305.229232
92.99428,820,10305.229245
109.098076,820,10384.610382
80.32768,820,10384.610434
106.35902,820,10384.610455
109.33304,820,10384.610472
97.51301,820,10384.610488
109.33304,820,10384.610503
83.30716,820,10384.610518
105.35645,820,10384.610532
34.35489,820,10384.610545
86.21402,820,10384.610559
90.129234,820,10384.610572
65.90425,820,10384.610585
92.22457,820,10384.610599
109.26644,820,10384.610612
109.33304,820,10384.610625
93.406654,820,10384.610638
109.082275,820,10456.6372
69.3516,820,10456.637252
106.15895,820,10456.637273
109.33304,820,10456.63729
91.64729,820,10456.637305
109.33304,820,10456.637321
82.33728,820,10456.637335
106.0403,820,10456.637348
38.394543,820,10456.637361
83.43954,820,10456.637374
89.99696,820,10456.637387
62.662327,820,10456.6374
89.95325,820,10456.637414
109.273224,820,10456.637426
109.33304,820,10456.637439
92.28095,820,10456.637452
109.280846,820,10535.695494
83.77947,820,10535.695546
107.11447,820,10535.695567
109.33304,820,10535.695583
94.006584,820,10535.695597
109.33304,820,10535.695611
83.13215,820,10535.695625
104.03984,820,10535.695639
39.91394,820,10535.695652
85.4208,820,10535.695666
89.79035,820,10535.695679
68.80899,820,10535.695691
92.765274,820,10535.695704
109.27936,820,10535.695717
109.33304,820,10535.69573
93.970955,820,10535.695743
109.259605,820,10607.825289
81.73601,820,10607.825342
106.343,820,10607.825363
109.33304,820,10607.82538
96.2993,820,10607.825396
109.33304,820,10607.825411
83.054695,820,10607.825425
106.55271,820,10607.825439
28.403795,820,10607.825453
80.48377,820,10607.825465
88.738045,820,10607.825479
70.15798,820,10607.825492
92.91594,820,10607.825505
109.24282,820,10607.825518
109.33304,820,10607.825531
93.747154,820,10607.825544
109.33304,820,10680.090278
75.07414,820,10680.090329
105.49602,820,10680.090348
109.33304,820,10680.090363
90.413475,820,10680.090376
109.33304,820,10680.090389
80.33182,820,10680.090402
105.16669,820,10680.090415
39.25314,820,10680.090428
84.989365,820,10680.09044
90.27328,820,10680.090453
70.71209,820,10680.090466
92.23129,820,10680.090478
109.187065,820,10680.090491
109.33304,820,10680.090503
93.011986,820,10680.090516
109.0484,820,10759.434287
83.16777,820,10759.43434
105.65997,820,10759.434361
109.33304,820,10759.434377
91.29335,820,10759.434392
109.33304,820,10759.434408
86.521614,820,10759.434422
104.92681,820,10759.434436
48.273956,820,10759.43445
86.515945,820,10759.434463
85.14828,820,10759.434476
70.79429,820,10759.43449
91.02836,820,10759.434504
109.280106,820,10759.434517
109.33304,820,10759.43453
92.14287,820,10759.434543
108.55286,820,10831.62312
84.908806,820,10831.62317
106.83727,820,10831.623189
109.33304,820,10831.623204
94.94407,820,10831.623218
109.33304,820,10831.623231
85.245255,820,10831.623244
104.596436,820,10831.623257
34.971855,820,10831.62327
88.43306,820,10831.623283
89.46129,820,10831.623295
63.347233,820,10831.623308
90.708,820,10831.62332
109.31981,820,10831.623333
109.33304,820,10831.623346
91.910774,820,10831.623359
109.046844,820,10910.686012
76.40193,820,10910.686063
105.86633,820,10910.686082
109.33304,820,10910.686098
96.811386,820,10910.686111
109.33304,820,10910.686124
80.427795,820,10910.686137
101.781,820,10910.68615
36.751583,820,10910.686163
80.590294,820,10910.686176
83.49778,820,10910.686189
66.45006,820,10910.686206
91.75384,820,10910.686221
109.322014,820,10910.686235
109.33304,820,10910.686248
89.48668,820,10910.686261
109.095566,820,10982.753247
79.2268,820,10982.753299
105.436035,820,10982.75332
109.33304,820,10982.753337
91.55703,820,10982.753353
109.33304,820,10982.753367
85.18918,820,10982.753382
102.99931,820,10982.753395
39.279385,820,10982.753408
83.90919,820,10982.753422
86.5086,820,10982.753435
68.75954,820,10982.753448
95.09896,820,10982.753461
109.24903,820,10982.753474
109.33304,820,10982.753486
94.31613,820,10982.753499
109.33304,820,11055.356397
76.36276,820,11055.356449
106.79455,820,11055.356468
109.33304,820,11055.356483
99.08214,820,11055.356496
109.33304,820,11055.356508
86.91452,820,11055.356521
105.678795,820,11055.356534
38.17938,820,11055.356547
89.35009,820,11055.356559
84.06484,820,11055.356572
70.51165,820,11055.356584
93.80906,820,11055.3566
109.15502,820,11055.356612
109.33304,820,11055.356626
94.05539,820,11055.356639
108.99705,820,11135.165998
80.713196,820,11135.166051
106.71691,820,11135.16607
109.33304,820,11135.166085
95.05475,820,11135.166099
109.33304,820,11135.166112
81.07745,820,11135.166125
104.12402,820,11135.166137
43.065804,820,11135.16615
87.42907,820,11135.166163
85.80326,820,11135.166176
67.85677,820,11135.166189
93.6492,820,11135.166201
109.275795,820,11135.166214
109.33304,820,11135.166227
93.81827,820,11135.16624
109.29529,820,11207.247319
82.640915,820,11207.24737
107.54778,820,11207.247389
109.33304,820,11207.247404
98.286095,820,11207.247417
109.33304,820,11207.247431
86.07647,820,11207.247444
105.03195,820,11207.247457
35.419285,820,11207.247469
89.558716,820,11207.247482
89.15891,820,11207.247494
69.169655,820,11207.247507
92.086876,820,11207.24752
109.27667,820,11207.247532
109.33304,820,11207.247545
89.482315,820,11207.247558
109.05094,820,11287.434447
80.08766,820,11287.434499
106.49125,820,11287.434518
109.33304,820,11287.434532
96.171745,820,11287.434546
109.33304,820,11287.434559
83.31915,820,11287.434572
103.80505,820,11287.434584
42.69295,820,11287.434597
82.14061,820,11287.434611
89.21454,820,11287.434624
63.372646,820,11287.434637
91.50458,820,11287.43465
109.33252,820,11287.434663
109.33304,820,11287.434676
93.75442,820,11287.434689
109.33304,820,11359.563943
81.36791,820,11359.563994
106.28333,820,11359.564013
109.33304,820,11359.564028
94.3116,820,11359.564041
109.33304,820,11359.564055
82.54815,820,11359.564068
102.817345,820,11359.56408
37.95055,820,11359.564094
83.23407,820,11359.564107
87.84896,820,11359.564119
70.91861,820,11359.564134
94.14497,820,11359.564148
109.269104,820,11359.564161
109.33304,820,11359.564174
94.32381,820,11359.564187
109.29225,820,11431.638299
81.63548,820,11431.63835
106.27442,820,11431.63837
109.33304,820,11431.638385
95.55313,820,11431.638398
109.33304,820,11431.638412
84.607285,820,11431.638424
106.28714,820,11431.638438
30.456816,820,11431.638451
82.191315,820,11431.638464
91.38383,820,11431.638477
65.53561,820,11431.63849
94.26458,820,11431.638503
109.209045,820,11431.638515
109.33304,820,11431.638529
90.81033,820,11431.638541
108.38641,820,11511.835296
81.305145,820,11511.835348
105.25686,820,11511.835368
109.33304,820,11511.835382
93.11387,820,11511.835396
109.33304,820,11511.835409
84.67303,820,11511.835421
104.93737,820,11511.835434
35.55063,820,11511.835447
90.63836,820,11511.835459
89.56832,820,11511.835472
63.031303,820,11511.835485
91.40077,820,11511.835497
109.28049,820,11511.83551
109.33304,820,11511.835523
92.96197,820,11511.835536
109.33304,820,11584.054485
77.609764,820,11584.054537
106.704926,820,11584.054559
109.33304,820,11584.054576
95.63508,820,11584.054591
109.33304,820,11584.054605
78.22361,820,11584.054621
105.453896,820,11584.054634
36.025894,820,11584.054648
83.40405,820,11584.054661
90.186455,820,11584.054674
68.37719,820,11584.054688
92.04681,820,11584.054701
109.31391,820,11584.054714
109.33304,820,11584.054727
93.87643,820,11584.05474
