#{"t_start": 1755525951.3133087, "env_id": "None"}
r,l,t
106.01731,820,66.041857
-198.61142,820,66.041914
71.866554,820,66.041939
109.19971,820,66.041958
51.08426,820,66.041975
109.19971,820,66.041992
-55.896355,820,66.042009
40.873425,820,66.042025
-443.13345,820,66.042041
-300.8581,820,66.042058
-252.08296,820,66.042074
-135.16348,820,66.04209
-38.083145,820,66.042107
109.19971,820,66.042123
109.19971,820,66.042139
-64.72222,820,66.042155
108.152794,820,129.665725
-210.68573,820,129.665785
68.295395,820,129.66581
109.19971,820,129.665831
40.346592,820,129.66585
109.19971,820,129.665869
-165.0616,820,129.665888
47.18897,820,129.665907
-537.6076,820,129.665926
-182.21817,820,129.665944
-143.50182,820,129.665963
-117.34925,820,129.667577
-88.912415,820,129.667597
108.61582,820,129.667609
109.19971,820,129.667621
-24.11868,820,129.667633
108.15539,820,197.86596
-201.9414,820,197.865998
68.66523,820,197.866014
109.19971,820,197.866026
37.237064,820,197.866037
109.19971,820,197.866048
-74.29093,820,197.866058
48.951553,820,197.866068
-380.91098,820,197.866078
-91.08315,820,197.866088
-172.92273,820,197.866097
-130.69466,820,197.866106
-21.37597,820,197.866116
108.71295,820,197.866124
109.19971,820,197.866134
1.8972641,820,197.866143
108.153206,820,261.539091
-116.757744,820,261.539129
60.462444,820,261.539144
109.19971,820,261.539156
14.664545,820,261.539167
109.19971,820,261.539178
-28.01774,820,261.539188
28.927195,820,261.539198
-364.65323,820,261.539208
-67.993355,820,261.539218
-133.70259,820,261.539227
-55.699802,820,261.539236
-45.652374,820,261.539245
109.042336,820,261.539254
109.19971,820,261.539263
4.5150266,820,261.539272
106.73122,820,328.881301
-62.28313,820,328.881339
58.81624,820,328.881356
109.19971,820,328.881369
29.990831,820,328.881381
109.19971,820,328.881393
-42.501957,820,328.881405
14.143192,820,328.881417
-459.08444,820,328.881428
-95.76103,820,328.881439
-68.65029,820,328.881451
-42.53452,820,328.881463
8.937159,820,328.881474
109.11875,820,328.881485
109.19971,820,328.881496
-7.8270254,820,328.881508
108.15406,820,390.766788
-35.892525,820,390.766827
75.22074,820,390.766842
109.19971,820,390.766854
57.57984,820,390.766865
109.19971,820,390.766875
29.392376,820,390.766885
51.498535,820,390.766895
-136.7908,820,390.766904
-31.694384,820,390.766914
-55.917778,820,390.766923
-22.318602,820,390.766933
-3.7264965,820,390.766942
109.19467,820,390.766951
109.19971,820,390.76696
-11.3433,820,390.766969
107.95348,820,455.283336
-14.977053,820,455.283377
59.453056,820,455.283391
109.19971,820,455.283401
56.13121,820,455.28341
109.19971,820,455.283419
-27.585943,820,455.283428
41.931087,820,455.283437
-198.07932,820,455.283446
-58.061565,820,455.283455
-28.254221,820,455.283464
-18.91723,820,455.283472
13.459501,820,455.283481
109.19971,820,455.28349
109.19971,820,455.283499
22.252619,820,455.283507
105.8849,820,524.912272
-6.5943675,820,524.912314
59.745564,820,524.912329
109.19971,820,524.912341
40.06845,820,524.912352
109.19971,820,524.912362
17.399689,820,524.912372
56.50726,820,524.912382
-140.31252,820,524.912392
-19.16976,820,524.912401
-27.669613,820,524.91241
-6.938106,820,524.91242
28.716421,820,524.912429
108.830376,820,524.912438
109.19971,820,524.912447
-1.6136283,820,524.912457
109.19971,820,589.76744
-80.18353,820,589.767477
59.188046,820,589.767492
109.19971,820,589.767504
35.278408,820,589.767515
109.19971,820,589.767526
-3.7043104,820,589.767536
47.115646,820,589.767547
-124.85423,820,589.767557
-20.264975,820,589.767566
17.545805,820,589.767576
-28.1099,820,589.767586
11.327448,820,589.767594
108.74345,820,589.767604
109.19971,820,589.767613
15.985525,820,589.767622
105.67216,820,661.172544
-60.200867,820,661.172585
67.17993,820,661.172601
109.19971,820,661.172615
46.25407,820,661.172628
109.19971,820,661.17264
10.535505,820,661.172652
51.74574,820,661.172663
-124.19794,820,661.172675
-3.1688914,820,661.172687
9.532126,820,661.172698
-30.223856,820,661.17271
26.382801,820,661.172765
109.178055,820,661.172782
109.19971,820,661.172795
28.630198,820,661.172806
106.90884,820,727.51413
-47.648296,820,727.514174
64.377914,820,727.514189
109.19971,820,727.514199
-15.891716,820,727.514209
109.19971,820,727.514218
26.918404,820,727.514227
38.262783,820,727.514236
-76.59207,820,727.514245
-22.27777,820,727.514254
53.790382,820,727.514262
-10.366978,820,727.514271
44.220276,820,727.51428
108.82608,820,727.514289
109.19971,820,727.514297
19.424292,820,727.514307
108.16363,820,794.260337
20.007584,820,794.260378
59.513035,820,794.260392
109.19971,820,794.260402
41.473385,820,794.260411
109.19971,820,794.26042
21.890976,820,794.260429
62.3738,820,794.260438
-77.17292,820,794.260447
15.235471,820,794.260455
42.87484,820,794.260464
1.7230221,820,794.260473
37.839462,820,794.260482
108.82854,820,794.26049
109.19971,820,794.260499
26.139187,820,794.260508
106.22268,820,864.742041
-4.3071656,820,864.74208
62.174328,820,864.742095
109.19971,820,864.742107
37.27857,820,864.742118
109.19971,820,864.742128
44.58523,820,864.742139
54.479546,820,864.742148
-99.68348,820,864.742158
17.475058,820,864.742167
40.077293,820,864.742177
5.4423237,820,864.742186
54.472374,820,864.742195
108.96973,820,864.742204
109.19971,820,864.742213
47.722454,820,864.742222
107.01176,820,928.319597
16.682308,820,928.319631
65.43048,820,928.319646
109.19971,820,928.319659
54.40738,820,928.31967
109.19971,820,928.319681
42.94597,820,928.319693
63.15176,820,928.319704
-43.801117,820,928.319715
11.631006,820,928.319727
51.328358,820,928.319738
7.2434063,820,928.31975
61.272873,820,928.319761
108.08115,820,928.319772
109.19971,820,928.319783
41.9153,820,928.319794
108.165695,820,995.602539
17.693151,820,995.602575
65.121216,820,995.60259
109.19971,820,995.602602
48.876587,820,995.602613
109.19971,820,995.602624
42.606663,820,995.602635
51.802982,820,995.602645
-27.941328,820,995.602655
18.292269,820,995.602664
54.798985,820,995.602674
-0.34489787,820,995.602683
63.788635,820,995.602692
108.289154,820,995.602701
109.19971,820,995.602711
23.086575,820,995.60272
108.73654,820,1061.911922
13.968926,820,1061.911961
64.45348,820,1061.911975
109.19971,820,1061.911987
42.12887,820,1061.911999
109.19971,820,1061.912009
57.750015,820,1061.912019
62.356182,820,1061.91203
-43.677315,820,1061.912039
31.646162,820,1061.912049
62.71661,820,1061.912058
17.375301,820,1061.912068
53.804447,820,1061.912077
109.13831,820,1061.912086
109.19971,820,1061.912096
48.10464,820,1061.912105
107.01183,820,1127.357687
-17.687515,820,1127.35773
60.49083,820,1127.357744
109.19971,820,1127.357754
12.111687,820,1127.357764
109.19971,820,1127.357773
56.521503,820,1127.357782
69.15992,820,1127.357791
-9.9817705,820,1127.3578
26.955124,820,1127.35781
65.17306,820,1127.357819
-0.041637436,820,1127.357828
64.92156,820,1127.357837
108.768265,820,1127.357846
109.19971,820,1127.357856
50.277725,820,1127.357864
105.85963,820,1196.106503
40.03998,820,1196.106544
67.34692,820,1196.106559
109.19971,820,1196.106571
49.16588,820,1196.106582
109.19971,820,1196.106592
48.77629,820,1196.106602
75.12839,820,1196.106612
-18.070433,820,1196.106622
32.4139,820,1196.106632
67.5103,820,1196.106641
11.291503,820,1196.106651
64.42874,820,1196.10666
108.7143,820,1196.106669
109.19971,820,1196.106679
54.769943,820,1196.106688
109.19971,820,1258.942407
49.75619,820,1258.942446
64.31447,820,1258.942461
109.19971,820,1258.942471
51.212822,820,1258.942481
109.19971,820,1258.94249
67.273346,820,1258.9425
76.065186,820,1258.942509
-2.6970563,820,1258.942518
23.55286,820,1258.942527
64.5658,820,1258.942536
16.836632,820,1258.942545
67.85026,820,1258.942554
108.84128,820,1258.942563
109.19971,820,1258.942572
48.328236,820,1258.942581
108.05384,820,1328.649407
44.74092,820,1328.649446
63.500076,820,1328.649461
109.19971,820,1328.649473
61.333496,820,1328.649484
109.19971,820,1328.649496
54.966385,820,1328.649507
74.96137,820,1328.649518
-28.102499,820,1328.649574
34.088394,820,1328.649592
71.25123,820,1328.649604
10.921313,820,1328.649615
59.85179,820,1328.649626
108.80707,820,1328.649638
109.19971,820,1328.649649
48.2101,820,1328.64966
108.15133,820,1394.093234
11.876004,820,1394.093279
69.674446,820,1394.093295
109.19971,820,1394.093306
52.744656,820,1394.093316
109.19971,820,1394.093324
65.31215,820,1394.093333
70.05419,820,1394.093342
3.0214949,820,1394.093351
39.801228,820,1394.09336
60.65927,820,1394.093369
27.850561,820,1394.093378
68.74074,820,1394.093387
108.990776,820,1394.093396
109.19971,820,1394.093405
49.28118,820,1394.093414
109.19971,820,1459.331676
53.633385,820,1459.331717
61.659527,820,1459.331731
109.19971,820,1459.331742
43.322998,820,1459.331752
109.19971,820,1459.331761
64.56604,820,1459.331769
77.100815,820,1459.331779
9.299155,820,1459.331788
42.384247,820,1459.331797
64.79761,820,1459.331805
22.288082,820,1459.331814
69.01909,820,1459.331823
108.67217,820,1459.331832
109.19971,820,1459.331841
46.381607,820,1459.33185
108.15803,820,1535.408692
48.695114,820,1535.40873
61.812828,820,1535.408746
109.19971,820,1535.408759
42.163696,820,1535.408771
109.19971,820,1535.408783
65.63638,820,1535.408795
83.445335,820,1535.408806
8.316858,820,1535.408818
33.966293,820,1535.408829
62.874878,820,1535.408841
12.786343,820,1535.408859
75.022156,820,1535.408876
108.99147,820,1535.408888
109.19971,820,1535.408899
61.206116,820,1535.40891
102.878494,820,1600.618646
41.30019,820,1600.618697
70.129425,820,1600.618713
109.19971,820,1600.618724
31.53004,820,1600.618734
109.19971,820,1600.618743
67.436386,820,1600.618752
79.9552,820,1600.618762
9.605647,820,1600.618771
42.248287,820,1600.61878
77.18825,820,1600.61879
20.058455,820,1600.618799
73.14755,820,1600.618808
108.69562,820,1600.618818
109.19971,820,1600.618827
56.30865,820,1600.618836
109.19971,820,1674.45186
33.807602,820,1674.451902
64.434586,820,1674.451916
109.19971,820,1674.451927
45.736458,820,1674.451936
109.19971,820,1674.451946
61.938755,820,1674.451954
75.656425,820,1674.451963
25.577215,820,1674.451972
36.466003,820,1674.451981
72.12244,820,1674.45199
14.932948,820,1674.451999
74.96752,820,1674.452008
108.95094,820,1674.452017
109.19971,820,1674.452026
60.372345,820,1674.452035
107.753716,820,1745.954453
44.4075,820,1745.954497
58.787598,820,1745.954511
109.19971,820,1745.954522
1.312578,820,1745.954532
109.19971,820,1745.954541
72.176285,820,1745.95455
80.9884,820,1745.954559
16.29959,820,1745.954568
42.557167,820,1745.954577
76.8594,820,1745.954586
19.533525,820,1745.954595
81.257614,820,1745.954603
109.12604,820,1745.954612
109.19971,820,1745.954621
58.961655,820,1745.95463
104.63685,820,1813.501312
53.84161,820,1813.501355
59.456367,820,1813.501369
109.19971,820,1813.501379
55.95525,820,1813.501388
109.19971,820,1813.501397
74.6727,820,1813.501407
80.21553,820,1813.501416
10.270526,820,1813.501425
43.01622,820,1813.501434
76.63901,820,1813.501442
22.333416,820,1813.501451
76.013275,820,1813.50146
108.93015,820,1813.501469
109.19971,820,1813.501478
58.58768,820,1813.501487
105.84248,820,1887.558481
40.51122,820,1887.558518
64.38487,820,1887.558532
109.19971,820,1887.558543
58.449814,820,1887.558552
109.19971,820,1887.558562
74.447205,820,1887.55857
75.0052,820,1887.55858
13.828487,820,1887.558589
50.638317,820,1887.558598
80.623215,820,1887.558607
22.053602,820,1887.558616
80.144135,820,1887.558625
109.1579,820,1887.558634
109.19971,820,1887.558643
66.80044,820,1887.558652
104.63175,820,1954.993498
63.65085,820,1954.993536
67.46067,820,1954.99355
109.19971,820,1954.993561
-37.05577,820,1954.993571
109.19971,820,1954.99358
72.73841,820,1954.993589
78.906525,820,1954.993598
25.130083,820,1954.993608
43.19772,820,1954.993617
73.18449,820,1954.993626
13.514374,820,1954.993635
76.489204,820,1954.993644
109.19971,820,1954.993653
109.19971,820,1954.993662
64.55153,820,1954.99367
106.92954,820,2030.359569
55.378304,820,2030.359615
51.027206,820,2030.359634
109.19971,820,2030.359649
-11.159622,820,2030.359661
109.19971,820,2030.359673
69.19914,820,2030.359684
78.1048,820,2030.359695
27.199995,820,2030.359706
48.033676,820,2030.359717
74.770676,820,2030.359729
12.485778,820,2030.35974
72.74934,820,2030.359751
109.19971,820,2030.359762
109.19971,820,2030.359773
61.70501,820,2030.359784
108.15182,820,2099.075468
56.895676,820,2099.075517
68.43084,820,2099.075531
109.19971,820,2099.075541
6.5111504,820,2099.075551
109.19971,820,2099.075564
75.25347,820,2099.075576
89.02816,820,2099.075587
20.820217,820,2099.075597
51.753063,820,2099.075605
80.175766,820,2099.075614
13.145012,820,2099.075626
72.60377,820,2099.075635
108.92086,820,2099.075644
109.19971,820,2099.075653
59.265606,820,2099.075662
106.07098,820,2168.789916
65.68057,820,2168.78996
69.307304,820,2168.789973
109.19971,820,2168.789984
48.521656,820,2168.789994
109.19971,820,2168.790003
72.59445,820,2168.790012
78.50427,820,2168.790021
24.745747,820,2168.79003
45.94196,820,2168.790039
80.309685,820,2168.790048
18.195864,820,2168.790057
79.42579,820,2168.790065
108.532555,820,2168.790074
109.19971,820,2168.790083
67.32773,820,2168.790092
106.79925,820,2240.583192
48.854107,820,2240.583229
61.6018,820,2240.583245
109.19971,820,2240.583257
10.722664,820,2240.583267
109.19971,820,2240.583278
74.93745,820,2240.583288
87.80433,820,2240.583298
24.149616,820,2240.583308
45.70496,820,2240.583318
80.15992,820,2240.583328
25.07691,820,2240.583337
82.92194,820,2240.583346
108.87384,820,2240.583356
109.19971,820,2240.583365
63.54976,820,2240.583377
107.88461,820,2307.963655
56.7732,820,2307.963693
64.34863,820,2307.963709
109.19971,820,2307.963721
31.248007,820,2307.963732
109.19971,820,2307.963743
74.19781,820,2307.963753
82.89809,820,2307.963764
24.078968,820,2307.963774
46.47649,820,2307.963784
79.11004,820,2307.963793
29.487885,820,2307.963802
74.6019,820,2307.963812
108.99295,820,2307.963821
109.19971,820,2307.96383
62.536503,820,2307.96384
107.95304,820,2380.756504
58.496353,820,2380.756542
74.79964,820,2380.75656
109.19971,820,2380.756573
22.022144,820,2380.756587
109.19971,820,2380.756599
69.69682,820,2380.756611
89.33749,820,2380.756622
28.108746,820,2380.756634
47.41368,820,2380.756646
77.499664,820,2380.756657
17.571802,820,2380.756669
79.75411,820,2380.75668
108.944756,820,2380.756692
109.19971,820,2380.756704
62.94788,820,2380.756716
107.79156,820,2447.150748
44.307167,820,2447.150793
69.100746,820,2447.150808
109.19971,820,2447.15082
57.50793,820,2447.150833
109.19971,820,2447.150844
70.05552,820,2447.150856
89.913345,820,2447.150867
23.10178,820,2447.150878
40.52307,820,2447.15089
84.62631,820,2447.150901
18.939657,820,2447.150912
82.10551,820,2447.150923
108.54315,820,2447.150934
109.19971,820,2447.150946
63.979008,820,2447.150957
104.44754,820,2512.142379
61.43736,820,2512.142433
61.03092,820,2512.142449
109.19971,820,2512.142459
47.658398,820,2512.142469
109.19971,820,2512.142478
69.803406,820,2512.142488
88.053116,820,2512.142497
26.749887,820,2512.142505
49.210125,820,2512.142514
79.14327,820,2512.142524
20.487732,820,2512.142532
80.8818,820,2512.142541
108.65011,820,2512.14255
109.19971,820,2512.14256
54.95316,820,2512.142569
106.723854,820,2582.46708
58.727142,820,2582.467118
66.54512,820,2582.467133
109.19971,820,2582.467145
47.642456,820,2582.467155
109.19971,820,2582.467166
75.49754,820,2582.467175
82.42784,820,2582.467185
32.36523,820,2582.467195
56.49529,820,2582.467205
81.21314,820,2582.467214
18.96516,820,2582.46723
80.40368,820,2582.46724
108.76468,820,2582.467249
109.19971,820,2582.467258
61.58165,820,2582.467267
107.10434,820,2648.268885
65.66296,820,2648.268924
53.604195,820,2648.268938
109.19971,820,2648.268953
43.28163,820,2648.268964
109.19971,820,2648.268974
76.50717,820,2648.268983
88.53536,820,2648.268992
29.704405,820,2648.269001
53.42962,820,2648.26901
78.632454,820,2648.269019
24.925884,820,2648.269028
79.443535,820,2648.269037
109.08087,820,2648.269091
109.19971,820,2648.269106
67.06672,820,2648.269116
109.19971,820,2721.981209
60.04767,820,2721.981253
68.53533,820,2721.981268
109.19971,820,2721.981281
47.016552,820,2721.981293
109.19971,820,2721.981305
77.09768,820,2721.981316
85.81157,820,2721.981327
26.059526,820,2721.981338
46.378483,820,2721.981349
81.75329,820,2721.98136
20.217327,820,2721.981372
83.372185,820,2721.981383
109.011734,820,2721.981394
109.19971,820,2721.981405
66.91831,820,2721.981417
104.42785,820,2787.974846
59.80501,820,2787.97489
64.10606,820,2787.974905
109.19971,820,2787.974915
45.494946,820,2787.974925
109.19971,820,2787.974934
78.25669,820,2787.974943
83.536026,820,2787.974952
20.430408,820,2787.974961
51.735806,820,2787.97497
82.90652,820,2787.974979
14.47398,820,2787.974988
80.35555,820,2787.974997
109.06597,820,2787.975005
109.19971,820,2787.975014
59.08301,820,2787.975023
106.9245,820,2854.610019
62.712597,820,2854.61006
66.74879,820,2854.610075
109.19971,820,2854.610087
43.666756,820,2854.610098
109.19971,820,2854.610109
76.40356,820,2854.610119
92.520966,820,2854.61013
26.790812,820,2854.61014
58.691452,820,2854.61015
80.42978,820,2854.610159
8.659103,820,2854.610168
78.61397,820,2854.610178
108.997246,820,2854.610187
109.19971,820,2854.610196
65.70387,820,2854.610206
104.97634,820,2924.72925
61.192726,820,2924.729287
69.93316,820,2924.729303
109.19971,820,2924.729315
55.99728,820,2924.729326
109.19971,820,2924.729337
76.984146,820,2924.729347
90.46997,820,2924.729357
34.325905,820,2924.729367
51.47371,820,2924.729377
85.6005,820,2924.729386
22.695553,820,2924.729395
88.79338,820,2924.729405
108.87555,820,2924.729414
109.19971,820,2924.729424
68.57382,820,2924.729433
107.12411,820,2989.672809
62.755398,820,2989.672849
67.46207,820,2989.672863
109.19971,820,2989.672873
60.416992,820,2989.672883
109.19971,820,2989.672892
81.97272,820,2989.672901
91.71599,820,2989.67291
30.575218,820,2989.67292
54.5092,820,2989.672929
83.793,820,2989.672938
22.35123,820,2989.672946
81.69739,820,2989.672955
109.0365,820,2989.672964
109.19971,820,2989.672973
75.31219,820,2989.672982
109.19971,820,3060.243363
49.793404,820,3060.2434
61.350742,820,3060.243416
109.19971,820,3060.24343
44.05508,820,3060.243443
109.19971,820,3060.243455
77.06303,820,3060.243467
86.64209,820,3060.243478
34.290844,820,3060.24349
54.454754,820,3060.243501
78.77934,820,3060.243512
16.822433,820,3060.243523
81.81121,820,3060.243535
109.067055,820,3060.243546
109.19971,820,3060.243558
66.51499,820,3060.243569
109.19971,820,3126.229435
62.483288,820,3126.229481
69.64747,820,3126.229496
109.19971,820,3126.229509
59.990303,820,3126.229521
109.19971,820,3126.229532
81.31857,820,3126.229543
90.22342,820,3126.229554
31.963526,820,3126.229565
48.704903,820,3126.229576
82.040306,820,3126.229587
18.043907,820,3126.229598
81.72263,820,3126.22961
109.100174,820,3126.229621
109.19971,820,3126.229632
63.152702,820,3126.229644
103.78343,820,3192.986953
60.03871,820,3192.986993
67.2046,820,3192.987008
109.19971,820,3192.98702
52.226715,820,3192.987031
109.19971,820,3192.987041
76.65198,820,3192.987051
88.173676,820,3192.987061
34.581657,820,3192.987071
53.323524,820,3192.98708
84.625084,820,3192.987089
16.505474,820,3192.987101
83.42175,820,3192.987111
108.98784,820,3192.98712
109.19971,820,3192.987129
60.55073,820,3192.987138
108.1627,820,3266.353819
67.04934,820,3266.353854
74.89793,820,3266.353869
109.19971,820,3266.35388
41.433014,820,3266.35389
109.19971,820,3266.353899
79.03455,820,3266.353908
88.693436,820,3266.353917
29.858742,820,3266.353926
55.077995,820,3266.353935
79.818596,820,3266.353944
25.464647,820,3266.353953
82.39768,820,3266.353961
108.15856,820,3266.35397
109.19971,820,3266.353979
73.94552,820,3266.353988
109.19971,820,3331.092113
56.858402,820,3331.092155
57.53601,820,3331.09217
109.19971,820,3331.092182
50.895786,820,3331.092194
109.19971,820,3331.092205
81.22578,820,3331.092216
82.46279,820,3331.092231
32.516384,820,3331.092245
47.67387,820,3331.092257
82.83378,820,3331.092268
13.84636,820,3331.092278
84.23372,820,3331.092289
108.83554,820,3331.0923
109.19971,820,3331.092312
66.14947,820,3331.092323
109.19971,820,3401.567127
55.65933,820,3401.567166
72.85438,820,3401.567181
109.19971,820,3401.567192
51.995365,820,3401.567201
109.19971,820,3401.567211
76.7425,820,3401.56722
83.11745,820,3401.56723
36.037968,820,3401.567239
52.89812,820,3401.567248
80.56177,820,3401.567257
13.008267,820,3401.567266
88.172646,820,3401.567276
108.39925,820,3401.567284
109.19971,820,3401.567293
73.98273,820,3401.567302
107.109116,820,3470.369154
61.449295,820,3470.369198
60.611115,820,3470.369212
109.19971,820,3470.369222
57.4731,820,3470.369231
109.19971,820,3470.369241
74.83618,820,3470.36925
93.02613,820,3470.369259
28.81987,820,3470.369268
47.07494,820,3470.369277
86.19466,820,3470.369286
23.905264,820,3470.369295
85.75426,820,3470.369304
109.078125,820,3470.369313
109.19971,820,3470.369322
65.59492,820,3470.369331
104.371895,820,3538.684622
59.898094,820,3538.684657
64.75287,820,3538.684673
109.19971,820,3538.684687
61.14199,820,3538.684699
109.19971,820,3538.684711
75.1938,820,3538.684722
85.25638,820,3538.684734
30.080393,820,3538.684745
60.740437,820,3538.684757
83.15384,820,3538.684768
30.452055,820,3538.684779
80.239655,820,3538.684791
108.01668,820,3538.684802
109.19971,820,3538.684813
71.82845,820,3538.684825
106.83482,820,3612.148272
65.19118,820,3612.148334
71.58708,820,3612.148355
109.19971,820,3612.148368
63.5617,820,3612.14839
109.19971,820,3612.148406
69.11228,820,3612.148418
95.937744,820,3612.14843
29.577196,820,3612.148442
55.570698,820,3612.148453
83.52315,820,3612.148464
27.708073,820,3612.148476
84.98681,820,3612.148487
108.992256,820,3612.148499
109.19971,820,3612.148511
73.14387,820,3612.148522
107.842995,820,3686.660244
62.68042,820,3686.66028
65.01568,820,3686.660295
109.19971,820,3686.660307
67.886894,820,3686.660318
109.19971,820,3686.660329
79.699875,820,3686.660339
92.00537,820,3686.660349
32.63384,820,3686.660358
52.75755,820,3686.660367
87.11532,820,3686.660377
20.741514,820,3686.660386
85.19512,820,3686.660395
109.00445,820,3686.660404
109.19971,820,3686.660414
63.772713,820,3686.660423
106.07133,820,3758.98613
62.248787,820,3758.9862
64.99437,820,3758.986219
109.19971,820,3758.986232
62.02405,820,3758.986244
109.19971,820,3758.986255
75.76893,820,3758.986267
88.72556,820,3758.986278
32.086216,820,3758.986289
58.321953,820,3758.9863
84.073135,820,3758.986312
31.239744,820,3758.986323
79.2187,820,3758.986334
109.19971,820,3758.986352
109.19971,820,3758.986366
70.08931,820,3758.986376
109.19971,820,3822.027608
52.10963,820,3822.027652
71.78183,820,3822.027666
109.19971,820,3822.027676
57.231823,820,3822.027686
109.19971,820,3822.027695
83.82375,820,3822.027704
90.23351,820,3822.027715
36.653927,820,3822.027725
59.40921,820,3822.027734
87.73834,820,3822.027743
26.153904,820,3822.027752
88.494736,820,3822.02776
108.68912,820,3822.02777
109.19971,820,3822.027779
75.756874,820,3822.027788
108.15938,820,3889.705461
66.47483,820,3889.705499
68.838165,820,3889.705514
109.19971,820,3889.705527
60.497253,820,3889.705537
109.19971,820,3889.705548
74.22981,820,3889.705559
92.31103,820,3889.705569
34.68726,820,3889.705578
55.353218,820,3889.705588
85.540215,820,3889.705597
23.780712,820,3889.705607
83.70823,820,3889.705616
108.93693,820,3889.705626
109.19971,820,3889.705635
72.65841,820,3889.705644
107.96061,820,3958.53774
43.364216,820,3958.537775
71.68222,820,3958.53779
109.19971,820,3958.537802
59.748234,820,3958.537813
109.19971,820,3958.537824
76.18524,820,3958.537834
88.36289,820,3958.537845
36.647896,820,3958.537854
52.58194,820,3958.537864
81.93701,820,3958.537873
24.974148,820,3958.537882
87.216156,820,3958.537891
109.039314,820,3958.537901
109.19971,820,3958.53791
72.60215,820,3958.53792
109.19971,820,4023.31584
58.474663,820,4023.315882
59.426365,820,4023.3159
109.19971,820,4023.315915
57.85036,820,4023.315927
109.19971,820,4023.315939
75.0118,820,4023.315951
95.910126,820,4023.31596
34.91651,820,4023.315969
57.212322,820,4023.315978
84.65829,820,4023.315987
26.756248,820,4023.315996
85.1273,820,4023.316005
108.717865,820,4023.316013
109.19971,820,4023.316022
72.37954,820,4023.316031
109.19971,820,4093.40779
56.990917,820,4093.407831
62.970394,820,4093.407847
109.19971,820,4093.407858
52.9505,820,4093.407867
109.19971,820,4093.407876
74.693756,820,4093.407885
94.56481,820,4093.407894
31.041288,820,4093.407903
56.207573,820,4093.407912
81.52379,820,4093.407921
20.668018,820,4093.40793
86.42349,820,4093.407939
108.46875,820,4093.407948
109.19971,820,4093.407957
71.74566,820,4093.407966
109.19971,820,4158.692833
61.15471,820,4158.692877
65.68435,820,4158.692891
109.19971,820,4158.692901
62.07512,820,4158.692911
109.19971,820,4158.69292
79.08529,820,4158.692929
91.28181,820,4158.692939
39.56003,820,4158.692947
51.89056,820,4158.692956
82.0306,820,4158.692965
23.503237,820,4158.692974
82.84081,820,4158.692983
108.71009,820,4158.692992
109.19971,820,4158.693001
74.05422,820,4158.69301
108.16388,820,4226.970352
61.729794,820,4226.970387
69.80563,820,4226.970407
109.19971,820,4226.970418
64.32173,820,4226.970427
109.19971,820,4226.970436
73.62572,820,4226.970445
87.78966,820,4226.970454
29.517881,820,4226.970463
48.723408,820,4226.970472
83.07587,820,4226.970481
19.965624,820,4226.97049
83.75548,820,4226.970499
109.11287,820,4226.970509
109.19971,820,4226.970517
67.575836,820,4226.970526
107.12543,820,4302.116734
59.218685,820,4302.116774
66.458466,820,4302.11679
109.19971,820,4302.116804
66.36421,820,4302.116816
109.19971,820,4302.116828
77.83662,820,4302.11684
93.39138,820,4302.116851
31.722607,820,4302.116863
54.142853,820,4302.116874
79.893585,820,4302.116885
17.797558,820,4302.116897
86.434944,820,4302.116908
108.915886,820,4302.11692
109.19971,820,4302.116931
69.92165,820,4302.116942
105.86778,820,4370.326906
61.148964,820,4370.326944
67.497475,820,4370.326959
109.19971,820,4370.32697
69.12288,820,4370.32698
109.19971,820,4370.326989
73.84792,820,4370.326998
90.96531,820,4370.327007
29.56353,820,4370.327016
50.738945,820,4370.327025
84.144936,820,4370.327034
19.175768,820,4370.327043
83.66643,820,4370.327052
109.18269,820,4370.32706
109.19971,820,4370.327069
73.671585,820,4370.327078
108.1441,820,4443.188847
62.37413,820,4443.188887
57.508366,820,4443.188901
109.19971,820,4443.188913
65.92512,820,4443.188922
109.19971,820,4443.188931
79.82199,820,4443.188941
93.12248,820,4443.188949
33.866863,820,4443.188958
57.578754,820,4443.188967
83.95415,820,4443.188976
15.85971,820,4443.188985
86.1485,820,4443.188994
109.18418,820,4443.189003
109.19971,820,4443.189012
68.62144,820,4443.189021
107.11984,820,4509.096348
62.851395,820,4509.096392
61.928757,820,4509.096406
109.19971,820,4509.096417
59.25652,820,4509.096426
109.19971,820,4509.096436
76.50348,820,4509.096445
90.46432,820,4509.096454
31.215189,820,4509.096462
62.667194,820,4509.096471
88.32314,820,4509.09648
25.219732,820,4509.096489
80.56859,820,4509.096498
108.99887,820,4509.096507
109.19971,820,4509.096516
76.66213,820,4509.096524
107.95466,820,4576.76276
58.536068,820,4576.762797
68.32605,820,4576.762812
109.19971,820,4576.762824
69.59931,820,4576.762834
109.19971,820,4576.762845
85.12052,820,4576.762855
94.10699,820,4576.762865
39.025314,820,4576.762875
53.79871,820,4576.762885
86.046135,820,4576.762894
26.055624,820,4576.762903
85.5967,820,4576.762913
108.937515,820,4576.762922
109.19971,820,4576.762931
72.83384,820,4576.76294
109.19971,820,4649.942137
62.184723,820,4649.94218
71.37767,820,4649.942195
109.19971,820,4649.942207
75.74618,820,4649.942219
109.19971,820,4649.942229
75.46896,820,4649.94224
90.812325,820,4649.94225
32.995853,820,4649.94226
54.55821,820,4649.942269
84.88842,820,4649.942279
26.32602,820,4649.942288
86.06062,820,4649.942297
109.06508,820,4649.94231
109.19971,820,4649.942322
69.84794,820,4649.942332
107.01882,820,4718.038857
69.434364,820,4718.038896
64.18699,820,4718.038909
109.19971,820,4718.03892
61.74602,820,4718.038929
109.19971,820,4718.038938
81.464424,820,4718.038947
91.385124,820,4718.038956
27.777252,820,4718.038965
58.36595,820,4718.038974
83.72634,820,4718.038983
20.682884,820,4718.038991
84.55806,820,4718.039
108.82097,820,4718.039009
109.19971,820,4718.039018
72.44873,820,4718.039027
109.19971,820,4791.531092
61.59672,820,4791.531134
67.12523,820,4791.531148
109.19971,820,4791.531158
74.382645,820,4791.531168
109.19971,820,4791.531177
84.82657,820,4791.531186
92.69169,820,4791.531195
29.907047,820,4791.531204
54.376667,820,4791.531214
84.7358,820,4791.531223
21.178452,820,4791.531232
85.013954,820,4791.531241
108.816925,820,4791.53125
109.19971,820,4791.531259
73.18604,820,4791.531268
109.19971,820,4861.451864
63.96681,820,4861.451905
77.35944,820,4861.451921
109.19971,820,4861.451935
61.826115,820,4861.451948
109.19971,820,4861.45196
77.54257,820,4861.451972
93.090485,820,4861.451983
35.193733,820,4861.451995
55.743896,820,4861.452007
89.37056,820,4861.452018
22.416794,820,4861.45203
89.99828,820,4861.452041
109.179375,820,4861.452053
109.19971,820,4861.452064
73.105675,820,4861.452075
109.19971,820,4928.119105
59.98981,820,4928.119143
53.612053,820,4928.119159
109.19971,820,4928.119171
69.80012,820,4928.119184
109.19971,820,4928.119196
77.73609,820,4928.119205
93.45694,820,4928.119215
32.70716,820,4928.119224
57.966457,820,4928.119233
84.97556,820,4928.119242
31.631435,820,4928.119251
85.3878,820,4928.11926
109.01444,820,4928.11927
109.19971,820,4928.119278
75.47045,820,4928.119287
108.162674,820,4994.620825
68.38483,820,4994.620866
71.502335,820,4994.62088
109.19971,820,4994.62089
75.05801,820,4994.620899
109.19971,820,4994.620909
78.77908,820,4994.620918
92.17433,820,4994.620927
36.04548,820,4994.620936
58.116528,820,4994.620945
86.59452,820,4994.620954
26.858103,820,4994.620963
86.92154,820,4994.620972
108.80807,820,4994.620981
109.19971,820,4994.62099
79.87613,820,4994.620999
105.76193,820,5062.857853
54.383873,820,5062.857899
62.714108,820,5062.85792
109.19971,820,5062.857938
73.88817,820,5062.857949
109.19971,820,5062.857962
78.65224,820,5062.857972
93.71198,820,5062.857997
30.942226,820,5062.858014
60.815105,820,5062.858025
85.22245,820,5062.858034
25.707275,820,5062.858044
83.646935,820,5062.858052
108.78908,820,5062.858064
109.19971,820,5062.858074
76.938156,820,5062.858083
108.16687,820,5137.228475
57.84919,820,5137.228516
64.250854,820,5137.228531
109.19971,820,5137.228544
70.667625,820,5137.228554
109.19971,820,5137.228565
77.65147,820,5137.228575
95.702286,820,5137.228585
39.247814,820,5137.228595
56.00808,820,5137.228604
82.6103,820,5137.228614
22.786724,820,5137.228623
85.49339,820,5137.228632
109.086624,820,5137.228642
109.19971,820,5137.228651
74.70716,820,5137.228663
105.97063,820,5202.927572
65.8547,820,5202.92761
65.50603,820,5202.927624
109.19971,820,5202.927634
75.451294,820,5202.927644
109.19971,820,5202.927653
78.7808,820,5202.927662
96.007614,820,5202.927671
37.018562,820,5202.92768
64.179756,820,5202.927689
83.763214,820,5202.927698
26.954222,820,5202.927707
88.73056,820,5202.927716
108.89733,820,5202.927725
109.19971,820,5202.927734
73.71059,820,5202.927743
107.12028,820,5270.279248
63.429382,820,5270.279288
63.12035,820,5270.279302
109.19971,820,5270.279312
73.94781,820,5270.279321
109.19971,820,5270.27933
82.5047,820,5270.27934
95.32061,820,5270.279348
35.916172,820,5270.279357
57.605637,820,5270.279366
85.3567,820,5270.279376
24.028393,820,5270.279384
84.617386,820,5270.279393
108.347786,820,5270.279402
109.19971,820,5270.279411
73.88172,820,5270.27942
109.19971,820,5341.402958
51.168518,820,5341.402998
63.619503,820,5341.403014
109.19971,820,5341.403028
53.795773,820,5341.403041
109.19971,820,5341.403053
81.3038,820,5341.403065
96.06124,820,5341.403076
35.775833,820,5341.40315
60.585464,820,5341.403169
86.001205,820,5341.403181
26.794884,820,5341.403193
87.53388,820,5341.403204
108.692375,820,5341.403216
109.19971,820,5341.403227
78.44775,820,5341.403238
109.19971,820,5406.427764
61.463634,820,5406.427802
70.92045,820,5406.427817
109.19971,820,5406.42783
78.02262,820,5406.427841
109.19971,820,5406.427853
78.364784,820,5406.427864
91.00232,820,5406.427876
32.17948,820,5406.427887
51.04817,820,5406.427898
88.429016,820,5406.42791
25.696428,820,5406.427921
86.50422,820,5406.427932
108.61662,820,5406.427944
109.19971,820,5406.427955
77.95802,820,5406.427966
106.1598,820,5479.820376
61.070667,820,5479.820421
73.18869,820,5479.820437
109.19971,820,5479.82045
74.61712,820,5479.820462
109.19971,820,5479.820473
78.95842,820,5479.820485
96.290276,820,5479.820496
37.685493,820,5479.820507
64.4045,820,5479.820518
85.25045,820,5479.82053
33.662025,820,5479.820541
89.541695,820,5479.820553
108.1794,820,5479.820564
109.19971,820,5479.820575
78.87104,820,5479.820586
108.15956,820,5545.73535
63.13741,820,5545.735389
61.66889,820,5545.735405
109.19971,820,5545.735417
76.425766,820,5545.735429
109.19971,820,5545.735439
81.38728,820,5545.735449
91.79216,820,5545.735459
30.26571,820,5545.735469
58.836456,820,5545.735479
86.602585,820,5545.735489
23.473982,820,5545.735498
88.87182,820,5545.735507
109.02394,820,5545.735517
109.19971,820,5545.735526
75.65039,820,5545.735536
107.11413,820,5612.199721
59.518684,820,5612.199755
69.002975,820,5612.199771
109.19971,820,5612.199783
66.483665,820,5612.199793
109.19971,820,5612.199804
83.590004,820,5612.199814
95.60331,820,5612.199824
39.25303,820,5612.199834
61.80539,820,5612.199843
88.345055,820,5612.199852
23.98134,820,5612.199862
86.07178,820,5612.199871
109.0322,820,5612.19988
109.19971,820,5612.199889
72.07817,820,5612.199898
107.11305,820,5684.49367
62.57872,820,5684.493712
69.957146,820,5684.493727
109.19971,820,5684.493739
65.05684,820,5684.493751
109.19971,820,5684.493761
78.581314,820,5684.493771
92.753784,820,5684.493782
39.342083,820,5684.493791
61.00748,820,5684.493801
85.92796,820,5684.49381
22.98141,820,5684.49382
86.93714,820,5684.493829
108.47421,820,5684.493839
109.19971,820,5684.493848
70.9393,820,5684.493857
109.19971,820,5750.956609
68.80749,820,5750.956652
71.74182,820,5750.956666
109.19971,820,5750.956676
76.57017,820,5750.956686
109.19971,820,5750.956695
81.86145,820,5750.956704
93.146545,820,5750.956713
37.607616,820,5750.956722
57.318512,820,5750.956731
86.063805,820,5750.956739
24.414597,820,5750.956748
88.2393,820,5750.956757
109.09354,820,5750.956766
109.19971,820,5750.956775
74.612236,820,5750.956783
109.19971,820,5820.551563
65.1859,820,5820.551602
68.46185,820,5820.551618
109.19971,820,5820.55163
73.60263,820,5820.551641
109.19971,820,5820.551652
78.83305,820,5820.551662
92.63389,820,5820.551672
38.925823,820,5820.551682
64.78941,820,5820.551692
89.353386,820,5820.551701
16.567574,820,5820.55171
84.76176,820,5820.55172
109.18509,820,5820.551729
109.19971,820,5820.551739
74.7182,820,5820.551748
109.19971,820,5890.291954
62.907055,820,5890.291993
63.834446,820,5890.292008
109.19971,820,5890.292021
76.35979,820,5890.292032
109.19971,820,5890.292043
85.288,820,5890.292055
95.000656,820,5890.292066
30.902536,820,5890.292078
60.905922,820,5890.292089
88.00674,820,5890.2921
22.629349,820,5890.292111
85.2853,820,5890.292123
108.83992,820,5890.292134
109.19971,820,5890.292145
73.891975,820,5890.292156
105.88015,820,5954.188812
61.73388,820,5954.188854
72.63229,820,5954.188869
109.19971,820,5954.188882
68.52884,820,5954.188894
109.19971,820,5954.188905
82.62941,820,5954.188916
93.64606,820,5954.188928
35.751392,820,5954.188939
50.55105,820,5954.18895
81.620125,820,5954.188962
26.485487,820,5954.188973
88.645645,820,5954.188984
109.04048,820,5954.188996
109.19971,820,5954.189007
76.35802,820,5954.189018
105.967354,820,6022.995676
58.81235,820,6022.995713
66.51431,820,6022.995728
109.19971,820,6022.995743
70.77659,820,6022.995757
109.19971,820,6022.995769
87.71452,820,6022.99578
97.41934,820,6022.995792
37.89362,820,6022.995803
64.97927,820,6022.995814
85.389404,820,6022.995825
23.36953,820,6022.995837
86.80938,820,6022.995848
108.93715,820,6022.995859
109.19971,820,6022.99587
78.72571,820,6022.995881
104.71745,820,6083.944693
65.4663,820,6083.944731
67.69354,820,6083.944745
109.19971,820,6083.944755
74.61468,820,6083.944765
109.19971,820,6083.944774
82.37482,820,6083.944783
95.96046,820,6083.944792
37.997337,820,6083.9448
63.029007,820,6083.94481
84.59862,820,6083.944819
28.283617,820,6083.944828
87.13215,820,6083.944837
108.76129,820,6083.944846
109.19971,820,6083.944854
76.747696,820,6083.944864
109.19971,820,6153.562891
62.129242,820,6153.562931
64.37818,820,6153.562947
109.19971,820,6153.56296
79.431206,820,6153.562972
109.19971,820,6153.562984
83.77559,820,6153.562995
98.59445,820,6153.563007
38.048702,820,6153.563019
61.051632,820,6153.56303
87.3856,820,6153.563042
28.945171,820,6153.563053
88.978615,820,6153.563064
109.07614,820,6153.563076
109.19971,820,6153.563087
81.24516,820,6153.563098
105.612236,820,6219.566272
63.96589,820,6219.566311
68.05297,820,6219.566325
109.19971,820,6219.566336
77.68895,820,6219.566345
109.19971,820,6219.566355
82.88128,820,6219.566364
94.390724,820,6219.566373
39.02942,820,6219.566381
56.87111,820,6219.566391
86.23135,820,6219.566399
22.70043,820,6219.566408
84.74458,820,6219.566417
108.58669,820,6219.566426
109.19971,820,6219.566435
72.39002,820,6219.566443
109.19971,820,6286.142085
63.241356,820,6286.142124
59.573605,820,6286.142139
109.19971,820,6286.142151
73.47508,820,6286.142162
109.19971,820,6286.142172
85.857315,820,6286.142182
96.20994,820,6286.142192
39.28369,820,6286.142202
63.3472,820,6286.142211
84.859795,820,6286.14222
36.888145,820,6286.14223
86.04965,820,6286.142239
108.37271,820,6286.142249
109.19971,820,6286.142258
72.51702,820,6286.142268
108.14865,820,6358.089794
57.601357,820,6358.089837
64.40645,820,6358.089851
109.19971,820,6358.089861
68.893005,820,6358.089871
109.19971,820,6358.08988
85.88669,820,6358.08989
99.80714,820,6358.089898
34.936447,820,6358.089907
55.448345,820,6358.089916
86.92063,820,6358.089925
25.466267,820,6358.089934
87.88096,820,6358.089943
108.86031,820,6358.089952
109.19971,820,6358.089961
78.67225,820,6358.08997
107.84499,820,6426.36954
59.003235,820,6426.369613
69.48148,820,6426.369629
109.19971,820,6426.36964
72.64485,820,6426.369649
109.19971,820,6426.369658
78.561386,820,6426.369667
96.559204,820,6426.369676
43.875446,820,6426.369685
62.920155,820,6426.369694
85.477875,820,6426.369702
23.423979,820,6426.369712
86.823135,820,6426.36972
109.1842,820,6426.369729
109.19971,820,6426.369738
75.63186,820,6426.369747
109.19971,820,6496.332943
66.16825,820,6496.332979
62.063553,820,6496.332993
109.19971,820,6496.333004
82.72836,820,6496.333014
109.19971,820,6496.333022
84.37903,820,6496.333032
94.99631,820,6496.333041
36.740128,820,6496.33305
58.978683,820,6496.333059
87.99958,820,6496.333068
31.498766,820,6496.333077
83.34008,820,6496.333086
108.78098,820,6496.333095
109.19971,820,6496.333104
80.51685,820,6496.333113
109.19971,820,6559.487224
63.43362,820,6559.487264
62.621723,820,6559.487278
109.19971,820,6559.487288
71.07894,820,6559.487298
109.19971,820,6559.487307
83.980446,820,6559.487316
96.86534,820,6559.487325
35.42093,820,6559.487334
58.1209,820,6559.487343
90.24465,820,6559.487351
31.988005,820,6559.48736
89.2352,820,6559.48737
109.01088,820,6559.487379
109.19971,820,6559.487388
79.46923,820,6559.487396
108.937706,820,6624.369243
72.16256,820,6624.369283
64.350204,820,6624.369298
109.19971,820,6624.36931
78.43801,820,6624.369321
109.19971,820,6624.369331
83.8663,820,6624.369341
93.45705,820,6624.369351
44.132347,820,6624.369361
61.68064,820,6624.369371
87.24631,820,6624.36938
27.336018,820,6624.36939
87.28895,820,6624.369399
108.2788,820,6624.369408
109.19971,820,6624.36942
82.41311,820,6624.369431
107.11618,820,6694.309169
65.644646,820,6694.309208
66.72606,820,6694.309223
109.19971,820,6694.309235
72.42721,820,6694.309246
109.19971,820,6694.309256
85.05016,820,6694.309267
94.74682,820,6694.309277
38.265717,820,6694.309287
60.593372,820,6694.309296
85.089355,820,6694.309306
23.814486,820,6694.309317
84.73579,820,6694.309328
109.04954,820,6694.309337
109.19971,820,6694.309346
70.71199,820,6694.309355
107.867935,820,6755.963197
60.552765,820,6755.963242
75.91693,820,6755.963256
109.19971,820,6755.963267
67.57221,820,6755.963276
109.19971,820,6755.963285
85.24062,820,6755.963295
94.57712,820,6755.963303
41.66486,820,6755.963312
57.44513,820,6755.963321
90.21808,820,6755.96333
18.109543,820,6755.963339
87.87375,820,6755.963348
108.539925,820,6755.963357
109.19971,820,6755.963366
72.95143,820,6755.963375
109.19971,820,6821.487305
58.138496,820,6821.487345
71.8671,820,6821.487361
109.19971,820,6821.487375
74.16268,820,6821.487388
109.19971,820,6821.4874
87.1581,820,6821.487412
95.43707,820,6821.487423
32.98711,820,6821.487435
54.26366,820,6821.487446
83.27911,820,6821.487458
34.848618,820,6821.487469
88.43077,820,6821.487481
108.78181,820,6821.487492
109.19971,820,6821.487503
70.22279,820,6821.487515
107.13133,820,6882.782624
62.1787,820,6882.782662
59.318386,820,6882.782677
109.19971,820,6882.782688
77.36363,820,6882.782697
109.19971,820,6882.782707
83.70138,820,6882.782716
97.58318,820,6882.782725
35.0203,820,6882.782733
61.548748,820,6882.782743
86.067276,820,6882.782752
23.219444,820,6882.78276
87.27608,820,6882.78277
109.17547,820,6882.782779
109.19971,820,6882.782788
78.69049,820,6882.782797
106.90764,820,6944.105164
55.581226,820,6944.1052
64.23571,820,6944.105216
109.19971,820,6944.105228
63.993256,820,6944.105239
109.19971,820,6944.10525
86.48746,820,6944.105261
99.6003,820,6944.105271
36.50015,820,6944.105281
62.40968,820,6944.10529
89.32133,820,6944.1053
15.500231,820,6944.105309
89.018074,820,6944.105319
108.74312,820,6944.105328
109.19971,820,6944.105338
76.50473,820,6944.105347
106.821434,820,7010.009175
58.613235,820,7010.009217
66.50987,820,7010.009232
109.19971,820,7010.009245
79.686226,820,7010.009257
109.19971,820,7010.009269
83.51982,820,7010.00928
95.593,820,7010.009291
35.622784,820,7010.009302
63.035725,820,7010.009314
83.619576,820,7010.009325
27.544172,820,7010.009336
89.83423,820,7010.009347
108.96643,820,7010.009358
109.19971,820,7010.009369
73.93568,820,7010.00938
104.73181,820,7071.369954
67.25284,820,7071.369995
64.8179,820,7071.370009
109.19971,820,7071.370019
73.96545,820,7071.370029
109.19971,820,7071.370038
81.42085,820,7071.370047
93.29414,820,7071.370056
36.370754,820,7071.370064
63.946564,820,7071.370074
82.71299,820,7071.370083
27.780224,820,7071.370092
88.9936,820,7071.370101
109.10249,820,7071.370109
109.19971,820,7071.370119
83.25362,820,7071.370128
107.016525,820,7137.399771
64.6723,820,7137.399815
65.87712,820,7137.39983
109.19971,820,7137.399841
82.736145,820,7137.399852
109.19971,820,7137.399862
88.35977,820,7137.399872
97.569,820,7137.399882
44.28685,820,7137.399891
56.22202,820,7137.399901
84.7303,820,7137.39991
26.132502,820,7137.39992
85.52597,820,7137.399929
108.536,820,7137.399938
109.19971,820,7137.399947
76.915955,820,7137.399957
109.19971,820,7198.497965
61.53239,820,7198.498004
61.993095,820,7198.498021
109.19971,820,7198.498034
79.767685,820,7198.498047
109.19971,820,7198.498059
82.882,820,7198.49807
96.43544,820,7198.498082
41.23524,820,7198.498094
63.773056,820,7198.498105
82.74575,820,7198.498116
24.464567,820,7198.498127
84.270164,820,7198.498139
108.63234,820,7198.49815
109.19971,820,7198.498162
76.00963,820,7198.498173
105.023445,820,7259.476113
65.12341,820,7259.476149
65.04795,820,7259.476165
109.19971,820,7259.476179
72.80829,820,7259.476192
109.19971,820,7259.476203
88.15417,820,7259.476215
98.53573,820,7259.476226
36.682343,820,7259.476238
58.74494,820,7259.476254
88.15056,820,7259.476268
30.484707,820,7259.47628
85.119896,820,7259.476291
108.785965,820,7259.476303
109.19971,820,7259.476314
79.46411,820,7259.476325
106.90864,820,7325.390923
64.967575,820,7325.390965
62.78519,820,7325.39098
109.19971,820,7325.390992
82.10805,820,7325.391003
109.19971,820,7325.391014
84.94816,820,7325.391024
100.257034,820,7325.391034
39.54814,820,7325.391044
54.87108,820,7325.391053
86.09808,820,7325.391063
21.706423,820,7325.391072
87.49513,820,7325.391081
108.62537,820,7325.39109
109.19971,820,7325.3911
78.7195,820,7325.391109
106.072784,820,7392.764461
68.189865,820,7392.764499
61.152386,820,7392.764515
109.19971,820,7392.764528
74.93401,820,7392.764541
109.19971,820,7392.764553
83.47278,820,7392.764564
96.34697,820,7392.764575
35.92195,820,7392.764587
62.77664,820,7392.764598
85.834496,820,7392.76461
22.738304,820,7392.764621
85.629906,820,7392.764632
109.08681,820,7392.764643
109.19971,820,7392.764655
80.37528,820,7392.764666
109.19971,820,7465.978647
65.52905,820,7465.978686
72.95046,820,7465.978701
109.19971,820,7465.978713
79.81184,820,7465.978724
109.19971,820,7465.978735
86.24665,820,7465.978745
96.76106,820,7465.978755
36.20869,820,7465.978765
60.406883,820,7465.978775
85.38344,820,7465.978784
20.845783,820,7465.978793
86.02932,820,7465.978803
109.02308,820,7465.978813
109.19971,820,7465.978822
75.922676,820,7465.978838
109.19971,820,7533.954867
64.46501,820,7533.954906
65.667725,820,7533.954923
109.19971,820,7533.954936
74.36856,820,7533.954949
109.19971,820,7533.954961
80.27991,820,7533.954973
99.287224,820,7533.954984
41.527298,820,7533.954996
60.82303,820,7533.955008
85.10632,820,7533.955019
35.751366,820,7533.95503
85.34186,820,7533.955042
109.13076,820,7533.955053
109.19971,820,7533.955065
78.666885,820,7533.955076
106.50682,820,7601.281049
66.762115,820,7601.28109
65.486404,820,7601.281104
109.19971,820,7601.281114
74.62856,820,7601.281123
109.19971,820,7601.281133
83.127426,820,7601.281142
100.62408,820,7601.28115
32.82354,820,7601.281159
65.64687,820,7601.281168
87.90404,820,7601.281177
29.189842,820,7601.281186
89.25662,820,7601.281195
108.95945,820,7601.281204
109.19971,820,7601.281213
76.89303,820,7601.281222
107.85212,820,7670.569461
67.31716,820,7670.569506
64.75465,820,7670.569521
109.19971,820,7670.569533
77.47409,820,7670.569546
109.19971,820,7670.569557
82.239685,820,7670.569568
99.63839,820,7670.569579
36.100414,820,7670.569591
59.858894,820,7670.569602
84.453094,820,7670.569613
20.84858,820,7670.569625
87.87192,820,7670.569636
108.72687,820,7670.569647
109.19971,820,7670.569658
77.24191,820,7670.569669
107.8611,820,7730.770437
65.24814,820,7730.770477
63.03934,820,7730.770491
109.19971,820,7730.770501
69.650505,820,7730.770511
109.19971,820,7730.77052
84.34573,820,7730.77053
97.71779,820,7730.770539
35.128017,820,7730.770548
63.691673,820,7730.770557
86.16668,820,7730.770566
26.073704,820,7730.770575
86.61842,820,7730.770584
108.54411,820,7730.770592
109.19971,820,7730.770602
78.82107,820,7730.77061
109.19971,820,7796.358277
62.99757,820,7796.358315
66.387924,820,7796.358331
109.19971,820,7796.358345
74.15226,820,7796.358357
109.19971,820,7796.35837
85.15749,820,7796.358382
100.475296,820,7796.358394
30.03021,820,7796.358405
60.362915,820,7796.358417
86.643654,820,7796.358428
29.234797,820,7796.35844
84.96287,820,7796.358451
108.98126,820,7796.358462
109.19971,820,7796.358474
81.72798,820,7796.358485
107.962006,820,7856.64747
67.185905,820,7856.647506
59.67231,820,7856.647521
109.19971,820,7856.647533
71.5533,820,7856.647545
109.19971,820,7856.647555
84.057686,820,7856.647565
98.40714,820,7856.647576
36.005505,820,7856.647585
65.3679,820,7856.647595
88.79247,820,7856.647604
20.898829,820,7856.647614
87.76485,820,7856.647624
108.718376,820,7856.647633
109.19971,820,7856.647642
79.123924,820,7856.647651
105.87224,820,7916.549304
62.373928,820,7916.549341
65.36759,820,7916.549357
109.19971,820,7916.54937
76.97209,820,7916.549385
109.19971,820,7916.549399
85.1196,820,7916.549409
98.33902,820,7916.54942
33.902683,820,7916.549429
64.16122,820,7916.549439
87.926315,820,7916.549448
23.74206,820,7916.549458
85.67731,820,7916.549467
109.12641,820,7916.549476
109.19971,820,7916.549485
78.100555,820,7916.549495
109.19971,820,7981.535372
63.7301,820,7981.535413
67.958824,820,7981.535427
109.19971,820,7981.535437
72.38804,820,7981.535447
109.19971,820,7981.535456
82.273,820,7981.535465
99.243706,820,7981.535474
36.972496,820,7981.535483
63.95039,820,7981.535491
85.69122,820,7981.535501
22.945873,820,7981.535509
88.31274,820,7981.535518
108.64842,820,7981.535527
109.19971,820,7981.535536
80.59517,820,7981.535545
109.19971,820,8042.040877
63.10987,820,8042.040921
58.723114,820,8042.040937
109.19971,820,8042.040949
75.41395,820,8042.040961
109.19971,820,8042.040972
81.91147,820,8042.040983
99.45229,820,8042.040994
32.629097,820,8042.041006
65.256935,820,8042.041017
82.58432,820,8042.041028
30.574553,820,8042.041039
88.86841,820,8042.041051
108.99017,820,8042.041062
109.19971,820,8042.041073
76.423325,820,8042.041084
107.94045,820,8106.848907
67.775215,820,8106.848946
73.1328,820,8106.848962
109.19971,820,8106.848974
75.53554,820,8106.848986
109.19971,820,8106.848997
87.27491,820,8106.849009
99.17186,820,8106.84902
34.75567,820,8106.849032
66.85455,820,8106.849043
87.38324,820,8106.849054
30.413868,820,8106.849065
88.60898,820,8106.849076
108.82838,820,8106.849087
109.19971,820,8106.849098
76.22313,820,8106.84911
108.15425,820,8167.068904
69.80254,820,8167.068943
79.04016,820,8167.068959
109.19971,820,8167.068972
79.84853,820,8167.068985
109.19971,820,8167.068997
85.98417,820,8167.069009
99.531975,820,8167.069021
34.75324,820,8167.069032
59.648453,820,8167.069044
88.102005,820,8167.069055
30.629696,820,8167.069067
90.48693,820,8167.069078
108.72832,820,8167.069089
109.19971,820,8167.069101
81.16365,820,8167.069112
108.149414,820,8227.264972
62.24567,820,8227.265047
55.594036,820,8227.265065
109.19971,820,8227.265077
76.1051,820,8227.265086
109.19971,820,8227.265096
83.69199,820,8227.265105
99.660774,820,8227.265114
39.40539,820,8227.265123
62.09799,820,8227.265132
84.68312,820,8227.265141
20.13242,820,8227.26515
87.51512,820,8227.265159
108.3196,820,8227.265168
109.19971,820,8227.265177
81.64521,820,8227.265186
109.19971,820,8291.694515
60.99342,820,8291.694554
66.684,820,8291.694571
109.19971,820,8291.694585
76.78995,820,8291.694597
109.19971,820,8291.69461
86.00423,820,8291.694622
98.239105,820,8291.694634
32.919655,820,8291.694645
61.866646,820,8291.694657
90.9107,820,8291.694669
28.919668,820,8291.69468
87.48234,820,8291.694692
108.77533,820,8291.694703
109.19971,820,8291.694715
79.15354,820,8291.694726
106.08036,820,8352.209212
65.96893,820,8352.209249
66.18967,820,8352.209265
109.19971,820,8352.209277
80.2483,820,8352.209287
109.19971,820,8352.209298
84.2601,820,8352.209308
102.32114,820,8352.209318
33.65106,820,8352.209328
56.604805,820,8352.209338
85.89375,820,8352.209347
35.96085,820,8352.209357
87.812485,820,8352.209366
108.16389,820,8352.209375
109.19971,820,8352.209385
76.929756,820,8352.209394
105.99626,820,8417.161252
65.74142,820,8417.161289
66.8997,820,8417.161304
109.19971,820,8417.161316
86.934105,820,8417.161327
109.19971,820,8417.161337
86.71116,820,8417.161347
99.05605,820,8417.161357
31.911797,820,8417.161366
64.08171,820,8417.161376
85.67883,820,8417.161385
23.70254,820,8417.161394
91.430466,820,8417.161404
109.19971,820,8417.161413
109.19971,820,8417.161422
79.70572,820,8417.161431
108.171745,820,8477.522829
61.354362,820,8477.522867
73.99585,820,8477.522883
109.19971,820,8477.522895
71.69736,820,8477.522906
109.19971,820,8477.522917
88.1098,820,8477.522927
97.21769,820,8477.522938
39.288136,820,8477.522947
64.69932,820,8477.522957
87.67734,820,8477.522966
22.366142,820,8477.522976
87.98282,820,8477.522985
108.34632,820,8477.522994
109.19971,820,8477.523004
82.81026,820,8477.523015
108.16011,820,8537.81563
64.55388,820,8537.815669
66.888435,820,8537.815685
109.19971,820,8537.815699
80.71417,820,8537.815711
109.19971,820,8537.815723
88.19156,820,8537.815735
99.625404,820,8537.815747
32.7319,820,8537.815758
57.730732,820,8537.81577
84.17521,820,8537.815782
24.117441,820,8537.815793
87.281265,820,8537.815805
108.5979,820,8537.815816
109.19971,820,8537.815828
80.05039,820,8537.815839
107.96504,820,8602.449201
65.90589,820,8602.449237
76.95403,820,8602.449253
109.19971,820,8602.449263
80.91286,820,8602.449273
109.19971,820,8602.449282
88.5321,820,8602.449291
100.70423,820,8602.449301
36.00484,820,8602.44931
60.207592,820,8602.449319
87.6676,820,8602.449328
22.202139,820,8602.449337
88.91911,820,8602.449346
108.94871,820,8602.449355
109.19971,820,8602.449364
77.682976,820,8602.449372
108.16459,820,8663.086679
65.803116,820,8663.086716
60.530037,820,8663.086732
109.19971,820,8663.086746
79.2407,820,8663.086759
109.19971,820,8663.086771
85.56358,820,8663.086783
100.12132,820,8663.086794
41.39648,820,8663.086805
59.798904,820,8663.086817
86.238716,820,8663.086828
27.619263,820,8663.08684
89.61303,820,8663.086851
108.65888,820,8663.086863
109.19971,820,8663.086874
83.17353,820,8663.086885
108.1598,820,8727.605216
62.39771,820,8727.605254
62.204014,820,8727.60527
109.19971,820,8727.605284
72.66187,820,8727.605297
109.19971,820,8727.605309
88.72103,820,8727.605321
94.61382,820,8727.605332
38.171764,820,8727.605344
62.10394,820,8727.605356
84.50554,820,8727.605367
26.247349,820,8727.605378
87.69225,820,8727.60539
109.03272,820,8727.605401
109.19971,820,8727.605412
80.38671,820,8727.605424
109.19971,820,8787.751837
67.39996,820,8787.751876
66.736404,820,8787.751891
109.19971,820,8787.751904
81.29468,820,8787.751915
109.19971,820,8787.751927
89.56049,820,8787.751938
100.657295,820,8787.75195
32.63806,820,8787.751961
59.23417,820,8787.751973
89.10592,820,8787.751984
20.44328,820,8787.751995
88.38577,820,8787.752006
109.0944,820,8787.752017
109.19971,820,8787.752028
78.78622,820,8787.752039
106.907555,820,8847.967731
67.10585,820,8847.967769
58.298336,820,8847.967785
109.19971,820,8847.967799
76.5859,820,8847.967812
109.19971,820,8847.967824
87.390396,820,8847.967836
98.116554,820,8847.967847
37.21704,820,8847.967859
61.338398,820,8847.96787
90.340034,820,8847.967882
29.785519,820,8847.967893
85.82174,820,8847.967905
108.68602,820,8847.967916
109.19971,820,8847.967928
77.51834,820,8847.967939
108.06664,820,8912.437754
59.215305,820,8912.43779
70.348526,820,8912.437805
109.19971,820,8912.437815
82.39137,820,8912.437825
109.19971,820,8912.437834
86.57092,820,8912.437843
102.105934,820,8912.437852
33.561405,820,8912.437861
61.58048,820,8912.43787
85.70562,820,8912.437879
21.7933,820,8912.437888
86.408035,820,8912.437897
108.3093,820,8912.437906
109.19971,820,8912.437915
81.23184,820,8912.437923
107.860954,820,8972.77387
62.135918,820,8972.773908
74.99949,820,8972.773923
109.19971,820,8972.773933
77.40109,820,8972.773943
109.19971,820,8972.773952
82.38922,820,8972.773961
100.62461,820,8972.773969
29.107454,820,8972.773978
59.959824,820,8972.773987
86.55841,820,8972.773996
25.931774,820,8972.774005
89.619644,820,8972.774014
108.64339,820,8972.774023
109.19971,820,8972.774032
80.60656,820,8972.774041
106.071594,820,9037.811409
63.916214,820,9037.811444
58.785587,820,9037.81146
109.19971,820,9037.811474
78.01692,820,9037.811487
109.19971,820,9037.811499
83.42722,820,9037.811511
100.52438,820,9037.811523
36.724888,820,9037.811535
65.308685,820,9037.811546
89.13619,820,9037.811557
28.393602,820,9037.811569
91.24857,820,9037.81158
108.98767,820,9037.811592
109.19971,820,9037.811603
78.94577,820,9037.811615
106.52,820,9097.94125
67.58956,820,9097.941288
68.8053,820,9097.941304
109.19971,820,9097.941317
66.238266,820,9097.941329
109.19971,820,9097.94134
86.55588,820,9097.941351
94.06746,820,9097.941362
41.322395,820,9097.941373
61.390244,820,9097.941384
87.860306,820,9097.941398
23.315985,820,9097.941411
90.01429,820,9097.941422
109.112236,820,9097.941434
109.19971,820,9097.941445
79.6264,820,9097.941456
108.1495,820,9158.273703
70.56759,820,9158.273741
65.334366,820,9158.273756
109.19971,820,9158.273769
80.03895,820,9158.27378
109.19971,820,9158.27379
85.7056,820,9158.2738
100.58298,820,9158.273811
41.910168,820,9158.27382
61.303436,820,9158.27383
89.529915,820,9158.273839
28.301992,820,9158.273849
87.52991,820,9158.273858
108.80688,820,9158.273867
109.19971,820,9158.273877
74.45857,820,9158.273886
109.19971,820,9222.7672
66.036896,820,9222.767239
66.68325,820,9222.767256
109.19971,820,9222.76727
76.60434,820,9222.767283
109.19971,820,9222.767295
84.869896,820,9222.767307
97.79881,820,9222.767318
36.485497,820,9222.76733
63.583065,820,9222.767342
85.8434,820,9222.767354
28.965117,820,9222.767365
87.64756,820,9222.767377
108.57638,820,9222.767388
109.19971,820,9222.767399
77.420074,820,9222.767411
109.19971,820,9282.936717
66.258484,820,9282.936755
70.51074,820,9282.93677
109.19971,820,9282.936783
87.4245,820,9282.936794
109.19971,820,9282.936805
90.17481,820,9282.936815
98.23985,820,9282.936825
38.689083,820,9282.936835
61.776356,820,9282.936845
86.6418,820,9282.936855
26.691196,820,9282.936864
88.625626,820,9282.936873
109.02202,820,9282.936883
109.19971,820,9282.936892
70.41394,820,9282.936902
106.83105,820,9347.532582
67.11851,820,9347.532617
68.85576,820,9347.532633
109.19971,820,9347.532645
79.11595,820,9347.532655
109.19971,820,9347.532666
86.52787,820,9347.532676
100.465744,820,9347.532686
33.309906,820,9347.532696
65.42752,820,9347.532706
85.32041,820,9347.532715
25.75709,820,9347.532724
91.16652,820,9347.532733
109.12785,820,9347.532743
109.19971,820,9347.532752
79.968155,820,9347.532761
108.15103,820,9407.612843
63.45793,820,9407.612882
71.97591,820,9407.612899
109.19971,820,9407.612913
80.42845,820,9407.612925
109.19971,820,9407.612937
88.32045,820,9407.612949
99.674835,820,9407.612961
37.902325,820,9407.612972
56.48926,820,9407.612984
84.96836,820,9407.612995
24.783735,820,9407.613007
87.27986,820,9407.613019
108.95288,820,9407.61303
109.19971,820,9407.613042
79.27737,820,9407.613053
107.95448,820,9467.779133
60.13773,820,9467.779171
57.060894,820,9467.779187
109.19971,820,9467.779199
70.84684,820,9467.77921
109.19971,820,9467.77922
87.64157,820,9467.77923
101.794624,820,9467.77924
38.12908,820,9467.77925
54.44121,820,9467.779259
86.071915,820,9467.779269
27.170986,820,9467.779279
87.928955,820,9467.779288
108.42308,820,9467.779297
109.19971,820,9467.779306
78.83707,820,9467.779315
109.19971,820,9532.392021
63.393456,820,9532.392061
68.907104,820,9532.392076
109.19971,820,9532.392088
77.00414,820,9532.392099
109.19971,820,9532.392109
87.3054,820,9532.392119
97.12742,820,9532.392129
36.170918,820,9532.392139
64.64643,820,9532.392149
88.02263,820,9532.392158
31.815361,820,9532.392168
91.43629,820,9532.392177
109.13906,820,9532.392186
109.19971,820,9532.392196
75.344826,820,9532.392205
109.19971,820,9592.433783
66.20484,820,9592.433819
75.50439,820,9592.433835
109.19971,820,9592.433849
81.11948,820,9592.433861
109.19971,820,9592.433873
86.753746,820,9592.433885
99.949776,820,9592.433897
37.52724,820,9592.433908
57.457108,820,9592.433919
89.93748,820,9592.433931
17.87464,820,9592.433943
88.018,820,9592.433954
108.33145,820,9592.433965
109.19971,820,9592.433977
79.17479,820,9592.433988
105.67877,820,9656.760555
61.600338,820,9656.760593
59.29832,820,9656.760609
109.19971,820,9656.760623
81.23137,820,9656.760635
109.19971,820,9656.760647
88.54125,820,9656.760659
97.00286,820,9656.76067
33.558197,820,9656.760682
67.87094,820,9656.760694
85.3888,820,9656.760705
21.623802,820,9656.760717
90.01895,820,9656.760728
109.12727,820,9656.76074
109.19971,820,9656.760751
75.17105,820,9656.760763
109.19971,820,9716.896826
66.065605,820,9716.896862
57.698326,820,9716.896877
109.19971,820,9716.896889
78.36874,820,9716.896901
109.19971,820,9716.896914
84.47291,820,9716.896926
101.09996,820,9716.896937
34.09926,820,9716.896947
57.17864,820,9716.896956
88.86168,820,9716.896966
22.123451,820,9716.896975
84.365585,820,9716.896984
109.19971,820,9716.896993
109.19971,820,9716.897002
80.97637,820,9716.897011
107.11423,820,9777.271086
62.059685,820,9777.271125
67.504,820,9777.27114
109.19971,820,9777.271152
76.09229,820,9777.271163
109.19971,820,9777.271173
91.15665,820,9777.271183
96.81606,820,9777.271193
39.553787,820,9777.271203
67.002975,820,9777.271213
88.15196,820,9777.271222
23.676746,820,9777.271231
89.4954,820,9777.271241
109.13758,820,9777.27125
109.19971,820,9777.271259
76.319695,820,9777.271268
105.76788,820,9841.741769
63.75718,820,9841.741807
67.122086,820,9841.741822
109.19971,820,9841.741834
81.63061,820,9841.741845
109.19971,820,9841.741855
89.61588,820,9841.741865
99.56141,820,9841.741875
34.85311,820,9841.741884
65.43652,820,9841.741894
89.53194,820,9841.741903
25.051565,820,9841.741913
87.32376,820,9841.741922
108.809235,820,9841.741931
109.19971,820,9841.74194
79.80844,820,9841.74195
109.19971,820,9901.944165
66.07149,820,9901.944199
67.91073,820,9901.944215
109.19971,820,9901.944227
72.93673,820,9901.944238
109.19971,820,9901.944249
87.630905,820,9901.944259
98.76453,820,9901.944269
35.798214,820,9901.944279
62.02448,820,9901.944289
89.33986,820,9901.944299
30.950771,820,9901.944309
89.12416,820,9901.944318
108.6065,820,9901.944328
109.19971,820,9901.944337
79.289314,820,9901.944346
105.015884,820,9966.733547
66.7828,820,9966.733584
75.04382,820,9966.7336
109.19971,820,9966.733614
78.76873,820,9966.733627
109.19971,820,9966.733639
83.973625,820,9966.733651
99.61015,820,9966.733663
38.701027,820,9966.733674
63.06581,820,9966.733686
90.21792,820,9966.733697
18.16631,820,9966.733709
89.73053,820,9966.73372
108.482864,820,9966.733732
109.19971,820,9966.733743
81.73649,820,9966.733755
106.30902,820,10026.767436
65.51778,820,10026.767502
72.36329,820,10026.76752
109.19971,820,10026.767531
76.2489,820,10026.767541
109.19971,820,10026.767551
89.26365,820,10026.76756
101.19948,820,10026.767569
39.947063,820,10026.767578
57.513206,820,10026.767587
87.999985,820,10026.767596
23.701859,820,10026.767606
88.49917,820,10026.767614
109.113716,820,10026.767623
109.19971,820,10026.767632
76.77435,820,10026.767641
109.19971,820,10087.888658
62.124496,820,10087.888696
66.10471,820,10087.888712
109.19971,820,10087.888724
72.86672,820,10087.888735
109.19971,820,10087.888746
86.272026,820,10087.888756
101.81783,820,10087.888766
35.237167,820,10087.888776
59.875324,820,10087.888785
90.820854,820,10087.888795
26.710205,820,10087.888804
91.896126,820,10087.888814
108.16831,820,10087.888823
109.19971,820,10087.888833
76.15725,820,10087.888842
109.19971,820,10152.408906
64.75378,820,10152.408942
69.163124,820,10152.408959
109.19971,820,10152.408973
78.747055,820,10152.408987
109.19971,820,10152.408999
89.42949,820,10152.409011
98.37561,820,10152.409023
39.36297,820,10152.409035
66.25369,820,10152.409046
87.82573,820,10152.409058
25.818537,820,10152.40907
86.288086,820,10152.409081
108.94974,820,10152.409093
109.19971,820,10152.409104
76.913795,820,10152.409116
105.678856,820,10213.695303
61.768787,820,10213.69534
61.62327,820,10213.695356
109.19971,820,10213.695368
76.681046,820,10213.695379
109.19971,820,10213.69539
87.82817,820,10213.6954
97.99987,820,10213.69541
42.93931,820,10213.69542
63.273827,820,10213.69543
83.27948,820,10213.695439
29.460941,820,10213.695449
86.56187,820,10213.695458
108.90004,820,10213.695468
109.19971,820,10213.695477
77.51743,820,10213.695487
