#{"t_start": 1755384305.6943076, "env_id": "None"}
r,l,t
0.0,820,42.769146
-335.0,820,42.769201
-1.0,820,42.769227
0.0,820,42.769246
-72.0,820,42.769263
0.0,820,42.76928
-429.0,820,42.769296
-112.0,820,42.769313
-2026.0,820,42.769329
-811.0,820,42.769346
-753.0,820,42.769362
-354.0,820,42.769378
-394.0,820,42.769395
0.0,820,42.769411
0.0,820,42.769428
-288.0,820,42.769444
0.0,820,81.992224
-330.0,820,81.992283
-1.0,820,81.992309
0.0,820,81.992328
-90.0,820,81.992345
0.0,820,81.992362
-570.0,820,81.992379
-104.0,820,81.992395
-2373.0,820,81.992412
-562.0,820,81.992428
-563.0,820,81.992445
-316.0,820,81.992461
-462.0,820,81.992478
0.0,820,81.992494
0.0,820,81.992511
-255.0,820,81.992527
0.0,820,125.364562
-342.0,820,125.366374
0.0,820,125.366397
0.0,820,125.366411
-67.0,820,125.366423
0.0,820,125.366434
-531.0,820,125.366445
-120.0,820,125.366456
-2012.0,820,125.366467
-430.0,820,125.366478
-648.0,820,125.366489
-362.0,820,125.3665
-353.0,820,125.36651
0.0,820,125.366521
0.0,820,125.366531
-232.0,820,125.36654
0.0,820,164.437333
-337.0,820,164.437371
0.0,820,164.437389
0.0,820,164.437402
-103.0,820,164.437415
0.0,820,164.437428
-444.0,820,164.437439
-99.0,820,164.437451
-2428.0,820,164.437463
-414.0,820,164.437475
-600.0,820,164.437486
-344.0,820,164.437498
-422.0,820,164.43751
0.0,820,164.437522
0.0,820,164.437533
-239.0,820,164.437545
0.0,820,207.970775
-252.0,820,207.970814
-2.0,820,207.970832
0.0,820,207.970846
-99.0,820,207.970859
0.0,820,207.970872
-583.0,820,207.970884
-165.0,820,207.970896
-2425.0,820,207.970908
-359.0,820,207.97092
-581.0,820,207.970932
-298.0,820,207.970944
-409.0,820,207.970956
0.0,820,207.970968
0.0,820,207.97098
-241.0,820,207.970991
0.0,820,246.889126
-267.0,820,246.889161
0.0,820,246.889177
0.0,820,246.88919
-87.0,820,246.889201
0.0,820,246.889212
-387.0,820,246.889222
-84.0,820,246.889233
-1460.0,820,246.889243
-371.0,820,246.889254
-452.0,820,246.889264
-246.0,820,246.889274
-346.0,820,246.889284
0.0,820,246.889294
0.0,820,246.889304
-154.0,820,246.889313
0.0,820,285.68576
-207.0,820,285.685798
-12.0,820,285.685814
0.0,820,285.685827
-73.0,820,285.685838
0.0,820,285.685849
-394.0,820,285.68586
-129.0,820,285.685871
-1753.0,820,285.685881
-372.0,820,285.685892
-416.0,820,285.685902
-244.0,820,285.685912
-321.0,820,285.685922
0.0,820,285.685931
0.0,820,285.685941
-173.0,820,285.685951
0.0,820,328.556097
-194.0,820,328.556133
0.0,820,328.556149
0.0,820,328.556161
-96.0,820,328.556172
0.0,820,328.556183
-376.0,820,328.556193
-106.0,820,328.556204
-1430.0,820,328.556214
-297.0,820,328.556224
-421.0,820,328.556234
-186.0,820,328.556244
-283.0,820,328.556254
0.0,820,328.556263
0.0,820,328.556273
-178.0,820,328.556282
0.0,820,367.226318
-280.0,820,367.226352
0.0,820,367.226368
0.0,820,367.22638
-91.0,820,367.226391
0.0,820,367.226403
-394.0,820,367.226413
-119.0,820,367.226424
-1119.0,820,367.226434
-298.0,820,367.226445
-328.0,820,367.226455
-276.0,820,367.226465
-287.0,820,367.226475
0.0,820,367.226484
0.0,820,367.226494
-174.0,820,367.226503
0.0,820,409.953744
-271.0,820,409.953781
-1.0,820,409.953798
0.0,820,409.953812
-88.0,820,409.953825
0.0,820,409.953838
-366.0,820,409.953851
-116.0,820,409.953863
-1148.0,820,409.953875
-241.0,820,409.953887
-427.0,820,409.9539
-257.0,820,409.953911
-290.0,820,409.953923
0.0,820,409.953935
0.0,820,409.953947
-117.0,820,409.953959
0.0,820,448.856814
-298.0,820,448.856852
-5.0,820,448.856868
0.0,820,448.85688
-167.0,820,448.856891
0.0,820,448.856902
-297.0,820,448.856912
-144.0,820,448.856923
-1089.0,820,448.856933
-207.0,820,448.856944
-229.0,820,448.856953
-258.0,820,448.856963
-303.0,820,448.856973
0.0,820,448.856982
0.0,820,448.856992
-156.0,820,448.857001
0.0,820,487.621593
-200.0,820,487.62163
0.0,820,487.621647
0.0,820,487.621661
-94.0,820,487.621674
0.0,820,487.621686
-286.0,820,487.621699
-81.0,820,487.62171
-1121.0,820,487.621722
-189.0,820,487.621734
-390.0,820,487.621746
-240.0,820,487.621801
-231.0,820,487.62182
0.0,820,487.621832
0.0,820,487.621844
-153.0,820,487.621855
0.0,820,530.360677
-215.0,820,530.360717
-1.0,820,530.360735
0.0,820,530.360749
-90.0,820,530.360762
0.0,820,530.360775
-287.0,820,530.360787
-90.0,820,530.360799
-1011.0,820,530.360811
-193.0,820,530.360823
-277.0,820,530.360835
-203.0,820,530.360847
-193.0,820,530.360859
0.0,820,530.360871
0.0,820,530.360882
-149.0,820,530.360894
0.0,820,569.140638
-154.0,820,569.140678
-12.0,820,569.140695
0.0,820,569.140707
-90.0,820,569.140719
0.0,820,569.14073
-246.0,820,569.14074
-126.0,820,569.140751
-884.0,820,569.140762
-167.0,820,569.140771
-193.0,820,569.140781
-192.0,820,569.14079
-135.0,820,569.1408
0.0,820,569.140809
0.0,820,569.140818
-102.0,820,569.140827
0.0,820,612.04044
-186.0,820,612.040479
0.0,820,612.040496
0.0,820,612.04051
-80.0,820,612.040524
0.0,820,612.040536
-259.0,820,612.040549
-77.0,820,612.040561
-969.0,820,612.040573
-138.0,820,612.040585
-189.0,820,612.040597
-171.0,820,612.040609
-162.0,820,612.040621
0.0,820,612.040632
0.0,820,612.040644
-127.0,820,612.040656
0.0,820,650.728999
-203.0,820,650.729038
0.0,820,650.729054
0.0,820,650.729066
-82.0,820,650.729077
0.0,820,650.729088
-188.0,820,650.729099
-82.0,820,650.72911
-821.0,820,650.72912
-148.0,820,650.72913
-204.0,820,650.72914
-159.0,820,650.72915
-158.0,820,650.72916
0.0,820,650.72917
0.0,820,650.729179
-96.0,820,650.729189
0.0,820,688.995109
-185.0,820,688.995148
-1.0,820,688.995164
0.0,820,688.995177
-147.0,820,688.995188
0.0,820,688.995199
-161.0,820,688.99521
-78.0,820,688.995221
-684.0,820,688.995231
-139.0,820,688.995242
-159.0,820,688.995251
-145.0,820,688.995261
-132.0,820,688.995271
0.0,820,688.995281
0.0,820,688.99529
-95.0,820,688.9953
0.0,820,731.883615
-223.0,820,731.883653
0.0,820,731.88367
0.0,820,731.883684
-200.0,820,731.883697
0.0,820,731.883709
-227.0,820,731.883721
-90.0,820,731.883733
-900.0,820,731.883745
-148.0,820,731.883757
-160.0,820,731.883769
-135.0,820,731.88378
-128.0,820,731.883792
0.0,820,731.883804
0.0,820,731.883816
-79.0,820,731.883827
0.0,820,770.132594
-149.0,820,770.132632
0.0,820,770.132648
0.0,820,770.13266
-88.0,820,770.132671
0.0,820,770.132682
-184.0,820,770.132693
-52.0,820,770.132704
-701.0,820,770.132714
-202.0,820,770.132725
-181.0,820,770.132735
-147.0,820,770.132745
-168.0,820,770.132755
0.0,820,770.132764
0.0,820,770.132774
-98.0,820,770.132784
0.0,820,813.152371
-185.0,820,813.152406
0.0,820,813.152422
0.0,820,813.152434
-80.0,820,813.152446
0.0,820,813.152457
-192.0,820,813.152467
-71.0,820,813.152478
-683.0,820,813.152488
-155.0,820,813.152499
-153.0,820,813.152509
-151.0,820,813.152519
-160.0,820,813.152529
0.0,820,813.152538
0.0,820,813.152548
-90.0,820,813.152557
0.0,820,852.034567
-230.0,820,852.034605
0.0,820,852.034621
0.0,820,852.034633
-82.0,820,852.034644
0.0,820,852.034655
-176.0,820,852.034666
-64.0,820,852.034677
-590.0,820,852.034687
-115.0,820,852.034697
-159.0,820,852.034707
-132.0,820,852.034717
-124.0,820,852.034727
0.0,820,852.034737
0.0,820,852.034746
-107.0,820,852.034756
0.0,820,890.361482
-150.0,820,890.36152
-1.0,820,890.361537
0.0,820,890.361551
-107.0,820,890.361564
0.0,820,890.361578
-149.0,820,890.361589
-61.0,820,890.361602
-574.0,820,890.361614
-122.0,820,890.361625
-168.0,820,890.361637
-119.0,820,890.361649
-114.0,820,890.361661
0.0,820,890.361673
0.0,820,890.361685
-91.0,820,890.361696
0.0,820,933.327908
-207.0,820,933.327947
0.0,820,933.327964
0.0,820,933.327976
-99.0,820,933.327987
0.0,820,933.327999
-148.0,820,933.328009
-40.0,820,933.32802
-548.0,820,933.328031
-129.0,820,933.328041
-173.0,820,933.328051
-138.0,820,933.328061
-94.0,820,933.328071
0.0,820,933.328081
0.0,820,933.328091
-108.0,820,933.3281
0.0,820,971.799617
-99.0,820,971.799654
0.0,820,971.79967
0.0,820,971.799683
-124.0,820,971.799694
0.0,820,971.799706
-163.0,820,971.799717
-43.0,820,971.799727
-524.0,820,971.799738
-133.0,820,971.799794
-125.0,820,971.799811
-129.0,820,971.799821
-111.0,820,971.799831
0.0,820,971.79984
0.0,820,971.79985
-85.0,820,971.799859
0.0,820,1014.448339
-142.0,820,1014.448376
0.0,820,1014.448392
0.0,820,1014.448405
-133.0,820,1014.448416
0.0,820,1014.448426
-169.0,820,1014.448437
-51.0,820,1014.448447
-425.0,820,1014.448458
-111.0,820,1014.448468
-127.0,820,1014.448478
-131.0,820,1014.448488
-103.0,820,1014.448498
0.0,820,1014.448508
0.0,820,1014.448518
-55.0,820,1014.448527
0.0,820,1052.66619
-148.0,820,1052.666228
0.0,820,1052.666246
0.0,820,1052.66626
-123.0,820,1052.666272
0.0,820,1052.666285
-120.0,820,1052.666297
-48.0,820,1052.666309
-423.0,820,1052.666322
-103.0,820,1052.666334
-108.0,820,1052.666346
-123.0,820,1052.666358
-105.0,820,1052.66637
0.0,820,1052.666382
0.0,820,1052.666394
-63.0,820,1052.666406
0.0,820,1090.974401
-190.0,820,1090.974438
-1.0,820,1090.974454
0.0,820,1090.974467
-115.0,820,1090.974479
0.0,820,1090.97449
-138.0,820,1090.974501
-36.0,820,1090.974511
-389.0,820,1090.974522
-95.0,820,1090.974532
-109.0,820,1090.974542
-106.0,820,1090.974552
-116.0,820,1090.974562
0.0,820,1090.974572
0.0,820,1090.974581
-91.0,820,1090.974591
0.0,820,1133.698945
-170.0,820,1133.698981
0.0,820,1133.698997
0.0,820,1133.699007
-331.0,820,1133.699017
0.0,820,1133.699026
-125.0,820,1133.699036
-54.0,820,1133.699045
-401.0,820,1133.699054
-100.0,820,1133.699064
-106.0,820,1133.699073
-122.0,820,1133.699083
-106.0,820,1133.699092
0.0,820,1133.699101
0.0,820,1133.699111
-73.0,820,1133.69912
0.0,820,1172.011479
-114.0,820,1172.011518
0.0,820,1172.011535
0.0,820,1172.011549
-338.0,820,1172.011561
0.0,820,1172.011574
-149.0,820,1172.011586
-45.0,820,1172.011599
-369.0,820,1172.01161
-141.0,820,1172.011622
-103.0,820,1172.011634
-124.0,820,1172.011646
-129.0,820,1172.011658
0.0,820,1172.01167
0.0,820,1172.011682
-54.0,820,1172.011693
0.0,820,1214.744346
-98.0,820,1214.744384
0.0,820,1214.744402
0.0,820,1214.744416
-123.0,820,1214.744428
0.0,820,1214.744441
-153.0,820,1214.744453
-55.0,820,1214.744465
-399.0,820,1214.744478
-103.0,820,1214.74449
-107.0,820,1214.744502
-134.0,820,1214.744514
-100.0,820,1214.744526
0.0,820,1214.744538
0.0,820,1214.744549
-78.0,820,1214.744561
0.0,820,1253.133643
-99.0,820,1253.133679
0.0,820,1253.133697
0.0,820,1253.13371
-212.0,820,1253.133723
0.0,820,1253.133736
-109.0,820,1253.133748
-44.0,820,1253.13376
-346.0,820,1253.133772
-104.0,820,1253.133784
-94.0,820,1253.133796
-120.0,820,1253.133808
-94.0,820,1253.13382
0.0,820,1253.133832
0.0,820,1253.133844
-52.0,820,1253.133856
0.0,820,1291.731633
-121.0,820,1291.731672
0.0,820,1291.731688
0.0,820,1291.731702
-159.0,820,1291.731715
0.0,820,1291.731728
-158.0,820,1291.73174
-47.0,820,1291.731752
-359.0,820,1291.731764
-123.0,820,1291.731776
-69.0,820,1291.731788
-107.0,820,1291.7318
-86.0,820,1291.731812
0.0,820,1291.731824
0.0,820,1291.731835
-53.0,820,1291.731847
0.0,820,1334.696858
-110.0,820,1334.696898
0.0,820,1334.696914
0.0,820,1334.696926
-138.0,820,1334.696937
0.0,820,1334.696949
-129.0,820,1334.696959
-37.0,820,1334.69697
-371.0,820,1334.696981
-101.0,820,1334.696991
-78.0,820,1334.697002
-105.0,820,1334.697012
-80.0,820,1334.697022
0.0,820,1334.697031
0.0,820,1334.697041
-55.0,820,1334.69705
0.0,820,1373.339982
-120.0,820,1373.340019
0.0,820,1373.340035
0.0,820,1373.340047
-136.0,820,1373.340059
0.0,820,1373.34007
-111.0,820,1373.340081
-35.0,820,1373.340091
-320.0,820,1373.340102
-118.0,820,1373.340112
-76.0,820,1373.340123
-112.0,820,1373.340132
-119.0,820,1373.340142
0.0,820,1373.340152
0.0,820,1373.340162
-63.0,820,1373.340172
0.0,820,1416.20968
-116.0,820,1416.209718
0.0,820,1416.209736
0.0,820,1416.20975
-162.0,820,1416.209763
0.0,820,1416.209776
-159.0,820,1416.209788
-30.0,820,1416.209801
-354.0,820,1416.209813
-92.0,820,1416.209825
-72.0,820,1416.209837
-102.0,820,1416.209849
-97.0,820,1416.209861
0.0,820,1416.209873
0.0,820,1416.209888
-65.0,820,1416.209902
0.0,820,1454.646461
-100.0,820,1454.646498
0.0,820,1454.646514
0.0,820,1454.646527
-100.0,820,1454.646538
0.0,820,1454.646549
-109.0,820,1454.64656
-31.0,820,1454.646571
-348.0,820,1454.646581
-87.0,820,1454.646592
-57.0,820,1454.646602
-103.0,820,1454.646611
-82.0,820,1454.646621
0.0,820,1454.646631
0.0,820,1454.646641
-63.0,820,1454.64665
0.0,820,1493.027299
-114.0,820,1493.027333
0.0,820,1493.027349
0.0,820,1493.027361
-110.0,820,1493.027372
0.0,820,1493.027383
-126.0,820,1493.027393
-30.0,820,1493.027403
-334.0,820,1493.027414
-85.0,820,1493.027424
-67.0,820,1493.027434
-115.0,820,1493.027444
-57.0,820,1493.027454
0.0,820,1493.027464
0.0,820,1493.027474
-56.0,820,1493.027484
0.0,820,1535.613026
-114.0,820,1535.613064
0.0,820,1535.613081
0.0,820,1535.613095
-102.0,820,1535.613108
0.0,820,1535.613121
-104.0,820,1535.613133
-26.0,820,1535.613145
-327.0,820,1535.613157
-111.0,820,1535.613169
-69.0,820,1535.613181
-108.0,820,1535.613193
-83.0,820,1535.613205
0.0,820,1535.613217
0.0,820,1535.613228
-48.0,820,1535.61324
0.0,820,1573.819532
-105.0,820,1573.81957
0.0,820,1573.819587
0.0,820,1573.819599
-115.0,820,1573.81961
0.0,820,1573.819622
-102.0,820,1573.819632
-13.0,820,1573.819642
-337.0,820,1573.819653
-88.0,820,1573.819663
-61.0,820,1573.819673
-107.0,820,1573.819682
-81.0,820,1573.819692
0.0,820,1573.819702
0.0,820,1573.819712
-47.0,820,1573.819721
0.0,820,1616.44859
-125.0,820,1616.448628
0.0,820,1616.448645
0.0,820,1616.448657
-94.0,820,1616.448668
0.0,820,1616.448679
-103.0,820,1616.44869
-17.0,820,1616.448701
-314.0,820,1616.448711
-96.0,820,1616.448721
-64.0,820,1616.448731
-95.0,820,1616.448741
-70.0,820,1616.448751
0.0,820,1616.448761
0.0,820,1616.448771
-49.0,820,1616.448781
0.0,820,1655.005179
-91.0,820,1655.005213
0.0,820,1655.005229
0.0,820,1655.005242
-142.0,820,1655.005253
0.0,820,1655.005264
-108.0,820,1655.005275
-18.0,820,1655.005286
-349.0,820,1655.005296
-75.0,820,1655.005306
-62.0,820,1655.005316
-101.0,820,1655.005326
-85.0,820,1655.005337
0.0,820,1655.005346
0.0,820,1655.005356
-63.0,820,1655.005366
0.0,820,1693.270716
-90.0,820,1693.270754
0.0,820,1693.27077
0.0,820,1693.270782
-94.0,820,1693.270793
0.0,820,1693.270804
-90.0,820,1693.270815
-16.0,820,1693.270825
-354.0,820,1693.270836
-67.0,820,1693.270846
-61.0,820,1693.270856
-107.0,820,1693.270865
-106.0,820,1693.270876
0.0,820,1693.270886
0.0,820,1693.270895
-53.0,820,1693.270905
0.0,820,1735.884893
-126.0,820,1735.884932
0.0,820,1735.884949
0.0,820,1735.884963
-105.0,820,1735.884975
0.0,820,1735.884988
-103.0,820,1735.885
-25.0,820,1735.885012
-321.0,820,1735.885024
-103.0,820,1735.885036
-54.0,820,1735.885048
-106.0,820,1735.88506
-85.0,820,1735.885072
0.0,820,1735.885084
0.0,820,1735.885095
-46.0,820,1735.885107
0.0,820,1774.348652
-98.0,820,1774.34869
0.0,820,1774.348707
0.0,820,1774.348721
-155.0,820,1774.348734
0.0,820,1774.348747
-91.0,820,1774.348759
-17.0,820,1774.348771
-334.0,820,1774.348783
-68.0,820,1774.348795
-66.0,820,1774.348807
-105.0,820,1774.348819
-75.0,820,1774.348831
0.0,820,1774.348843
0.0,820,1774.348855
-53.0,820,1774.348866
0.0,820,1817.101341
-100.0,820,1817.101377
-1.0,820,1817.101393
0.0,820,1817.101406
-72.0,820,1817.101417
0.0,820,1817.101429
-98.0,820,1817.10144
-23.0,820,1817.101451
-319.0,820,1817.101461
-61.0,820,1817.101472
-60.0,820,1817.101483
-108.0,820,1817.101492
-73.0,820,1817.101502
0.0,820,1817.101512
0.0,820,1817.101522
-48.0,820,1817.101532
0.0,820,1855.520956
-89.0,820,1855.520994
0.0,820,1855.52101
0.0,820,1855.521023
-115.0,820,1855.521034
0.0,820,1855.521045
-104.0,820,1855.521056
-15.0,820,1855.521066
-317.0,820,1855.521077
-86.0,820,1855.521087
-59.0,820,1855.521097
-103.0,820,1855.521107
-79.0,820,1855.521117
0.0,820,1855.521127
0.0,820,1855.521137
-42.0,820,1855.521146
0.0,820,1893.765061
-102.0,820,1893.765099
0.0,820,1893.765115
0.0,820,1893.765127
-97.0,820,1893.765138
0.0,820,1893.765212
-91.0,820,1893.765229
-20.0,820,1893.76524
-321.0,820,1893.76525
-47.0,820,1893.76526
-63.0,820,1893.76527
-104.0,820,1893.76528
-67.0,820,1893.765289
0.0,820,1893.765298
0.0,820,1893.765308
-33.0,820,1893.765317
0.0,820,1936.370951
-103.0,820,1936.370992
0.0,820,1936.371009
0.0,820,1936.371023
-76.0,820,1936.371036
0.0,820,1936.371049
-95.0,820,1936.371062
-14.0,820,1936.371073
-339.0,820,1936.371085
-54.0,820,1936.371097
-58.0,820,1936.371109
-95.0,820,1936.371121
-70.0,820,1936.371133
0.0,820,1936.371145
0.0,820,1936.371156
-46.0,820,1936.371168
0.0,820,1974.866156
-93.0,820,1974.866194
0.0,820,1974.86621
0.0,820,1974.866223
-93.0,820,1974.866235
0.0,820,1974.866246
-84.0,820,1974.866256
-13.0,820,1974.866267
-337.0,820,1974.866278
-63.0,820,1974.866288
-51.0,820,1974.866298
-95.0,820,1974.866308
-56.0,820,1974.866318
0.0,820,1974.866328
0.0,820,1974.866338
-33.0,820,1974.866347
0.0,820,2017.535545
-108.0,820,2017.535584
0.0,820,2017.535601
0.0,820,2017.535615
-60.0,820,2017.535628
0.0,820,2017.535641
-95.0,820,2017.535653
-15.0,820,2017.535665
-334.0,820,2017.535677
-65.0,820,2017.535689
-51.0,820,2017.535701
-108.0,820,2017.535713
-72.0,820,2017.535725
0.0,820,2017.535737
0.0,820,2017.535749
-42.0,820,2017.53576
0.0,820,2055.809687
-93.0,820,2055.809725
0.0,820,2055.809741
0.0,820,2055.809754
-89.0,820,2055.809765
0.0,820,2055.809776
-94.0,820,2055.809787
-5.0,820,2055.809798
-347.0,820,2055.809808
-69.0,820,2055.809818
-64.0,820,2055.809828
-98.0,820,2055.809839
-59.0,820,2055.809848
0.0,820,2055.809858
0.0,820,2055.809868
-35.0,820,2055.809877
0.0,820,2094.083234
-101.0,820,2094.083272
0.0,820,2094.083289
0.0,820,2094.083303
-65.0,820,2094.083316
0.0,820,2094.083329
-86.0,820,2094.083341
-16.0,820,2094.083353
-299.0,820,2094.083365
-58.0,820,2094.083377
-52.0,820,2094.083389
-96.0,820,2094.083401
-57.0,820,2094.083413
0.0,820,2094.083425
0.0,820,2094.083437
-34.0,820,2094.083448
0.0,820,2136.545378
-111.0,820,2136.545417
0.0,820,2136.545433
0.0,820,2136.545445
-72.0,820,2136.545456
0.0,820,2136.545467
-87.0,820,2136.545477
-8.0,820,2136.545488
-287.0,820,2136.545499
-67.0,820,2136.545509
-61.0,820,2136.545519
-104.0,820,2136.545529
-55.0,820,2136.545539
0.0,820,2136.545549
0.0,820,2136.545559
-36.0,820,2136.545569
0.0,820,2174.970778
-90.0,820,2174.970816
0.0,820,2174.970832
0.0,820,2174.970845
-74.0,820,2174.970856
0.0,820,2174.970868
-86.0,820,2174.970879
-6.0,820,2174.97089
-343.0,820,2174.9709
-57.0,820,2174.970911
-62.0,820,2174.970921
-111.0,820,2174.970931
-57.0,820,2174.970942
0.0,820,2174.970951
0.0,820,2174.970961
-34.0,820,2174.970971
0.0,820,2216.99386
-107.0,820,2216.993899
0.0,820,2216.993915
0.0,820,2216.993928
-55.0,820,2216.993939
0.0,820,2216.99395
-94.0,820,2216.993961
-10.0,820,2216.993972
-309.0,820,2216.993982
-66.0,820,2216.993993
-54.0,820,2216.994003
-91.0,820,2216.994013
-51.0,820,2216.994024
0.0,820,2216.994033
0.0,820,2216.994043
-31.0,820,2216.994053
0.0,820,2255.38674
-101.0,820,2255.386778
0.0,820,2255.386794
0.0,820,2255.386806
-41.0,820,2255.386818
0.0,820,2255.386829
-57.0,820,2255.38684
-6.0,820,2255.386851
-298.0,820,2255.386861
-43.0,820,2255.386872
-51.0,820,2255.386882
-88.0,820,2255.386891
-47.0,820,2255.386901
0.0,820,2255.386911
0.0,820,2255.386921
-36.0,820,2255.38693
0.0,820,2293.704198
-87.0,820,2293.704237
0.0,820,2293.704253
0.0,820,2293.704265
-52.0,820,2293.704276
0.0,820,2293.704287
-75.0,820,2293.704298
-2.0,820,2293.704309
-311.0,820,2293.704319
-44.0,820,2293.70433
-52.0,820,2293.70434
-107.0,820,2293.70435
-74.0,820,2293.70436
0.0,820,2293.70437
0.0,820,2293.70438
-42.0,820,2293.704389
0.0,820,2336.053978
-100.0,820,2336.054013
0.0,820,2336.054029
0.0,820,2336.054041
-57.0,820,2336.054052
0.0,820,2336.054063
-93.0,820,2336.054073
-5.0,820,2336.054084
-329.0,820,2336.054095
-73.0,820,2336.054105
-63.0,820,2336.054115
-90.0,820,2336.054125
-37.0,820,2336.054135
0.0,820,2336.054149
0.0,820,2336.054161
-29.0,820,2336.054171
0.0,820,2374.52128
-96.0,820,2374.521319
0.0,820,2374.521336
0.0,820,2374.52135
-65.0,820,2374.521363
0.0,820,2374.521376
-77.0,820,2374.521388
-1.0,820,2374.5214
-288.0,820,2374.521412
-47.0,820,2374.521424
-66.0,820,2374.521436
-109.0,820,2374.521448
-55.0,820,2374.52146
0.0,820,2374.521472
0.0,820,2374.521483
-36.0,820,2374.521495
0.0,820,2416.906634
-94.0,820,2416.90667
0.0,820,2416.906687
0.0,820,2416.906699
-40.0,820,2416.906711
0.0,820,2416.906722
-92.0,820,2416.906733
-12.0,820,2416.906744
-290.0,820,2416.906754
-57.0,820,2416.906765
-48.0,820,2416.906775
-101.0,820,2416.906785
-69.0,820,2416.906795
0.0,820,2416.906804
0.0,820,2416.906815
-29.0,820,2416.906824
0.0,820,2455.128989
-90.0,820,2455.129026
0.0,820,2455.129042
0.0,820,2455.129055
-34.0,820,2455.129066
0.0,820,2455.129077
-75.0,820,2455.129087
-3.0,820,2455.129098
-328.0,820,2455.129108
-46.0,820,2455.129118
-53.0,820,2455.129128
-106.0,820,2455.129138
-41.0,820,2455.129148
0.0,820,2455.129158
0.0,820,2455.129167
-30.0,820,2455.129177
0.0,820,2493.369573
-103.0,820,2493.369611
0.0,820,2493.369627
0.0,820,2493.36964
-40.0,820,2493.369651
0.0,820,2493.369662
-63.0,820,2493.369672
-8.0,820,2493.369683
-298.0,820,2493.369693
-55.0,820,2493.369703
-47.0,820,2493.369713
-106.0,820,2493.369723
-42.0,820,2493.369733
0.0,820,2493.369743
0.0,820,2493.369752
-34.0,820,2493.369761
0.0,820,2535.699186
-91.0,820,2535.699222
0.0,820,2535.69924
0.0,820,2535.699253
-26.0,820,2535.699266
0.0,820,2535.699279
-77.0,820,2535.699291
-4.0,820,2535.699303
-298.0,820,2535.699315
-50.0,820,2535.699327
-39.0,820,2535.699339
-103.0,820,2535.699351
-34.0,820,2535.699363
0.0,820,2535.699375
0.0,820,2535.699386
-33.0,820,2535.699398
0.0,820,2573.981077
-84.0,820,2573.981116
0.0,820,2573.981132
0.0,820,2573.981145
-37.0,820,2573.981156
0.0,820,2573.981167
-78.0,820,2573.981178
-4.0,820,2573.981188
-325.0,820,2573.981199
-65.0,820,2573.981209
-58.0,820,2573.981219
-97.0,820,2573.981229
-27.0,820,2573.981239
0.0,820,2573.981248
0.0,820,2573.981258
-28.0,820,2573.981267
0.0,820,2616.545044
-103.0,820,2616.545079
0.0,820,2616.545095
0.0,820,2616.545107
-58.0,820,2616.545118
0.0,820,2616.545129
-63.0,820,2616.545139
-4.0,820,2616.54515
-274.0,820,2616.54516
-40.0,820,2616.54517
-48.0,820,2616.545179
-92.0,820,2616.54519
-50.0,820,2616.545199
0.0,820,2616.545209
0.0,820,2616.545219
-32.0,820,2616.545228
0.0,820,2654.802037
-91.0,820,2654.802076
0.0,820,2654.802092
0.0,820,2654.802105
-40.0,820,2654.802116
0.0,820,2654.802128
-69.0,820,2654.802139
-1.0,820,2654.802149
-325.0,820,2654.80216
-49.0,820,2654.802171
-57.0,820,2654.802181
-99.0,820,2654.802191
-38.0,820,2654.802201
0.0,820,2654.802211
0.0,820,2654.802221
-21.0,820,2654.802231
0.0,820,2692.960433
-99.0,820,2692.960469
0.0,820,2692.960485
0.0,820,2692.960497
-42.0,820,2692.960509
0.0,820,2692.96052
-64.0,820,2692.960531
-7.0,820,2692.960541
-303.0,820,2692.960552
-52.0,820,2692.960562
-51.0,820,2692.960572
-109.0,820,2692.960582
-38.0,820,2692.960592
0.0,820,2692.960602
0.0,820,2692.960612
-24.0,820,2692.960621
0.0,820,2735.300998
-85.0,820,2735.301037
0.0,820,2735.301053
0.0,820,2735.301065
-29.0,820,2735.301076
0.0,820,2735.301087
-76.0,820,2735.301098
-8.0,820,2735.301109
-331.0,820,2735.301119
-49.0,820,2735.30113
-57.0,820,2735.30114
-94.0,820,2735.30115
-34.0,820,2735.301159
0.0,820,2735.301169
0.0,820,2735.301179
-30.0,820,2735.301188
0.0,820,2773.722532
-96.0,820,2773.72257
0.0,820,2773.722588
0.0,820,2773.722602
-41.0,820,2773.722615
0.0,820,2773.722628
-54.0,820,2773.72264
-5.0,820,2773.722652
-302.0,820,2773.722664
-42.0,820,2773.722676
-67.0,820,2773.722687
-96.0,820,2773.7227
-38.0,820,2773.722712
0.0,820,2773.722723
0.0,820,2773.722735
-28.0,820,2773.722747
0.0,820,2816.32369
-91.0,820,2816.323728
0.0,820,2816.323745
0.0,820,2816.323759
-30.0,820,2816.323772
0.0,820,2816.323785
-66.0,820,2816.323801
-5.0,820,2816.323815
-316.0,820,2816.323828
-41.0,820,2816.32384
-57.0,820,2816.323852
-100.0,820,2816.323864
-61.0,820,2816.323876
0.0,820,2816.323888
0.0,820,2816.3239
-30.0,820,2816.323912
0.0,820,2854.576198
-97.0,820,2854.576236
0.0,820,2854.576252
0.0,820,2854.576265
-24.0,820,2854.576276
0.0,820,2854.576287
-59.0,820,2854.576298
-1.0,820,2854.576308
-312.0,820,2854.576319
-48.0,820,2854.576329
-54.0,820,2854.576339
-87.0,820,2854.576349
-41.0,820,2854.576358
0.0,820,2854.576368
0.0,820,2854.576378
-28.0,820,2854.576388
0.0,820,2893.071036
-89.0,820,2893.071074
0.0,820,2893.07109
0.0,820,2893.071102
-32.0,820,2893.071114
0.0,820,2893.071125
-53.0,820,2893.071136
-9.0,820,2893.071146
-323.0,820,2893.071156
-45.0,820,2893.071167
-48.0,820,2893.071176
-97.0,820,2893.071186
-34.0,820,2893.071196
0.0,820,2893.071205
0.0,820,2893.071215
-19.0,820,2893.071225
0.0,820,2935.833052
-103.0,820,2935.833091
0.0,820,2935.833108
0.0,820,2935.833122
-52.0,820,2935.833135
0.0,820,2935.833148
-72.0,820,2935.83316
-5.0,820,2935.833172
-317.0,820,2935.833184
-43.0,820,2935.833196
-47.0,820,2935.833208
-97.0,820,2935.83322
-30.0,820,2935.833232
0.0,820,2935.833244
0.0,820,2935.833256
-25.0,820,2935.833267
0.0,820,2974.127839
-104.0,820,2974.127874
0.0,820,2974.127889
0.0,820,2974.127902
-40.0,820,2974.127913
0.0,820,2974.127924
-60.0,820,2974.127934
-6.0,820,2974.127945
-323.0,820,2974.127956
-51.0,820,2974.127966
-62.0,820,2974.127976
-109.0,820,2974.127986
-31.0,820,2974.127996
0.0,820,2974.128006
0.0,820,2974.128016
-25.0,820,2974.128025
0.0,820,3016.761607
-87.0,820,3016.761645
0.0,820,3016.761662
0.0,820,3016.761674
-26.0,820,3016.761685
0.0,820,3016.761696
-62.0,820,3016.761707
-4.0,820,3016.761718
-320.0,820,3016.761728
-25.0,820,3016.761738
-43.0,820,3016.761748
-88.0,820,3016.761758
-42.0,820,3016.761768
0.0,820,3016.761778
0.0,820,3016.761787
-24.0,820,3016.761797
0.0,820,3054.89315
-81.0,820,3054.893186
-1.0,820,3054.893203
0.0,820,3054.893217
-27.0,820,3054.89323
0.0,820,3054.893243
-68.0,820,3054.893255
-11.0,820,3054.893267
-324.0,820,3054.893279
-61.0,820,3054.893291
-43.0,820,3054.893303
-99.0,820,3054.893315
-34.0,820,3054.893327
0.0,820,3054.893339
0.0,820,3054.893351
-30.0,820,3054.893363
0.0,820,3092.934958
-90.0,820,3092.934993
0.0,820,3092.935008
0.0,820,3092.93502
-31.0,820,3092.935031
0.0,820,3092.935043
-67.0,820,3092.935053
-6.0,820,3092.935064
-307.0,820,3092.935075
-53.0,820,3092.935085
-52.0,820,3092.935095
-90.0,820,3092.935105
-47.0,820,3092.935115
0.0,820,3092.935124
0.0,820,3092.935134
-29.0,820,3092.935143
0.0,820,3135.556312
-87.0,820,3135.556386
0.0,820,3135.556405
0.0,820,3135.556416
-21.0,820,3135.556426
0.0,820,3135.556436
-39.0,820,3135.556446
-2.0,820,3135.556455
-336.0,820,3135.556465
-36.0,820,3135.556474
-59.0,820,3135.556484
-92.0,820,3135.556493
-32.0,820,3135.556502
0.0,820,3135.556512
0.0,820,3135.556521
-32.0,820,3135.55653
0.0,820,3173.887828
-88.0,820,3173.887869
0.0,820,3173.887885
0.0,820,3173.887898
-29.0,820,3173.887909
0.0,820,3173.88792
-71.0,820,3173.887931
-2.0,820,3173.887942
-333.0,820,3173.887952
-45.0,820,3173.887963
-49.0,820,3173.887973
-87.0,820,3173.887983
-46.0,820,3173.887993
0.0,820,3173.888003
0.0,820,3173.888013
-31.0,820,3173.888023
0.0,820,3216.342662
-103.0,820,3216.3427
0.0,820,3216.342716
0.0,820,3216.342729
-29.0,820,3216.342741
0.0,820,3216.342752
-53.0,820,3216.342763
-1.0,820,3216.342773
-313.0,820,3216.342784
-49.0,820,3216.342794
-42.0,820,3216.342805
-93.0,820,3216.342815
-24.0,820,3216.342825
0.0,820,3216.342835
0.0,820,3216.342845
-24.0,820,3216.342855
0.0,820,3254.630307
-84.0,820,3254.630341
0.0,820,3254.630357
0.0,820,3254.63037
-17.0,820,3254.630381
0.0,820,3254.630392
-56.0,820,3254.630402
-2.0,820,3254.630413
-284.0,820,3254.630423
-62.0,820,3254.630434
-42.0,820,3254.630444
-91.0,820,3254.630454
-21.0,820,3254.630464
0.0,820,3254.630473
0.0,820,3254.630486
-24.0,820,3254.630498
0.0,820,3292.739982
-100.0,820,3292.740021
0.0,820,3292.740038
0.0,820,3292.740051
-30.0,820,3292.740062
0.0,820,3292.740073
-59.0,820,3292.740084
0.0,820,3292.740094
-299.0,820,3292.740105
-55.0,820,3292.740115
-56.0,820,3292.740125
-95.0,820,3292.740135
-33.0,820,3292.740145
0.0,820,3292.740155
0.0,820,3292.740165
-29.0,820,3292.740175
0.0,820,3335.074302
-95.0,820,3335.074336
0.0,820,3335.074352
0.0,820,3335.074364
-28.0,820,3335.074376
0.0,820,3335.074387
-63.0,820,3335.074398
-3.0,820,3335.074409
-278.0,820,3335.074419
-49.0,820,3335.07443
-46.0,820,3335.07444
-90.0,820,3335.07445
-22.0,820,3335.074459
0.0,820,3335.074469
0.0,820,3335.074479
-40.0,820,3335.074489
0.0,820,3373.319878
-87.0,820,3373.319916
0.0,820,3373.319932
0.0,820,3373.319945
-18.0,820,3373.319956
0.0,820,3373.319968
-47.0,820,3373.319978
-3.0,820,3373.319989
-307.0,820,3373.32
-45.0,820,3373.32001
-50.0,820,3373.32002
-100.0,820,3373.32003
-36.0,820,3373.32004
0.0,820,3373.32005
0.0,820,3373.320059
-21.0,820,3373.320069
0.0,820,3416.032407
-92.0,820,3416.032445
0.0,820,3416.032462
0.0,820,3416.032474
-25.0,820,3416.032486
0.0,820,3416.032497
-60.0,820,3416.032507
-1.0,820,3416.032518
-302.0,820,3416.032529
-37.0,820,3416.032539
-34.0,820,3416.032549
-93.0,820,3416.032558
-18.0,820,3416.032568
0.0,820,3416.032578
0.0,820,3416.032588
-23.0,820,3416.032597
0.0,820,3454.74462
-95.0,820,3454.744659
0.0,820,3454.744675
0.0,820,3454.744688
-24.0,820,3454.744699
0.0,820,3454.74471
-66.0,820,3454.74472
-3.0,820,3454.744731
-297.0,820,3454.744741
-43.0,820,3454.744751
-57.0,820,3454.744761
-79.0,820,3454.744771
-29.0,820,3454.744781
0.0,820,3454.744791
0.0,820,3454.744801
-36.0,820,3454.74481
0.0,820,3493.042915
-83.0,820,3493.042951
0.0,820,3493.042967
0.0,820,3493.04298
-22.0,820,3493.042991
0.0,820,3493.043002
-64.0,820,3493.043013
-5.0,820,3493.043024
-328.0,820,3493.043035
-42.0,820,3493.043046
-48.0,820,3493.043056
-90.0,820,3493.043066
-25.0,820,3493.043075
0.0,820,3493.043085
0.0,820,3493.043095
-23.0,820,3493.043104
0.0,820,3535.530479
-89.0,820,3535.530514
0.0,820,3535.53053
0.0,820,3535.530542
-32.0,820,3535.530553
0.0,820,3535.530564
-58.0,820,3535.530575
-6.0,820,3535.530585
-289.0,820,3535.530596
-35.0,820,3535.530606
-48.0,820,3535.530616
-102.0,820,3535.530626
-21.0,820,3535.530636
0.0,820,3535.530646
0.0,820,3535.530655
-28.0,820,3535.530664
0.0,820,3573.834139
-90.0,820,3573.834174
0.0,820,3573.83419
0.0,820,3573.834202
-32.0,820,3573.834214
0.0,820,3573.834225
-67.0,820,3573.834236
-6.0,820,3573.834247
-333.0,820,3573.834258
-34.0,820,3573.834268
-49.0,820,3573.834278
-96.0,820,3573.834289
-27.0,820,3573.834299
0.0,820,3573.834309
0.0,820,3573.834318
-25.0,820,3573.834328
0.0,820,3616.150309
-92.0,820,3616.150348
0.0,820,3616.150366
0.0,820,3616.15038
-17.0,820,3616.150393
0.0,820,3616.150406
-39.0,820,3616.150419
0.0,820,3616.15043
-305.0,820,3616.150443
-33.0,820,3616.150455
-42.0,820,3616.150467
-90.0,820,3616.150479
-24.0,820,3616.150491
0.0,820,3616.150502
0.0,820,3616.150514
-26.0,820,3616.150526
0.0,820,3654.397408
-91.0,820,3654.397447
0.0,820,3654.397465
0.0,820,3654.397479
-31.0,820,3654.397492
0.0,820,3654.397505
-70.0,820,3654.397516
-6.0,820,3654.397529
-315.0,820,3654.397541
-48.0,820,3654.397553
-38.0,820,3654.397565
-89.0,820,3654.397577
-23.0,820,3654.397589
0.0,820,3654.397601
0.0,820,3654.397613
-34.0,820,3654.397624
0.0,820,3692.485703
-102.0,820,3692.485741
0.0,820,3692.485755
0.0,820,3692.485766
-18.0,820,3692.485776
0.0,820,3692.485785
-50.0,820,3692.485794
-8.0,820,3692.485804
-299.0,820,3692.485813
-33.0,820,3692.485823
-51.0,820,3692.485832
-96.0,820,3692.485842
-28.0,820,3692.485852
0.0,820,3692.485861
0.0,820,3692.48587
-25.0,820,3692.485879
0.0,820,3735.056026
-95.0,820,3735.056064
0.0,820,3735.056081
0.0,820,3735.056093
-32.0,820,3735.056104
0.0,820,3735.056115
-51.0,820,3735.056125
-6.0,820,3735.056184
-293.0,820,3735.056201
-32.0,820,3735.056212
-58.0,820,3735.056222
-96.0,820,3735.056232
-28.0,820,3735.056242
0.0,820,3735.056251
0.0,820,3735.05626
-29.0,820,3735.05627
0.0,820,3773.397602
-91.0,820,3773.397637
0.0,820,3773.397653
0.0,820,3773.397665
-41.0,820,3773.397676
0.0,820,3773.397687
-42.0,820,3773.397697
-3.0,820,3773.397708
-312.0,820,3773.397718
-55.0,820,3773.397729
-47.0,820,3773.397738
-84.0,820,3773.397748
-25.0,820,3773.397758
0.0,820,3773.397768
0.0,820,3773.397778
-29.0,820,3773.397788
0.0,820,3815.790971
-88.0,820,3815.791006
0.0,820,3815.791022
0.0,820,3815.791035
-27.0,820,3815.791046
0.0,820,3815.791056
-47.0,820,3815.791067
-1.0,820,3815.791078
-280.0,820,3815.791088
-39.0,820,3815.791098
-53.0,820,3815.791108
-93.0,820,3815.791118
-26.0,820,3815.791128
0.0,820,3815.791138
0.0,820,3815.791147
-27.0,820,3815.791157
0.0,820,3853.981761
-86.0,820,3853.981798
0.0,820,3853.981814
0.0,820,3853.981827
-23.0,820,3853.981838
0.0,820,3853.981848
-38.0,820,3853.981858
0.0,820,3853.981869
-315.0,820,3853.981879
-39.0,820,3853.981889
-38.0,820,3853.981899
-103.0,820,3853.981909
-14.0,820,3853.981919
0.0,820,3853.981929
0.0,820,3853.981938
-26.0,820,3853.981948
0.0,820,3892.372502
-95.0,820,3892.372539
0.0,820,3892.372555
0.0,820,3892.372567
-17.0,820,3892.372578
0.0,820,3892.372589
-50.0,820,3892.3726
-8.0,820,3892.37261
-324.0,820,3892.372621
-44.0,820,3892.372631
-51.0,820,3892.372642
-92.0,820,3892.372652
-25.0,820,3892.372662
0.0,820,3892.372671
0.0,820,3892.372681
-27.0,820,3892.37269
0.0,820,3934.633136
-81.0,820,3934.633171
0.0,820,3934.633187
0.0,820,3934.633198
-27.0,820,3934.63321
0.0,820,3934.633221
-47.0,820,3934.633231
-4.0,820,3934.633241
-284.0,820,3934.633252
-29.0,820,3934.633262
-54.0,820,3934.633272
-86.0,820,3934.633281
-25.0,820,3934.633291
0.0,820,3934.633301
0.0,820,3934.633311
-27.0,820,3934.633321
0.0,820,3973.057244
-86.0,820,3973.057279
0.0,820,3973.057295
0.0,820,3973.057307
-17.0,820,3973.057319
0.0,820,3973.05733
-49.0,820,3973.057342
-5.0,820,3973.057352
-283.0,820,3973.057363
-44.0,820,3973.057374
-43.0,820,3973.057384
-93.0,820,3973.057393
-25.0,820,3973.057403
0.0,820,3973.057413
0.0,820,3973.057423
-27.0,820,3973.057433
0.0,820,4015.711764
-87.0,820,4015.711803
0.0,820,4015.711819
0.0,820,4015.711832
-29.0,820,4015.711843
0.0,820,4015.711855
-39.0,820,4015.711865
-8.0,820,4015.711876
-293.0,820,4015.711887
-32.0,820,4015.711897
-59.0,820,4015.711907
-89.0,820,4015.711917
-26.0,820,4015.711926
0.0,820,4015.711936
0.0,820,4015.711946
-21.0,820,4015.711955
0.0,820,4053.652312
-91.0,820,4053.652351
0.0,820,4053.652367
0.0,820,4053.652379
-13.0,820,4053.65239
0.0,820,4053.652401
-38.0,820,4053.652411
-4.0,820,4053.652422
-314.0,820,4053.652432
-22.0,820,4053.652442
-40.0,820,4053.652452
-80.0,820,4053.652462
-37.0,820,4053.652472
0.0,820,4053.652481
0.0,820,4053.652491
-33.0,820,4053.6525
0.0,820,4091.89669
-89.0,820,4091.896727
0.0,820,4091.896744
0.0,820,4091.896756
-32.0,820,4091.896767
0.0,820,4091.896778
-39.0,820,4091.896789
0.0,820,4091.896799
-278.0,820,4091.89681
-30.0,820,4091.89682
-35.0,820,4091.89683
-89.0,820,4091.89684
-21.0,820,4091.89685
0.0,820,4091.89686
0.0,820,4091.89687
-21.0,820,4091.896879
0.0,820,4134.565014
-86.0,820,4134.565053
0.0,820,4134.565068
0.0,820,4134.56508
-24.0,820,4134.565091
0.0,820,4134.565102
-36.0,820,4134.565112
-3.0,820,4134.565123
-308.0,820,4134.565133
-56.0,820,4134.565143
-60.0,820,4134.565153
-84.0,820,4134.565162
-25.0,820,4134.565172
0.0,820,4134.565182
0.0,820,4134.565192
-24.0,820,4134.565201
0.0,820,4172.814507
-83.0,820,4172.814545
0.0,820,4172.814562
0.0,820,4172.814574
-18.0,820,4172.814585
0.0,820,4172.814596
-35.0,820,4172.814607
-4.0,820,4172.814618
-302.0,820,4172.814628
-41.0,820,4172.814638
-52.0,820,4172.814648
-82.0,820,4172.814658
-30.0,820,4172.814668
0.0,820,4172.814678
0.0,820,4172.814688
-21.0,820,4172.814697
0.0,820,4215.467211
-87.0,820,4215.467251
0.0,820,4215.467269
0.0,820,4215.467283
-23.0,820,4215.467296
0.0,820,4215.467309
-40.0,820,4215.467321
-2.0,820,4215.467333
-333.0,820,4215.467345
-32.0,820,4215.467357
-68.0,820,4215.467369
-86.0,820,4215.467381
-21.0,820,4215.467392
0.0,820,4215.467404
0.0,820,4215.467416
-25.0,820,4215.467427
0.0,820,4253.701856
-86.0,820,4253.701894
0.0,820,4253.701911
0.0,820,4253.701925
-24.0,820,4253.701938
0.0,820,4253.701951
-32.0,820,4253.701963
-7.0,820,4253.701975
-284.0,820,4253.701987
-46.0,820,4253.701999
-58.0,820,4253.702011
-71.0,820,4253.702023
-22.0,820,4253.702035
0.0,820,4253.702047
0.0,820,4253.702059
-27.0,820,4253.70207
0.0,820,4292.022024
-78.0,820,4292.022061
0.0,820,4292.022077
0.0,820,4292.022089
-23.0,820,4292.022101
0.0,820,4292.022111
-38.0,820,4292.022122
-7.0,820,4292.022133
-312.0,820,4292.022143
-38.0,820,4292.022154
-49.0,820,4292.022164
-78.0,820,4292.022174
-31.0,820,4292.022184
0.0,820,4292.022194
0.0,820,4292.022204
-28.0,820,4292.022214
0.0,820,4334.430515
-87.0,820,4334.430553
0.0,820,4334.430569
0.0,820,4334.430582
-20.0,820,4334.430593
0.0,820,4334.430604
-39.0,820,4334.430614
-1.0,820,4334.430625
-343.0,820,4334.430635
-54.0,820,4334.430646
-50.0,820,4334.430656
-85.0,820,4334.430666
-27.0,820,4334.430676
0.0,820,4334.430686
0.0,820,4334.430696
-32.0,820,4334.430705
0.0,820,4372.575688
-88.0,820,4372.575722
0.0,820,4372.575738
0.0,820,4372.57575
-20.0,820,4372.575761
0.0,820,4372.575773
-45.0,820,4372.575783
-2.0,820,4372.575799
-279.0,820,4372.575809
-46.0,820,4372.575819
-48.0,820,4372.575829
-77.0,820,4372.575838
-26.0,820,4372.575847
0.0,820,4372.575857
0.0,820,4372.575866
-26.0,820,4372.575875
0.0,820,4414.860878
-92.0,820,4414.860918
0.0,820,4414.860934
0.0,820,4414.860946
-25.0,820,4414.860957
0.0,820,4414.860969
-39.0,820,4414.86098
-4.0,820,4414.860991
-283.0,820,4414.861001
-37.0,820,4414.861011
-41.0,820,4414.861021
-77.0,820,4414.861032
-14.0,820,4414.861041
0.0,820,4414.861051
0.0,820,4414.861061
-22.0,820,4414.86107
0.0,820,4453.136399
-93.0,820,4453.136437
0.0,820,4453.136453
0.0,820,4453.136466
-19.0,820,4453.136477
0.0,820,4453.136488
-29.0,820,4453.136498
-2.0,820,4453.136509
-284.0,820,4453.13652
-48.0,820,4453.136531
-37.0,820,4453.136541
-85.0,820,4453.136551
-20.0,820,4453.136561
0.0,820,4453.13657
0.0,820,4453.13658
-26.0,820,4453.13659
0.0,820,4491.556324
-83.0,820,4491.556358
0.0,820,4491.556375
0.0,820,4491.556389
-22.0,820,4491.556401
0.0,820,4491.556414
-45.0,820,4491.556427
-3.0,820,4491.556438
-307.0,820,4491.55645
-36.0,820,4491.556462
-45.0,820,4491.556474
-84.0,820,4491.556486
-17.0,820,4491.556498
0.0,820,4491.55651
0.0,820,4491.556521
-32.0,820,4491.556533
0.0,820,4534.304697
-85.0,820,4534.304733
0.0,820,4534.304749
0.0,820,4534.304761
-33.0,820,4534.304773
0.0,820,4534.304784
-37.0,820,4534.304795
-3.0,820,4534.304806
-275.0,820,4534.304817
-34.0,820,4534.304827
-44.0,820,4534.304837
-82.0,820,4534.304847
-22.0,820,4534.304857
0.0,820,4534.304867
0.0,820,4534.304877
-26.0,820,4534.304887
0.0,820,4572.580655
-90.0,820,4572.580691
0.0,820,4572.580706
0.0,820,4572.580716
-16.0,820,4572.580726
0.0,820,4572.580736
-32.0,820,4572.580745
0.0,820,4572.580754
-312.0,820,4572.580763
-40.0,820,4572.580773
-56.0,820,4572.580782
-86.0,820,4572.580791
-18.0,820,4572.580801
0.0,820,4572.58081
0.0,820,4572.58082
-21.0,820,4572.580829
0.0,820,4614.98027
-81.0,820,4614.98031
0.0,820,4614.980327
0.0,820,4614.980341
-33.0,820,4614.980355
0.0,820,4614.980368
-57.0,820,4614.980381
0.0,820,4614.980393
-294.0,820,4614.980405
-35.0,820,4614.980417
-56.0,820,4614.980428
-75.0,820,4614.98044
-22.0,820,4614.980452
0.0,820,4614.980464
0.0,820,4614.980476
-18.0,820,4614.980488
0.0,820,4653.122519
-90.0,820,4653.122557
0.0,820,4653.122573
0.0,820,4653.122586
-21.0,820,4653.122597
0.0,820,4653.122608
-45.0,820,4653.122618
-3.0,820,4653.122629
-293.0,820,4653.122639
-36.0,820,4653.122652
-44.0,820,4653.122665
-72.0,820,4653.122675
-28.0,820,4653.122685
0.0,820,4653.122695
0.0,820,4653.122705
-31.0,820,4653.122714
0.0,820,4691.371098
-102.0,820,4691.371137
0.0,820,4691.371153
0.0,820,4691.371166
-19.0,820,4691.371177
0.0,820,4691.371189
-40.0,820,4691.371199
-5.0,820,4691.37121
-311.0,820,4691.371221
-33.0,820,4691.371231
-55.0,820,4691.371241
-78.0,820,4691.371251
-18.0,820,4691.371261
0.0,820,4691.371271
0.0,820,4691.371281
-31.0,820,4691.37129
0.0,820,4733.618562
-91.0,820,4733.6186
0.0,820,4733.618617
0.0,820,4733.618629
-21.0,820,4733.618641
0.0,820,4733.618652
-42.0,820,4733.618662
0.0,820,4733.618673
-314.0,820,4733.618683
-38.0,820,4733.618693
-58.0,820,4733.618703
-68.0,820,4733.618713
-23.0,820,4733.618723
0.0,820,4733.618732
0.0,820,4733.618742
-28.0,820,4733.618752
0.0,820,4771.755684
-74.0,820,4771.755722
0.0,820,4771.755739
0.0,820,4771.755753
-16.0,820,4771.755766
0.0,820,4771.755779
-54.0,820,4771.755791
-2.0,820,4771.755803
-313.0,820,4771.755815
-48.0,820,4771.755827
-43.0,820,4771.755839
-61.0,820,4771.755851
-27.0,820,4771.755863
0.0,820,4771.755875
0.0,820,4771.755887
-24.0,820,4771.755898
0.0,820,4814.327088
-80.0,820,4814.327124
0.0,820,4814.32714
0.0,820,4814.327153
-25.0,820,4814.327164
0.0,820,4814.327175
-39.0,820,4814.327186
-5.0,820,4814.327196
-323.0,820,4814.327207
-43.0,820,4814.327217
-53.0,820,4814.327227
-77.0,820,4814.327238
-19.0,820,4814.327247
0.0,820,4814.327257
0.0,820,4814.327267
-27.0,820,4814.327276
0.0,820,4852.728057
-84.0,820,4852.728095
0.0,820,4852.728111
0.0,820,4852.728123
-18.0,820,4852.728134
0.0,820,4852.728145
-43.0,820,4852.728155
0.0,820,4852.728166
-278.0,820,4852.728176
-38.0,820,4852.728186
-42.0,820,4852.728196
-62.0,820,4852.728206
-18.0,820,4852.728216
0.0,820,4852.728226
0.0,820,4852.728235
-26.0,820,4852.728245
0.0,820,4891.269994
-80.0,820,4891.270029
0.0,820,4891.270045
0.0,820,4891.270057
-17.0,820,4891.270069
0.0,820,4891.270081
-55.0,820,4891.270092
0.0,820,4891.270103
-305.0,820,4891.270113
-45.0,820,4891.270124
-51.0,820,4891.270134
-76.0,820,4891.270144
-17.0,820,4891.270155
0.0,820,4891.270165
0.0,820,4891.270175
-24.0,820,4891.270185
0.0,820,4933.602032
-84.0,820,4933.602103
0.0,820,4933.602124
0.0,820,4933.602137
-15.0,820,4933.602149
0.0,820,4933.602161
-33.0,820,4933.602172
-1.0,820,4933.602184
-295.0,820,4933.602196
-35.0,820,4933.602207
-39.0,820,4933.602219
-72.0,820,4933.602231
-20.0,820,4933.602242
0.0,820,4933.602254
0.0,820,4933.602266
-25.0,820,4933.602277
0.0,820,4971.771049
-85.0,820,4971.771088
0.0,820,4971.771104
0.0,820,4971.771116
-25.0,820,4971.771127
0.0,820,4971.771138
-39.0,820,4971.771148
0.0,820,4971.771159
-309.0,820,4971.771169
-26.0,820,4971.771179
-55.0,820,4971.77119
-65.0,820,4971.7712
-29.0,820,4971.771209
0.0,820,4971.771219
0.0,820,4971.771229
-25.0,820,4971.771238
0.0,820,5014.407669
-82.0,820,5014.407705
0.0,820,5014.407721
0.0,820,5014.407733
-18.0,820,5014.407745
0.0,820,5014.407756
-41.0,820,5014.407767
-2.0,820,5014.407778
-314.0,820,5014.407788
-31.0,820,5014.407799
-51.0,820,5014.407809
-58.0,820,5014.407819
-22.0,820,5014.407829
0.0,820,5014.407839
0.0,820,5014.407849
-24.0,820,5014.407858
0.0,820,5052.759146
-78.0,820,5052.759181
0.0,820,5052.759197
0.0,820,5052.75921
-18.0,820,5052.759221
0.0,820,5052.759232
-35.0,820,5052.759243
-2.0,820,5052.759254
-287.0,820,5052.759264
-44.0,820,5052.759274
-53.0,820,5052.759285
-66.0,820,5052.759295
-18.0,820,5052.759305
0.0,820,5052.759314
0.0,820,5052.759324
-30.0,820,5052.759333
0.0,820,5090.870729
-68.0,820,5090.870766
0.0,820,5090.870783
0.0,820,5090.870797
-17.0,820,5090.870809
0.0,820,5090.870822
-37.0,820,5090.870834
-1.0,820,5090.870846
-258.0,820,5090.870858
-41.0,820,5090.87087
-49.0,820,5090.870882
-67.0,820,5090.870894
-20.0,820,5090.870906
0.0,820,5090.870918
0.0,820,5090.87093
-25.0,820,5090.870942
0.0,820,5133.258424
-81.0,820,5133.258461
0.0,820,5133.25848
0.0,820,5133.258495
-12.0,820,5133.258507
0.0,820,5133.258518
-46.0,820,5133.258528
-1.0,820,5133.258539
-294.0,820,5133.258549
-40.0,820,5133.258559
-46.0,820,5133.258569
-69.0,820,5133.258579
-12.0,820,5133.258588
0.0,820,5133.258597
0.0,820,5133.258607
-24.0,820,5133.258616
0.0,820,5171.401015
-84.0,820,5171.401054
0.0,820,5171.401071
0.0,820,5171.401085
-18.0,820,5171.401099
0.0,820,5171.401112
-49.0,820,5171.401125
0.0,820,5171.401137
-299.0,820,5171.401149
-31.0,820,5171.401161
-48.0,820,5171.401173
-68.0,820,5171.401186
-19.0,820,5171.401198
0.0,820,5171.401209
0.0,820,5171.401221
-25.0,820,5171.401233
0.0,820,5214.224323
-96.0,820,5214.22436
0.0,820,5214.224376
0.0,820,5214.224388
-19.0,820,5214.224399
0.0,820,5214.22441
-42.0,820,5214.22442
-3.0,820,5214.224431
-300.0,820,5214.224441
-47.0,820,5214.224451
-44.0,820,5214.224461
-60.0,820,5214.224471
-19.0,820,5214.224481
0.0,820,5214.224491
0.0,820,5214.2245
-26.0,820,5214.22451
0.0,820,5252.650125
-81.0,820,5252.650159
0.0,820,5252.650176
0.0,820,5252.650188
-22.0,820,5252.650199
0.0,820,5252.65021
-34.0,820,5252.650221
-2.0,820,5252.650231
-319.0,820,5252.650242
-39.0,820,5252.650252
-42.0,820,5252.650262
-60.0,820,5252.650271
-19.0,820,5252.650281
0.0,820,5252.650291
0.0,820,5252.6503
-24.0,820,5252.65031
0.0,820,5290.760489
-91.0,820,5290.760528
0.0,820,5290.760544
0.0,820,5290.760556
-14.0,820,5290.760568
0.0,820,5290.76058
-37.0,820,5290.760591
-10.0,820,5290.760601
-281.0,820,5290.760611
-34.0,820,5290.760622
-65.0,820,5290.760632
-68.0,820,5290.760642
-22.0,820,5290.760652
0.0,820,5290.760662
0.0,820,5290.760671
-21.0,820,5290.760681
0.0,820,5333.221822
-81.0,820,5333.221857
0.0,820,5333.221873
0.0,820,5333.221885
-28.0,820,5333.221896
0.0,820,5333.221907
-26.0,820,5333.221917
-2.0,820,5333.221926
-280.0,820,5333.221937
-36.0,820,5333.221947
-60.0,820,5333.221957
-74.0,820,5333.221966
-17.0,820,5333.221976
0.0,820,5333.221985
0.0,820,5333.221995
-25.0,820,5333.222004
0.0,820,5371.590917
-99.0,820,5371.590957
0.0,820,5371.590973
0.0,820,5371.590986
-17.0,820,5371.590997
0.0,820,5371.591008
-29.0,820,5371.591019
0.0,820,5371.59103
-279.0,820,5371.59104
-31.0,820,5371.59105
-46.0,820,5371.59106
-62.0,820,5371.59107
-31.0,820,5371.59108
0.0,820,5371.59109
0.0,820,5371.5911
-22.0,820,5371.591109
0.0,820,5413.843354
-88.0,820,5413.843394
0.0,820,5413.84341
0.0,820,5413.843425
-22.0,820,5413.843437
0.0,820,5413.84345
-34.0,820,5413.843462
-2.0,820,5413.843474
-300.0,820,5413.843487
-41.0,820,5413.843498
-39.0,820,5413.843511
-69.0,820,5413.843522
-24.0,820,5413.843534
0.0,820,5413.843546
0.0,820,5413.843558
-25.0,820,5413.84357
0.0,820,5451.748408
-80.0,820,5451.748446
0.0,820,5451.748462
0.0,820,5451.748475
-19.0,820,5451.748486
0.0,820,5451.748497
-40.0,820,5451.748507
-6.0,820,5451.748518
-280.0,820,5451.748528
-44.0,820,5451.748539
-55.0,820,5451.748548
-65.0,820,5451.748558
-22.0,820,5451.748568
0.0,820,5451.748578
0.0,820,5451.748588
-21.0,820,5451.748597
0.0,820,5489.959117
-91.0,820,5489.959152
0.0,820,5489.959168
0.0,820,5489.95918
-19.0,820,5489.959191
0.0,820,5489.959202
-33.0,820,5489.959212
-3.0,820,5489.959223
-270.0,820,5489.959233
-49.0,820,5489.959242
-52.0,820,5489.959251
-63.0,820,5489.95926
-22.0,820,5489.959269
0.0,820,5489.959278
0.0,820,5489.959287
-19.0,820,5489.959296
0.0,820,5532.269063
-83.0,820,5532.2691
0.0,820,5532.269116
0.0,820,5532.269128
-15.0,820,5532.269139
0.0,820,5532.26915
-40.0,820,5532.269161
-4.0,820,5532.269172
-312.0,820,5532.269182
-40.0,820,5532.269192
-36.0,820,5532.269202
-57.0,820,5532.269212
-27.0,820,5532.269222
0.0,820,5532.269233
0.0,820,5532.269242
-22.0,820,5532.269252
0.0,820,5570.656533
-84.0,820,5570.656571
0.0,820,5570.656586
0.0,820,5570.656598
-20.0,820,5570.656609
0.0,820,5570.65662
-29.0,820,5570.656631
-7.0,820,5570.656641
-305.0,820,5570.656651
-39.0,820,5570.656662
-36.0,820,5570.656672
-69.0,820,5570.656685
-15.0,820,5570.656697
0.0,820,5570.656708
0.0,820,5570.656718
-19.0,820,5570.656727
0.0,820,5613.235421
-79.0,820,5613.235459
0.0,820,5613.235477
0.0,820,5613.235491
-25.0,820,5613.235503
0.0,820,5613.235516
-26.0,820,5613.235528
-3.0,820,5613.235539
-300.0,820,5613.235552
-37.0,820,5613.235563
-38.0,820,5613.235575
-55.0,820,5613.235587
-17.0,820,5613.235599
0.0,820,5613.235611
0.0,820,5613.235623
-16.0,820,5613.235635
0.0,820,5651.36239
-89.0,820,5651.362427
0.0,820,5651.362442
0.0,820,5651.362453
-16.0,820,5651.362463
0.0,820,5651.362473
-39.0,820,5651.362482
-4.0,820,5651.362492
-282.0,820,5651.362501
-44.0,820,5651.362511
-34.0,820,5651.36252
-55.0,820,5651.36253
-18.0,820,5651.362539
0.0,820,5651.362549
0.0,820,5651.362558
-31.0,820,5651.362567
0.0,820,5689.547998
-80.0,820,5689.548035
0.0,820,5689.548051
0.0,820,5689.548063
-20.0,820,5689.548074
0.0,820,5689.548085
-44.0,820,5689.548095
-9.0,820,5689.548105
-292.0,820,5689.548116
-28.0,820,5689.548126
-44.0,820,5689.548136
-57.0,820,5689.548146
-23.0,820,5689.548156
0.0,820,5689.548166
0.0,820,5689.548176
-25.0,820,5689.548185
0.0,820,5732.073391
-84.0,820,5732.073429
0.0,820,5732.073445
0.0,820,5732.073457
-17.0,820,5732.073468
0.0,820,5732.073479
-41.0,820,5732.07349
-2.0,820,5732.073501
-264.0,820,5732.073511
-35.0,820,5732.073522
-57.0,820,5732.073532
-62.0,820,5732.073542
-22.0,820,5732.073552
0.0,820,5732.073562
0.0,820,5732.073572
-24.0,820,5732.073581
0.0,820,5770.493526
-74.0,820,5770.493564
0.0,820,5770.493581
0.0,820,5770.493593
-16.0,820,5770.493604
0.0,820,5770.493615
-37.0,820,5770.493625
0.0,820,5770.493635
-280.0,820,5770.493645
-40.0,820,5770.493655
-46.0,820,5770.493665
-52.0,820,5770.493675
-22.0,820,5770.493685
0.0,820,5770.493695
0.0,820,5770.493705
-22.0,820,5770.493714
0.0,820,5813.086592
-82.0,820,5813.086632
0.0,820,5813.086647
0.0,820,5813.086659
-19.0,820,5813.08667
0.0,820,5813.086681
-35.0,820,5813.086692
-10.0,820,5813.086703
-304.0,820,5813.086713
-42.0,820,5813.086724
-48.0,820,5813.086734
-58.0,820,5813.086744
-20.0,820,5813.086754
0.0,820,5813.086763
0.0,820,5813.086773
-23.0,820,5813.086782
0.0,820,5851.373024
-71.0,820,5851.373062
0.0,820,5851.373078
0.0,820,5851.373091
-13.0,820,5851.373102
0.0,820,5851.373113
-32.0,820,5851.373124
-5.0,820,5851.373135
-290.0,820,5851.373145
-43.0,820,5851.373155
-33.0,820,5851.373165
-62.0,820,5851.373175
-24.0,820,5851.373185
0.0,820,5851.373195
0.0,820,5851.373205
-23.0,820,5851.373215
0.0,820,5889.789821
-75.0,820,5889.789859
0.0,820,5889.789876
0.0,820,5889.789889
-17.0,820,5889.7899
0.0,820,5889.789912
-40.0,820,5889.789922
-1.0,820,5889.789933
-252.0,820,5889.789944
-39.0,820,5889.789954
-30.0,820,5889.789965
-58.0,820,5889.789974
-16.0,820,5889.789984
0.0,820,5889.789994
0.0,820,5889.790004
-27.0,820,5889.790014
0.0,820,5931.934728
-90.0,820,5931.934762
0.0,820,5931.934778
0.0,820,5931.934791
-15.0,820,5931.934802
0.0,820,5931.934813
-35.0,820,5931.934824
-3.0,820,5931.934834
-273.0,820,5931.934845
-40.0,820,5931.934855
-42.0,820,5931.934865
-56.0,820,5931.934875
-22.0,820,5931.934885
0.0,820,5931.934895
0.0,820,5931.934905
-26.0,820,5931.934915
0.0,820,5970.358784
-81.0,820,5970.358818
0.0,820,5970.358834
0.0,820,5970.358846
-21.0,820,5970.358857
0.0,820,5970.358868
-45.0,820,5970.358878
-1.0,820,5970.358889
-282.0,820,5970.358899
-50.0,820,5970.358909
-40.0,820,5970.358919
-65.0,820,5970.358929
-25.0,820,5970.358939
0.0,820,5970.358949
0.0,820,5970.358959
-25.0,820,5970.358969
0.0,820,6013.004138
-74.0,820,6013.004175
0.0,820,6013.004191
0.0,820,6013.004203
-21.0,820,6013.004214
0.0,820,6013.004225
-42.0,820,6013.004236
-2.0,820,6013.004247
-289.0,820,6013.004257
-41.0,820,6013.004268
-30.0,820,6013.004278
-68.0,820,6013.004288
-16.0,820,6013.004298
0.0,820,6013.004308
0.0,820,6013.004318
-20.0,820,6013.004327
0.0,820,6050.872409
-79.0,820,6050.872447
0.0,820,6050.872462
0.0,820,6050.872475
-17.0,820,6050.872489
0.0,820,6050.872503
-37.0,820,6050.872514
-3.0,820,6050.872524
-306.0,820,6050.872535
-41.0,820,6050.872545
-46.0,820,6050.872555
-58.0,820,6050.872565
-16.0,820,6050.872575
0.0,820,6050.872584
0.0,820,6050.872594
-28.0,820,6050.872603
0.0,820,6089.332682
-89.0,820,6089.332719
0.0,820,6089.332735
0.0,820,6089.332747
-22.0,820,6089.332758
0.0,820,6089.332769
-33.0,820,6089.33278
-2.0,820,6089.33279
-303.0,820,6089.332801
-48.0,820,6089.332811
-54.0,820,6089.332821
-60.0,820,6089.332831
-22.0,820,6089.332841
0.0,820,6089.332851
0.0,820,6089.33286
-19.0,820,6089.33287
0.0,820,6132.819833
-85.0,820,6132.81987
0.0,820,6132.819886
0.0,820,6132.819899
-15.0,820,6132.819911
0.0,820,6132.819922
-36.0,820,6132.819933
-3.0,820,6132.819943
-316.0,820,6132.819954
-40.0,820,6132.819964
-44.0,820,6132.819974
-63.0,820,6132.819984
-20.0,820,6132.819994
0.0,820,6132.820003
0.0,820,6132.820013
-20.0,820,6132.820023
0.0,820,6171.480728
-82.0,820,6171.480766
0.0,820,6171.480782
0.0,820,6171.480794
-22.0,820,6171.480805
0.0,820,6171.480816
-39.0,820,6171.480826
-6.0,820,6171.480836
-256.0,820,6171.480847
-48.0,820,6171.480857
-44.0,820,6171.480867
-58.0,820,6171.480877
-18.0,820,6171.480887
0.0,820,6171.480897
0.0,820,6171.480906
-18.0,820,6171.480916
0.0,820,6213.83094
-85.0,820,6213.830978
0.0,820,6213.830995
0.0,820,6213.831007
-21.0,820,6213.831018
0.0,820,6213.831029
-31.0,820,6213.83104
0.0,820,6213.83105
-306.0,820,6213.831061
-41.0,820,6213.831071
-47.0,820,6213.831081
-52.0,820,6213.831091
-16.0,820,6213.831101
0.0,820,6213.831111
0.0,820,6213.831121
-23.0,820,6213.83113
0.0,820,6251.646333
-80.0,820,6251.646372
0.0,820,6251.646389
0.0,820,6251.646401
-19.0,820,6251.646412
0.0,820,6251.646423
-39.0,820,6251.646433
-2.0,820,6251.646444
-294.0,820,6251.646454
-50.0,820,6251.646465
-47.0,820,6251.646475
-55.0,820,6251.646485
-28.0,820,6251.646494
0.0,820,6251.646504
0.0,820,6251.646514
-26.0,820,6251.646523
0.0,820,6289.782964
-87.0,820,6289.783002
0.0,820,6289.783019
0.0,820,6289.783031
-18.0,820,6289.783043
0.0,820,6289.783054
-39.0,820,6289.783065
-4.0,820,6289.783075
-291.0,820,6289.783086
-30.0,820,6289.783096
-51.0,820,6289.783106
-46.0,820,6289.783116
-26.0,820,6289.783126
0.0,820,6289.783135
0.0,820,6289.783145
-19.0,820,6289.783155
0.0,820,6332.532597
-81.0,820,6332.532636
0.0,820,6332.532653
0.0,820,6332.532667
-21.0,820,6332.532681
0.0,820,6332.532694
-30.0,820,6332.532705
-6.0,820,6332.532718
-293.0,820,6332.53273
-34.0,820,6332.532742
-36.0,820,6332.532754
-62.0,820,6332.532766
-14.0,820,6332.532778
0.0,820,6332.532789
0.0,820,6332.532801
-27.0,820,6332.532813
0.0,820,6371.048659
-79.0,820,6371.048696
0.0,820,6371.048712
0.0,820,6371.048724
-20.0,820,6371.048736
0.0,820,6371.048747
-46.0,820,6371.048758
-7.0,820,6371.048769
-290.0,820,6371.048779
-35.0,820,6371.04879
-31.0,820,6371.0488
-50.0,820,6371.04881
-16.0,820,6371.04882
0.0,820,6371.04883
0.0,820,6371.048839
-22.0,820,6371.048849
0.0,820,6413.562251
-82.0,820,6413.562289
0.0,820,6413.562305
0.0,820,6413.562317
-11.0,820,6413.562329
0.0,820,6413.56234
-56.0,820,6413.56235
-6.0,820,6413.562361
-278.0,820,6413.562371
-38.0,820,6413.562382
-46.0,820,6413.562392
-72.0,820,6413.562402
-13.0,820,6413.562412
0.0,820,6413.562422
0.0,820,6413.562433
-24.0,820,6413.562443
0.0,820,6451.792624
-75.0,820,6451.792662
0.0,820,6451.792678
0.0,820,6451.79269
-10.0,820,6451.792701
0.0,820,6451.792712
-43.0,820,6451.792723
-4.0,820,6451.792733
-299.0,820,6451.792744
-29.0,820,6451.792754
-39.0,820,6451.792764
-56.0,820,6451.792774
-28.0,820,6451.792784
0.0,820,6451.792794
0.0,820,6451.792803
-19.0,820,6451.792813
0.0,820,6490.141648
-80.0,820,6490.141686
0.0,820,6490.141702
0.0,820,6490.141714
-13.0,820,6490.141726
0.0,820,6490.141737
-39.0,820,6490.141747
-4.0,820,6490.141758
-298.0,820,6490.141768
-38.0,820,6490.141779
-51.0,820,6490.141789
-67.0,820,6490.141799
-11.0,820,6490.141809
0.0,820,6490.141821
0.0,820,6490.141833
-15.0,820,6490.141844
0.0,820,6532.427077
-75.0,820,6532.427111
0.0,820,6532.427128
0.0,820,6532.427142
-13.0,820,6532.427155
0.0,820,6532.427167
-40.0,820,6532.42718
-2.0,820,6532.427192
-282.0,820,6532.427204
-47.0,820,6532.427216
-43.0,820,6532.427228
-47.0,820,6532.42724
-26.0,820,6532.427252
0.0,820,6532.427264
0.0,820,6532.427275
-24.0,820,6532.427287
0.0,820,6570.568557
-103.0,820,6570.568595
0.0,820,6570.568612
0.0,820,6570.568624
-12.0,820,6570.568636
0.0,820,6570.568647
-38.0,820,6570.568658
0.0,820,6570.568668
-299.0,820,6570.568679
-26.0,820,6570.568689
-33.0,820,6570.568699
-62.0,820,6570.568709
-24.0,820,6570.568719
0.0,820,6570.568729
0.0,820,6570.568738
-22.0,820,6570.568748
0.0,820,6613.072752
-84.0,820,6613.072787
0.0,820,6613.072803
0.0,820,6613.072815
-22.0,820,6613.072827
0.0,820,6613.072838
-40.0,820,6613.072849
-2.0,820,6613.07286
-302.0,820,6613.07287
-46.0,820,6613.072881
-40.0,820,6613.072891
-48.0,820,6613.072902
-18.0,820,6613.072912
0.0,820,6613.072922
0.0,820,6613.072931
-24.0,820,6613.072941
0.0,820,6651.432464
-80.0,820,6651.432499
0.0,820,6651.432515
0.0,820,6651.432528
-17.0,820,6651.432539
0.0,820,6651.43255
-34.0,820,6651.43256
-2.0,820,6651.432571
-294.0,820,6651.432581
-45.0,820,6651.432591
-46.0,820,6651.432601
-50.0,820,6651.432611
-17.0,820,6651.432621
0.0,820,6651.432631
0.0,820,6651.432641
-25.0,820,6651.432651
0.0,820,6689.429973
-83.0,820,6689.430012
0.0,820,6689.430028
0.0,820,6689.43004
-19.0,820,6689.430051
0.0,820,6689.430062
-45.0,820,6689.430073
-2.0,820,6689.430084
-278.0,820,6689.430094
-40.0,820,6689.430104
-39.0,820,6689.430115
-53.0,820,6689.430124
-18.0,820,6689.430134
0.0,820,6689.430144
0.0,820,6689.430154
-25.0,820,6689.430163
0.0,820,6731.436682
-77.0,820,6731.436744
0.0,820,6731.436762
0.0,820,6731.436775
-13.0,820,6731.436786
0.0,820,6731.436797
-50.0,820,6731.436808
-2.0,820,6731.436818
-279.0,820,6731.436828
-35.0,820,6731.436839
-40.0,820,6731.436849
-41.0,820,6731.436859
-26.0,820,6731.436869
0.0,820,6731.436878
0.0,820,6731.436888
-24.0,820,6731.436897
0.0,820,6769.324687
-70.0,820,6769.324725
0.0,820,6769.32474
0.0,820,6769.324753
-23.0,820,6769.324765
0.0,820,6769.324776
-38.0,820,6769.324786
-1.0,820,6769.324797
-333.0,820,6769.324808
-43.0,820,6769.324818
-67.0,820,6769.324828
-54.0,820,6769.324838
-20.0,820,6769.324847
0.0,820,6769.324856
0.0,820,6769.324866
-17.0,820,6769.324875
0.0,820,6811.938976
-80.0,820,6811.939014
0.0,820,6811.93903
0.0,820,6811.939043
-15.0,820,6811.939054
0.0,820,6811.939065
-47.0,820,6811.939076
0.0,820,6811.939086
-293.0,820,6811.939096
-38.0,820,6811.939106
-44.0,820,6811.939116
-47.0,820,6811.939126
-17.0,820,6811.939136
0.0,820,6811.939146
0.0,820,6811.939155
-30.0,820,6811.939165
0.0,820,6850.415968
-84.0,820,6850.416003
0.0,820,6850.41602
0.0,820,6850.416034
-20.0,820,6850.416047
0.0,820,6850.41606
-29.0,820,6850.416072
-6.0,820,6850.416084
-271.0,820,6850.416096
-43.0,820,6850.416108
-31.0,820,6850.41612
-53.0,820,6850.416132
-11.0,820,6850.416144
0.0,820,6850.416156
0.0,820,6850.416168
-23.0,820,6850.416179
0.0,820,6888.473755
-84.0,820,6888.47379
0.0,820,6888.473807
0.0,820,6888.473819
-14.0,820,6888.473831
0.0,820,6888.473842
-38.0,820,6888.473852
-5.0,820,6888.473863
-292.0,820,6888.473874
-37.0,820,6888.473884
-42.0,820,6888.473894
-58.0,820,6888.473904
-20.0,820,6888.473914
0.0,820,6888.473924
0.0,820,6888.473934
-21.0,820,6888.473943
0.0,820,6930.887378
-80.0,820,6930.887416
0.0,820,6930.887431
0.0,820,6930.887444
-15.0,820,6930.887455
0.0,820,6930.887466
-39.0,820,6930.887476
-4.0,820,6930.887487
-306.0,820,6930.887497
-39.0,820,6930.887508
-32.0,820,6930.887518
-51.0,820,6930.887528
-19.0,820,6930.887538
0.0,820,6930.887548
0.0,820,6930.887558
-16.0,820,6930.887568
0.0,820,6969.087316
-83.0,820,6969.087354
0.0,820,6969.08737
0.0,820,6969.087382
-15.0,820,6969.087393
0.0,820,6969.087404
-37.0,820,6969.087418
-5.0,820,6969.087431
-292.0,820,6969.087442
-31.0,820,6969.087452
-42.0,820,6969.087462
-44.0,820,6969.087473
-22.0,820,6969.087483
0.0,820,6969.087493
0.0,820,6969.087502
-20.0,820,6969.087512
0.0,820,7011.544617
-83.0,820,7011.544653
0.0,820,7011.544669
0.0,820,7011.544682
-21.0,820,7011.544693
0.0,820,7011.544704
-45.0,820,7011.544714
-3.0,820,7011.544725
-278.0,820,7011.544736
-36.0,820,7011.544746
-38.0,820,7011.544756
-57.0,820,7011.544766
-17.0,820,7011.544775
0.0,820,7011.544785
0.0,820,7011.544795
-20.0,820,7011.544805
0.0,820,7049.956959
-80.0,820,7049.956998
0.0,820,7049.957014
0.0,820,7049.957025
-22.0,820,7049.957036
0.0,820,7049.957047
-44.0,820,7049.957058
-2.0,820,7049.957069
-329.0,820,7049.957079
-41.0,820,7049.957089
-37.0,820,7049.957099
-50.0,820,7049.957109
-21.0,820,7049.957119
0.0,820,7049.957129
0.0,820,7049.957139
-17.0,820,7049.957148
0.0,820,7088.10415
-82.0,820,7088.104188
0.0,820,7088.104206
0.0,820,7088.104219
-24.0,820,7088.104232
0.0,820,7088.104245
-37.0,820,7088.104257
-2.0,820,7088.104269
-317.0,820,7088.104281
-23.0,820,7088.104293
-37.0,820,7088.104305
-57.0,820,7088.104317
-22.0,820,7088.104329
0.0,820,7088.104341
0.0,820,7088.104352
-19.0,820,7088.104364
0.0,820,7130.425559
-75.0,820,7130.425598
0.0,820,7130.425614
0.0,820,7130.425626
-20.0,820,7130.425638
0.0,820,7130.425649
-51.0,820,7130.425659
-2.0,820,7130.425669
-322.0,820,7130.42568
-42.0,820,7130.42569
-28.0,820,7130.4257
-62.0,820,7130.42571
-20.0,820,7130.425719
0.0,820,7130.425729
0.0,820,7130.425739
-31.0,820,7130.425748
0.0,820,7168.710301
-78.0,820,7168.710338
0.0,820,7168.710354
0.0,820,7168.710366
-13.0,820,7168.710377
0.0,820,7168.710388
-36.0,820,7168.710399
0.0,820,7168.710409
-291.0,820,7168.710419
-36.0,820,7168.710429
-40.0,820,7168.710439
-55.0,820,7168.710449
-22.0,820,7168.710459
0.0,820,7168.710469
0.0,820,7168.710478
-21.0,820,7168.710488
0.0,820,7211.318108
-77.0,820,7211.318146
0.0,820,7211.318163
0.0,820,7211.318175
-16.0,820,7211.318186
0.0,820,7211.318198
-32.0,820,7211.318208
-1.0,820,7211.318219
-273.0,820,7211.318231
-26.0,820,7211.318241
-47.0,820,7211.318251
-49.0,820,7211.318262
-16.0,820,7211.318272
0.0,820,7211.318281
0.0,820,7211.318291
-27.0,820,7211.318301
0.0,820,7249.71276
-78.0,820,7249.712798
0.0,820,7249.712814
0.0,820,7249.712827
-14.0,820,7249.712838
0.0,820,7249.712849
-37.0,820,7249.71286
-2.0,820,7249.71287
-300.0,820,7249.71288
-37.0,820,7249.71289
-42.0,820,7249.712901
-57.0,820,7249.712911
-18.0,820,7249.712921
0.0,820,7249.712931
0.0,820,7249.712941
-22.0,820,7249.71295
0.0,820,7287.770456
-79.0,820,7287.770494
0.0,820,7287.77051
0.0,820,7287.770522
-14.0,820,7287.770533
0.0,820,7287.770545
-34.0,820,7287.770555
-17.0,820,7287.770566
-279.0,820,7287.770577
-24.0,820,7287.770587
-35.0,820,7287.770598
-50.0,820,7287.770608
-18.0,820,7287.770618
0.0,820,7287.770628
0.0,820,7287.770637
-18.0,820,7287.770647
0.0,820,7330.364016
-78.0,820,7330.36405
-1.0,820,7330.364066
0.0,820,7330.364078
-23.0,820,7330.364089
0.0,820,7330.364099
-38.0,820,7330.36411
-8.0,820,7330.36412
-299.0,820,7330.36413
-41.0,820,7330.36414
-45.0,820,7330.364151
-53.0,820,7330.364161
-14.0,820,7330.364171
0.0,820,7330.36418
0.0,820,7330.36419
-15.0,820,7330.3642
0.0,820,7368.575522
-76.0,820,7368.57556
0.0,820,7368.575576
0.0,820,7368.575588
-22.0,820,7368.575599
0.0,820,7368.575611
-39.0,820,7368.575622
-5.0,820,7368.575632
-305.0,820,7368.575643
-35.0,820,7368.575653
-41.0,820,7368.575663
-60.0,820,7368.575673
-22.0,820,7368.575683
0.0,820,7368.575693
0.0,820,7368.575702
-25.0,820,7368.575712
0.0,820,7410.921991
-79.0,820,7410.922029
0.0,820,7410.922046
0.0,820,7410.922058
-21.0,820,7410.922069
0.0,820,7410.922081
-27.0,820,7410.922091
-2.0,820,7410.922101
-303.0,820,7410.922112
-39.0,820,7410.922122
-34.0,820,7410.922133
-50.0,820,7410.922143
-19.0,820,7410.922153
0.0,820,7410.922163
0.0,820,7410.92222
-21.0,820,7410.922237
0.0,820,7449.133128
-75.0,820,7449.133166
0.0,820,7449.133182
0.0,820,7449.133194
-17.0,820,7449.133205
0.0,820,7449.133217
-42.0,820,7449.133228
-8.0,820,7449.133239
-299.0,820,7449.133249
-39.0,820,7449.13326
-29.0,820,7449.13327
-66.0,820,7449.13328
-26.0,820,7449.13329
0.0,820,7449.1333
0.0,820,7449.13331
-20.0,820,7449.133319
0.0,820,7487.331557
-73.0,820,7487.331594
0.0,820,7487.33161
0.0,820,7487.331622
-16.0,820,7487.331633
0.0,820,7487.331644
-40.0,820,7487.331654
-2.0,820,7487.331664
-295.0,820,7487.331674
-38.0,820,7487.331685
-31.0,820,7487.331694
-69.0,820,7487.331704
-28.0,820,7487.331714
0.0,820,7487.331724
0.0,820,7487.331734
-23.0,820,7487.331743
0.0,820,7529.456139
-81.0,820,7529.456177
0.0,820,7529.456192
0.0,820,7529.456205
-14.0,820,7529.456216
0.0,820,7529.456227
-35.0,820,7529.456238
-4.0,820,7529.456248
-286.0,820,7529.456259
-44.0,820,7529.456269
-31.0,820,7529.456279
-64.0,820,7529.456289
-24.0,820,7529.4563
0.0,820,7529.456309
0.0,820,7529.456319
-19.0,820,7529.456329
0.0,820,7567.493315
-75.0,820,7567.493351
0.0,820,7567.493367
0.0,820,7567.49338
-10.0,820,7567.493391
0.0,820,7567.493402
-29.0,820,7567.493412
-2.0,820,7567.493423
-311.0,820,7567.493434
-43.0,820,7567.493444
-30.0,820,7567.493454
-54.0,820,7567.493464
-12.0,820,7567.493474
0.0,820,7567.493484
0.0,820,7567.493493
-22.0,820,7567.493503
0.0,820,7609.973986
-79.0,820,7609.974023
0.0,820,7609.974039
0.0,820,7609.974051
-16.0,820,7609.974062
0.0,820,7609.974073
-34.0,820,7609.974084
-6.0,820,7609.974094
-296.0,820,7609.974105
-21.0,820,7609.974115
-41.0,820,7609.974125
-63.0,820,7609.974135
-28.0,820,7609.974144
0.0,820,7609.974154
0.0,820,7609.974164
-19.0,820,7609.974174
0.0,820,7648.344607
-80.0,820,7648.34464
0.0,820,7648.344656
0.0,820,7648.344669
-18.0,820,7648.34468
0.0,820,7648.344692
-38.0,820,7648.344702
-2.0,820,7648.344713
-309.0,820,7648.344724
-31.0,820,7648.344734
-26.0,820,7648.344744
-58.0,820,7648.344754
-31.0,820,7648.344764
0.0,820,7648.344774
0.0,820,7648.344784
-18.0,820,7648.344793
0.0,820,7686.536746
-78.0,820,7686.536785
0.0,820,7686.536801
0.0,820,7686.536814
-15.0,820,7686.536825
0.0,820,7686.536836
-40.0,820,7686.536846
0.0,820,7686.536856
-298.0,820,7686.536867
-37.0,820,7686.536877
-32.0,820,7686.536886
-60.0,820,7686.536896
-21.0,820,7686.536906
0.0,820,7686.536916
0.0,820,7686.536926
-17.0,820,7686.536935
