#{"t_start": 1755376269.482485, "env_id": "None"}
r,l,t
0.0,820,48.92565
-347.0,820,48.92572
-1.0,820,48.925747
0.0,820,48.925767
-189.0,820,48.925785
0.0,820,48.925802
-709.0,820,48.925819
-132.0,820,48.925836
-2006.0,820,48.925852
-516.0,820,48.925869
-915.0,820,48.925885
-421.0,820,48.925902
-499.0,820,48.925919
0.0,820,48.925936
0.0,820,48.925952
-434.0,820,48.925968
0.0,820,94.159
-341.0,820,94.15906
-6.0,820,94.159085
0.0,820,94.159104
-143.0,820,94.159121
0.0,820,94.159138
-633.0,820,94.159155
-121.0,820,94.159171
-2438.0,820,94.159187
-706.0,820,94.159204
-645.0,820,94.159221
-291.0,820,94.159238
-662.0,820,94.159255
0.0,820,94.159271
0.0,820,94.159287
-405.0,820,94.159303
0.0,820,144.233608
-358.0,820,144.235297
-3.0,820,144.23534
0.0,820,144.235363
-149.0,820,144.235381
0.0,820,144.2354
-557.0,820,144.235418
-126.0,820,144.235438
-1640.0,820,144.235454
-531.0,820,144.235471
-819.0,820,144.235488
-308.0,820,144.235505
-517.0,820,144.235521
0.0,820,144.235538
0.0,820,144.235555
-371.0,820,144.235573
0.0,820,186.565338
-383.0,820,186.565378
-14.0,820,186.565392
0.0,820,186.565403
-168.0,820,186.565413
0.0,820,186.565422
-545.0,820,186.565431
-145.0,820,186.56544
-2611.0,820,186.56545
-445.0,820,186.56546
-825.0,820,186.565469
-221.0,820,186.565479
-422.0,820,186.565488
0.0,820,186.565498
0.0,820,186.565507
-427.0,820,186.565516
0.0,820,231.129456
-431.0,820,231.129492
-18.0,820,231.129508
0.0,820,231.12952
-146.0,820,231.129532
0.0,820,231.129543
-714.0,820,231.129554
-127.0,820,231.129564
-2475.0,820,231.129575
-698.0,820,231.129585
-742.0,820,231.129595
-318.0,820,231.129605
-440.0,820,231.129615
0.0,820,231.129625
0.0,820,231.129634
-414.0,820,231.129644
0.0,820,270.658557
-270.0,820,270.658595
0.0,820,270.658611
0.0,820,270.658623
-151.0,820,270.658634
0.0,820,270.658645
-572.0,820,270.658655
-129.0,820,270.658666
-1864.0,820,270.658676
-371.0,820,270.658686
-509.0,820,270.658696
-238.0,820,270.658705
-392.0,820,270.658715
0.0,820,270.658725
0.0,820,270.658735
-387.0,820,270.658744
0.0,820,311.789929
-449.0,820,311.789965
-12.0,820,311.789983
0.0,820,311.789996
-168.0,820,311.790009
0.0,820,311.790022
-510.0,820,311.790034
-130.0,820,311.790046
-1834.0,820,311.790058
-398.0,820,311.79007
-526.0,820,311.790082
-260.0,820,311.790094
-440.0,820,311.790106
0.0,820,311.790118
0.0,820,311.79013
-323.0,820,311.790142
0.0,820,354.861117
-368.0,820,354.861159
0.0,820,354.861173
0.0,820,354.861184
-202.0,820,354.861193
0.0,820,354.861203
-455.0,820,354.861212
-127.0,820,354.861221
-1894.0,820,354.861231
-262.0,820,354.861241
-412.0,820,354.86125
-242.0,820,354.861259
-412.0,820,354.861269
0.0,820,354.861278
0.0,820,354.861287
-277.0,820,354.861296
0.0,820,393.522743
-269.0,820,393.522782
-1.0,820,393.522798
0.0,820,393.522808
-155.0,820,393.522817
0.0,820,393.522827
-406.0,820,393.522836
-148.0,820,393.522845
-1731.0,820,393.522855
-297.0,820,393.522864
-400.0,820,393.522874
-193.0,820,393.522883
-423.0,820,393.522892
0.0,820,393.522904
0.0,820,393.522916
-304.0,820,393.522926
0.0,820,438.539824
-247.0,820,438.539862
-4.0,820,438.539878
0.0,820,438.539888
-176.0,820,438.539898
0.0,820,438.539907
-419.0,820,438.539917
-125.0,820,438.539925
-1773.0,820,438.539935
-389.0,820,438.539944
-384.0,820,438.539954
-267.0,820,438.539963
-316.0,820,438.539972
0.0,820,438.539981
0.0,820,438.53999
-320.0,820,438.539999
0.0,820,477.250482
-228.0,820,477.250523
-3.0,820,477.25054
0.0,820,477.250554
-196.0,820,477.250567
0.0,820,477.25058
-366.0,820,477.250592
-137.0,820,477.250604
-1387.0,820,477.250616
-318.0,820,477.250628
-329.0,820,477.25064
-202.0,820,477.250652
-258.0,820,477.250663
0.0,820,477.250675
0.0,820,477.250687
-303.0,820,477.250698
0.0,820,515.462846
-264.0,820,515.462884
0.0,820,515.4629
0.0,820,515.462912
-163.0,820,515.462923
0.0,820,515.462934
-336.0,820,515.462945
-111.0,820,515.462955
-1271.0,820,515.462966
-263.0,820,515.462976
-300.0,820,515.462986
-193.0,820,515.463038
-298.0,820,515.463054
0.0,820,515.463065
0.0,820,515.463074
-268.0,820,515.463083
0.0,820,558.502956
-239.0,820,558.502996
-3.0,820,558.503012
0.0,820,558.503024
-170.0,820,558.503036
0.0,820,558.503047
-321.0,820,558.503058
-131.0,820,558.503069
-1168.0,820,558.503079
-227.0,820,558.50309
-321.0,820,558.5031
-237.0,820,558.503109
-274.0,820,558.503119
0.0,820,558.503129
0.0,820,558.503139
-301.0,820,558.503148
0.0,820,596.996511
-213.0,820,596.996547
-4.0,820,596.996563
0.0,820,596.996576
-154.0,820,596.996588
0.0,820,596.996598
-283.0,820,596.996609
-106.0,820,596.996619
-1200.0,820,596.99663
-221.0,820,596.99664
-279.0,820,596.99665
-159.0,820,596.996659
-282.0,820,596.996669
0.0,820,596.996679
0.0,820,596.996688
-268.0,820,596.996698
0.0,820,644.665255
-210.0,820,644.665295
-1.0,820,644.665309
0.0,820,644.665321
-218.0,820,644.66533
0.0,820,644.66534
-288.0,820,644.665349
-103.0,820,644.665359
-967.0,820,644.665368
-214.0,820,644.665377
-297.0,820,644.665387
-185.0,820,644.665396
-253.0,820,644.665405
0.0,820,644.665415
0.0,820,644.665424
-323.0,820,644.665433
0.0,820,690.422762
-288.0,820,690.422809
-1.0,820,690.422824
0.0,820,690.422835
-174.0,820,690.422844
0.0,820,690.422853
-289.0,820,690.422863
-99.0,820,690.422872
-896.0,820,690.422882
-202.0,820,690.422891
-205.0,820,690.422901
-156.0,820,690.42291
-239.0,820,690.422919
0.0,820,690.422929
0.0,820,690.422938
-227.0,820,690.422947
0.0,820,731.316826
-259.0,820,731.316865
-1.0,820,731.31688
0.0,820,731.31689
-220.0,820,731.3169
0.0,820,731.31691
-255.0,820,731.316919
-65.0,820,731.316928
-881.0,820,731.316938
-210.0,820,731.316947
-196.0,820,731.316956
-197.0,820,731.316966
-191.0,820,731.316975
0.0,820,731.316985
0.0,820,731.316994
-201.0,820,731.317003
0.0,820,780.248341
-271.0,820,780.248377
-3.0,820,780.248392
0.0,820,780.248403
-185.0,820,780.248412
0.0,820,780.248422
-221.0,820,780.24843
-116.0,820,780.24844
-769.0,820,780.248448
-181.0,820,780.248458
-229.0,820,780.248467
-160.0,820,780.248476
-168.0,820,780.248486
0.0,820,780.248495
0.0,820,780.248503
-218.0,820,780.248513
0.0,820,821.94732
-231.0,820,821.947364
-1.0,820,821.947381
0.0,820,821.947394
-211.0,820,821.947406
0.0,820,821.947417
-182.0,820,821.947429
-78.0,820,821.94744
-863.0,820,821.947452
-178.0,820,821.947463
-188.0,820,821.947475
-136.0,820,821.947487
-156.0,820,821.947498
0.0,820,821.94751
0.0,820,821.947521
-203.0,820,821.947532
0.0,820,867.169675
-203.0,820,867.169714
-2.0,820,867.169729
0.0,820,867.16974
-157.0,820,867.16975
0.0,820,867.16976
-208.0,820,867.169769
-94.0,820,867.169778
-816.0,820,867.169787
-153.0,820,867.169796
-202.0,820,867.169805
-132.0,820,867.169814
-183.0,820,867.169823
0.0,820,867.169833
0.0,820,867.169842
-144.0,820,867.16985
0.0,820,907.445887
-255.0,820,907.445925
0.0,820,907.445939
0.0,820,907.44595
-261.0,820,907.445959
0.0,820,907.445969
-181.0,820,907.445978
-83.0,820,907.445987
-620.0,820,907.445996
-190.0,820,907.446005
-176.0,820,907.446014
-133.0,820,907.446024
-138.0,820,907.446033
0.0,820,907.446042
0.0,820,907.446051
-169.0,820,907.44606
0.0,820,947.52272
-184.0,820,947.52276
0.0,820,947.522774
0.0,820,947.522785
-207.0,820,947.522794
0.0,820,947.522803
-199.0,820,947.522813
-86.0,820,947.522822
-657.0,820,947.522831
-184.0,820,947.52284
-126.0,820,947.52285
-146.0,820,947.522859
-136.0,820,947.522868
0.0,820,947.522878
0.0,820,947.522887
-179.0,820,947.522896
0.0,820,992.581721
-193.0,820,992.581765
0.0,820,992.58178
0.0,820,992.581791
-351.0,820,992.5818
0.0,820,992.58181
-158.0,820,992.581819
-76.0,820,992.581829
-670.0,820,992.581838
-165.0,820,992.581847
-129.0,820,992.581856
-123.0,820,992.581866
-149.0,820,992.581875
0.0,820,992.581884
0.0,820,992.581893
-174.0,820,992.581902
0.0,820,1032.568056
-150.0,820,1032.568098
0.0,820,1032.568113
0.0,820,1032.568123
-210.0,820,1032.568133
0.0,820,1032.568142
-162.0,820,1032.568151
-111.0,820,1032.568206
-530.0,820,1032.568222
-175.0,820,1032.568232
-136.0,820,1032.568242
-134.0,820,1032.568251
-134.0,820,1032.56826
0.0,820,1032.56827
0.0,820,1032.568279
-185.0,820,1032.568288
0.0,820,1077.94345
-185.0,820,1077.943489
-1.0,820,1077.943504
0.0,820,1077.943515
-270.0,820,1077.943525
0.0,820,1077.943535
-182.0,820,1077.943544
-103.0,820,1077.943553
-603.0,820,1077.943563
-167.0,820,1077.943572
-149.0,820,1077.943581
-129.0,820,1077.94359
-121.0,820,1077.943599
0.0,820,1077.943609
0.0,820,1077.943618
-216.0,820,1077.943627
0.0,820,1117.882502
-140.0,820,1117.882541
-2.0,820,1117.882556
0.0,820,1117.882567
-208.0,820,1117.882577
0.0,820,1117.882586
-141.0,820,1117.882596
-84.0,820,1117.882605
-525.0,820,1117.882615
-152.0,820,1117.882624
-101.0,820,1117.882633
-116.0,820,1117.882643
-151.0,820,1117.882652
0.0,820,1117.882661
0.0,820,1117.88267
-161.0,820,1117.88268
0.0,820,1158.199821
-171.0,820,1158.199862
0.0,820,1158.199876
0.0,820,1158.199887
-187.0,820,1158.199897
0.0,820,1158.199906
-161.0,820,1158.199915
-84.0,820,1158.199924
-504.0,820,1158.199934
-177.0,820,1158.199943
-125.0,820,1158.199952
-127.0,820,1158.199962
-114.0,820,1158.199971
0.0,820,1158.19998
0.0,820,1158.19999
-210.0,820,1158.199999
0.0,820,1202.939739
-175.0,820,1202.93978
0.0,820,1202.939795
0.0,820,1202.939806
-206.0,820,1202.939815
0.0,820,1202.939825
-169.0,820,1202.939834
-71.0,820,1202.939843
-480.0,820,1202.939852
-155.0,820,1202.939862
-121.0,820,1202.939871
-125.0,820,1202.93988
-112.0,820,1202.93989
0.0,820,1202.9399
0.0,820,1202.939909
-217.0,820,1202.939918
0.0,820,1242.998149
-148.0,820,1242.998189
0.0,820,1242.998206
0.0,820,1242.998219
-124.0,820,1242.99823
0.0,820,1242.998242
-169.0,820,1242.998254
-66.0,820,1242.998266
-491.0,820,1242.998277
-129.0,820,1242.998289
-112.0,820,1242.9983
-137.0,820,1242.998312
-105.0,820,1242.998324
0.0,820,1242.998335
0.0,820,1242.998346
-153.0,820,1242.998358
0.0,820,1287.975652
-171.0,820,1287.97569
-4.0,820,1287.975706
0.0,820,1287.975716
-161.0,820,1287.975725
0.0,820,1287.975735
-151.0,820,1287.975744
-77.0,820,1287.975753
-515.0,820,1287.975763
-158.0,820,1287.975772
-113.0,820,1287.975782
-116.0,820,1287.975791
-117.0,820,1287.975801
0.0,820,1287.97581
0.0,820,1287.975819
-152.0,820,1287.975829
0.0,820,1328.230296
-162.0,820,1328.230343
0.0,820,1328.230359
0.0,820,1328.23037
-156.0,820,1328.23038
0.0,820,1328.230389
-158.0,820,1328.230398
-70.0,820,1328.230407
-415.0,820,1328.230417
-141.0,820,1328.230426
-72.0,820,1328.230436
-114.0,820,1328.230445
-123.0,820,1328.230454
0.0,820,1328.230464
0.0,820,1328.230472
-156.0,820,1328.230481
0.0,820,1368.19462
-139.0,820,1368.194659
0.0,820,1368.194679
0.0,820,1368.194693
-159.0,820,1368.194705
0.0,820,1368.194717
-139.0,820,1368.194729
-78.0,820,1368.194741
-471.0,820,1368.194753
-141.0,820,1368.194765
-100.0,820,1368.194776
-141.0,820,1368.194788
-94.0,820,1368.1948
0.0,820,1368.194812
0.0,820,1368.194823
-149.0,820,1368.194835
0.0,820,1413.551564
-148.0,820,1413.551627
-1.0,820,1413.55165
0.0,820,1413.551668
-119.0,820,1413.551685
0.0,820,1413.551702
-124.0,820,1413.551718
-78.0,820,1413.551734
-484.0,820,1413.551751
-128.0,820,1413.551768
-104.0,820,1413.551784
-126.0,820,1413.551801
-93.0,820,1413.551818
0.0,820,1413.551835
0.0,820,1413.551851
-131.0,820,1413.551867
0.0,820,1453.691625
-144.0,820,1453.691664
0.0,820,1453.691681
0.0,820,1453.691694
-219.0,820,1453.691705
0.0,820,1453.691717
-124.0,820,1453.691728
-55.0,820,1453.69174
-455.0,820,1453.691752
-110.0,820,1453.691763
-104.0,820,1453.691775
-118.0,820,1453.691787
-82.0,820,1453.691798
0.0,820,1453.69181
0.0,820,1453.691821
-167.0,820,1453.691832
0.0,820,1498.741471
-155.0,820,1498.741508
-1.0,820,1498.741524
0.0,820,1498.741534
-206.0,820,1498.741544
0.0,820,1498.741554
-119.0,820,1498.741563
-62.0,820,1498.741572
-416.0,820,1498.741581
-145.0,820,1498.741591
-80.0,820,1498.741601
-141.0,820,1498.741616
-107.0,820,1498.741628
0.0,820,1498.741637
0.0,820,1498.741647
-153.0,820,1498.741656
0.0,820,1538.944812
-140.0,820,1538.944851
0.0,820,1538.944867
0.0,820,1538.94488
-179.0,820,1538.944891
0.0,820,1538.944902
-108.0,820,1538.944913
-61.0,820,1538.944924
-452.0,820,1538.944937
-128.0,820,1538.944948
-80.0,820,1538.944958
-116.0,820,1538.944967
-93.0,820,1538.944977
0.0,820,1538.944986
0.0,820,1538.944995
-123.0,820,1538.945004
0.0,820,1579.354916
-112.0,820,1579.354956
-1.0,820,1579.354974
0.0,820,1579.354987
-144.0,820,1579.354998
0.0,820,1579.35501
-100.0,820,1579.355021
-62.0,820,1579.355033
-397.0,820,1579.355045
-119.0,820,1579.355057
-111.0,820,1579.355068
-119.0,820,1579.35508
-78.0,820,1579.355091
0.0,820,1579.355103
0.0,820,1579.355115
-139.0,820,1579.355126
0.0,820,1624.225638
-104.0,820,1624.225676
0.0,820,1624.225693
0.0,820,1624.225705
-85.0,820,1624.225716
0.0,820,1624.225727
-130.0,820,1624.225737
-59.0,820,1624.225748
-396.0,820,1624.225758
-162.0,820,1624.225768
-69.0,820,1624.225778
-131.0,820,1624.225792
-73.0,820,1624.225802
0.0,820,1624.225811
0.0,820,1624.22582
-162.0,820,1624.22583
0.0,820,1664.302664
-138.0,820,1664.302702
-2.0,820,1664.302717
0.0,820,1664.302728
-134.0,820,1664.302738
0.0,820,1664.302747
-123.0,820,1664.302757
-46.0,820,1664.302766
-373.0,820,1664.302775
-154.0,820,1664.302785
-76.0,820,1664.302794
-143.0,820,1664.302803
-97.0,820,1664.302813
0.0,820,1664.302822
0.0,820,1664.302832
-148.0,820,1664.30284
0.0,820,1709.420518
-129.0,820,1709.420557
0.0,820,1709.420574
0.0,820,1709.420588
-137.0,820,1709.420601
0.0,820,1709.420614
-109.0,820,1709.420626
-57.0,820,1709.420638
-426.0,820,1709.42065
-134.0,820,1709.420665
-81.0,820,1709.420678
-128.0,820,1709.42069
-88.0,820,1709.420701
0.0,820,1709.420713
0.0,820,1709.420725
-124.0,820,1709.420736
0.0,820,1749.416965
-145.0,820,1749.417005
-1.0,820,1749.41702
0.0,820,1749.417031
-120.0,820,1749.41704
0.0,820,1749.41705
-110.0,820,1749.417059
-48.0,820,1749.417069
-404.0,820,1749.417078
-109.0,820,1749.417088
-78.0,820,1749.417098
-106.0,820,1749.417107
-80.0,820,1749.417116
0.0,820,1749.417126
0.0,820,1749.417135
-114.0,820,1749.417144
0.0,820,1789.6517
-124.0,820,1789.651742
0.0,820,1789.651759
0.0,820,1789.651771
-113.0,820,1789.651783
0.0,820,1789.651794
-135.0,820,1789.651805
-51.0,820,1789.651817
-368.0,820,1789.651829
-118.0,820,1789.65184
-76.0,820,1789.651852
-109.0,820,1789.651864
-100.0,820,1789.651875
0.0,820,1789.651887
0.0,820,1789.651898
-132.0,820,1789.651909
0.0,820,1834.746389
-119.0,820,1834.746434
0.0,820,1834.746451
0.0,820,1834.746462
-108.0,820,1834.746472
0.0,820,1834.746482
-119.0,820,1834.746491
-37.0,820,1834.7465
-425.0,820,1834.74651
-133.0,820,1834.74652
-92.0,820,1834.746529
-107.0,820,1834.746539
-71.0,820,1834.746553
0.0,820,1834.746563
0.0,820,1834.746572
-121.0,820,1834.746586
0.0,820,1874.831731
-108.0,820,1874.831771
-1.0,820,1874.831786
0.0,820,1874.831797
-108.0,820,1874.831806
0.0,820,1874.831816
-144.0,820,1874.831825
-40.0,820,1874.831835
-429.0,820,1874.831844
-109.0,820,1874.831853
-60.0,820,1874.831862
-113.0,820,1874.831872
-70.0,820,1874.831882
0.0,820,1874.831891
0.0,820,1874.8319
-104.0,820,1874.83191
0.0,820,1920.09113
-121.0,820,1920.09117
0.0,820,1920.091188
0.0,820,1920.091202
-116.0,820,1920.091215
0.0,820,1920.091228
-78.0,820,1920.091254
-50.0,820,1920.091268
-391.0,820,1920.09128
-136.0,820,1920.091291
-64.0,820,1920.091303
-106.0,820,1920.091315
-62.0,820,1920.091326
0.0,820,1920.091338
0.0,820,1920.091349
-125.0,820,1920.09136
0.0,820,1960.101207
-92.0,820,1960.101256
0.0,820,1960.101271
0.0,820,1960.101282
-144.0,820,1960.101291
0.0,820,1960.101301
-99.0,820,1960.101311
-35.0,820,1960.10132
-351.0,820,1960.10133
-108.0,820,1960.101339
-79.0,820,1960.101349
-126.0,820,1960.101358
-66.0,820,1960.101368
0.0,820,1960.101377
0.0,820,1960.101387
-112.0,820,1960.101396
0.0,820,2000.084699
-107.0,820,2000.08479
0.0,820,2000.084811
0.0,820,2000.084824
-118.0,820,2000.084834
0.0,820,2000.084844
-89.0,820,2000.084853
-26.0,820,2000.084863
-375.0,820,2000.084872
-112.0,820,2000.084881
-55.0,820,2000.084891
-119.0,820,2000.084901
-61.0,820,2000.08491
0.0,820,2000.084919
0.0,820,2000.084929
-106.0,820,2000.084938
0.0,820,2045.039489
-108.0,820,2045.039529
0.0,820,2045.039544
0.0,820,2045.039554
-131.0,820,2045.039564
0.0,820,2045.039574
-91.0,820,2045.039583
-48.0,820,2045.039592
-384.0,820,2045.039601
-112.0,820,2045.039611
-58.0,820,2045.03962
-111.0,820,2045.03963
-62.0,820,2045.039639
0.0,820,2045.039649
0.0,820,2045.039658
-103.0,820,2045.039667
0.0,820,2084.959913
-116.0,820,2084.959952
0.0,820,2084.959968
0.0,820,2084.959983
-84.0,820,2084.959996
0.0,820,2084.960006
-73.0,820,2084.960016
-42.0,820,2084.960025
-378.0,820,2084.960034
-98.0,820,2084.960043
-64.0,820,2084.960053
-100.0,820,2084.960063
-67.0,820,2084.960072
0.0,820,2084.960081
0.0,820,2084.96009
-141.0,820,2084.960099
0.0,820,2129.792105
-117.0,820,2129.792143
0.0,820,2129.792159
0.0,820,2129.792171
-108.0,820,2129.792181
0.0,820,2129.792192
-86.0,820,2129.792202
-49.0,820,2129.792213
-340.0,820,2129.792223
-97.0,820,2129.792233
-76.0,820,2129.792243
-113.0,820,2129.792253
-61.0,820,2129.792263
0.0,820,2129.792276
0.0,820,2129.792286
-98.0,820,2129.792295
0.0,820,2169.504212
-99.0,820,2169.504251
-1.0,820,2169.504265
0.0,820,2169.504276
-84.0,820,2169.504286
0.0,820,2169.504295
-86.0,820,2169.504304
-44.0,820,2169.504313
-406.0,820,2169.504322
-106.0,820,2169.504332
-67.0,820,2169.504341
-98.0,820,2169.50435
-55.0,820,2169.50436
0.0,820,2169.504369
0.0,820,2169.504378
-128.0,820,2169.504387
0.0,820,2209.09074
-104.0,820,2209.09078
0.0,820,2209.090796
0.0,820,2209.090811
-83.0,820,2209.090821
0.0,820,2209.090831
-97.0,820,2209.09084
-41.0,820,2209.090849
-328.0,820,2209.090859
-113.0,820,2209.090868
-75.0,820,2209.090877
-114.0,820,2209.090887
-60.0,820,2209.090896
0.0,820,2209.090905
0.0,820,2209.090914
-120.0,820,2209.090923
0.0,820,2256.458609
-116.0,820,2256.45865
0.0,820,2256.458666
0.0,820,2256.458678
-73.0,820,2256.45869
0.0,820,2256.458701
-105.0,820,2256.458713
-37.0,820,2256.458724
-369.0,820,2256.458736
-111.0,820,2256.458747
-79.0,820,2256.458759
-100.0,820,2256.45877
-67.0,820,2256.458782
0.0,820,2256.458793
0.0,820,2256.458804
-128.0,820,2256.458815
0.0,820,2296.414092
-113.0,820,2296.414131
0.0,820,2296.414146
0.0,820,2296.414157
-99.0,820,2296.414166
0.0,820,2296.414176
-90.0,820,2296.414185
-42.0,820,2296.414194
-389.0,820,2296.414203
-94.0,820,2296.414212
-58.0,820,2296.414222
-110.0,820,2296.414231
-53.0,820,2296.41424
0.0,820,2296.41425
0.0,820,2296.414259
-124.0,820,2296.414268
0.0,820,2341.722821
-106.0,820,2341.722862
0.0,820,2341.722879
0.0,820,2341.722892
-73.0,820,2341.722903
0.0,820,2341.722915
-91.0,820,2341.722927
-45.0,820,2341.722938
-332.0,820,2341.72295
-69.0,820,2341.722962
-60.0,820,2341.722973
-91.0,820,2341.722985
-79.0,820,2341.722996
0.0,820,2341.723007
0.0,820,2341.723019
-102.0,820,2341.723031
0.0,820,2381.449393
-105.0,820,2381.44943
0.0,820,2381.449445
0.0,820,2381.449455
-79.0,820,2381.449465
0.0,820,2381.449474
-86.0,820,2381.449483
-54.0,820,2381.449492
-371.0,820,2381.449502
-85.0,820,2381.449512
-90.0,820,2381.449521
-101.0,820,2381.44953
-67.0,820,2381.449539
0.0,820,2381.449549
0.0,820,2381.449558
-99.0,820,2381.449567
0.0,820,2421.601706
-141.0,820,2421.601748
-2.0,820,2421.601764
0.0,820,2421.601776
-71.0,820,2421.601786
0.0,820,2421.601795
-81.0,820,2421.601804
-48.0,820,2421.601814
-351.0,820,2421.601823
-83.0,820,2421.601832
-66.0,820,2421.601842
-81.0,820,2421.601851
-56.0,820,2421.60186
0.0,820,2421.60187
0.0,820,2421.601879
-106.0,820,2421.601888
0.0,820,2466.525407
-109.0,820,2466.525448
0.0,820,2466.525462
0.0,820,2466.525472
-78.0,820,2466.525482
0.0,820,2466.525491
-85.0,820,2466.5255
-34.0,820,2466.525509
-356.0,820,2466.525524
-96.0,820,2466.525537
-77.0,820,2466.525547
-108.0,820,2466.525556
-65.0,820,2466.525566
0.0,820,2466.525575
0.0,820,2466.525584
-89.0,820,2466.525593
0.0,820,2506.462699
-104.0,820,2506.46274
0.0,820,2506.462756
0.0,820,2506.462767
-67.0,820,2506.462776
0.0,820,2506.462786
-87.0,820,2506.462795
-39.0,820,2506.462804
-378.0,820,2506.462813
-65.0,820,2506.462822
-70.0,820,2506.462832
-100.0,820,2506.462841
-35.0,820,2506.46285
0.0,820,2506.462859
0.0,820,2506.462869
-113.0,820,2506.462877
0.0,820,2551.480805
-107.0,820,2551.480845
-1.0,820,2551.480861
0.0,820,2551.480874
-67.0,820,2551.480885
0.0,820,2551.480896
-70.0,820,2551.480907
-34.0,820,2551.480917
-348.0,820,2551.480928
-64.0,820,2551.480938
-69.0,820,2551.480948
-95.0,820,2551.480958
-46.0,820,2551.480968
0.0,820,2551.480977
0.0,820,2551.480987
-107.0,820,2551.480997
0.0,820,2591.323248
-94.0,820,2591.323297
0.0,820,2591.323313
0.0,820,2591.323326
-49.0,820,2591.323337
0.0,820,2591.323349
-89.0,820,2591.32336
-32.0,820,2591.323372
-352.0,820,2591.323384
-102.0,820,2591.323395
-63.0,820,2591.323407
-115.0,820,2591.323419
-57.0,820,2591.32343
0.0,820,2591.323441
0.0,820,2591.323453
-99.0,820,2591.323464
0.0,820,2631.195259
-103.0,820,2631.195297
0.0,820,2631.195312
0.0,820,2631.195323
-58.0,820,2631.195333
0.0,820,2631.195342
-63.0,820,2631.195351
-52.0,820,2631.195361
-339.0,820,2631.19537
-86.0,820,2631.195379
-58.0,820,2631.195389
-97.0,820,2631.195398
-48.0,820,2631.195408
0.0,820,2631.195417
0.0,820,2631.195426
-95.0,820,2631.195436
0.0,820,2676.329437
-100.0,820,2676.329476
0.0,820,2676.329493
0.0,820,2676.329506
-54.0,820,2676.329517
0.0,820,2676.329528
-80.0,820,2676.329539
-44.0,820,2676.329549
-384.0,820,2676.32956
-70.0,820,2676.32957
-60.0,820,2676.32958
-96.0,820,2676.32959
-59.0,820,2676.3296
0.0,820,2676.32961
0.0,820,2676.32962
-97.0,820,2676.329629
0.0,820,2716.380375
-101.0,820,2716.380418
0.0,820,2716.380433
0.0,820,2716.380443
-53.0,820,2716.380453
0.0,820,2716.380463
-97.0,820,2716.380472
-46.0,820,2716.380482
-345.0,820,2716.380491
-89.0,820,2716.380501
-66.0,820,2716.38051
-108.0,820,2716.38052
-57.0,820,2716.380529
0.0,820,2716.380539
0.0,820,2716.380548
-105.0,820,2716.380557
0.0,820,2761.341887
-125.0,820,2761.341928
0.0,820,2761.341943
0.0,820,2761.341953
-67.0,820,2761.341962
0.0,820,2761.341972
-101.0,820,2761.341981
-41.0,820,2761.34199
-374.0,820,2761.342
-99.0,820,2761.342009
-56.0,820,2761.342019
-106.0,820,2761.342029
-67.0,820,2761.342038
0.0,820,2761.342048
0.0,820,2761.342057
-80.0,820,2761.342066
0.0,820,2801.296811
-110.0,820,2801.296852
-1.0,820,2801.296866
0.0,820,2801.296877
-51.0,820,2801.296887
0.0,820,2801.296896
-95.0,820,2801.296906
-37.0,820,2801.296915
-401.0,820,2801.296924
-87.0,820,2801.296933
-74.0,820,2801.296942
-85.0,820,2801.296952
-56.0,820,2801.296962
0.0,820,2801.296971
0.0,820,2801.29698
-97.0,820,2801.29699
0.0,820,2840.953949
-121.0,820,2840.953989
0.0,820,2840.954004
0.0,820,2840.954015
-68.0,820,2840.954025
0.0,820,2840.954035
-69.0,820,2840.954044
-32.0,820,2840.954053
-336.0,820,2840.954062
-76.0,820,2840.954072
-72.0,820,2840.954081
-96.0,820,2840.954091
-54.0,820,2840.9541
0.0,820,2840.95411
0.0,820,2840.954119
-86.0,820,2840.954129
0.0,820,2885.905349
-102.0,820,2885.90539
0.0,820,2885.905405
0.0,820,2885.905416
-50.0,820,2885.905427
0.0,820,2885.905436
-96.0,820,2885.905446
-26.0,820,2885.905455
-343.0,820,2885.905464
-65.0,820,2885.905474
-73.0,820,2885.905483
-107.0,820,2885.905493
-51.0,820,2885.905503
0.0,820,2885.905512
0.0,820,2885.905522
-84.0,820,2885.905531
0.0,820,2925.709441
-105.0,820,2925.709481
0.0,820,2925.709496
0.0,820,2925.709507
-52.0,820,2925.709516
0.0,820,2925.709526
-86.0,820,2925.709536
-25.0,820,2925.709545
-324.0,820,2925.709555
-91.0,820,2925.709564
-52.0,820,2925.709574
-93.0,820,2925.709584
-37.0,820,2925.709593
0.0,820,2925.709603
0.0,820,2925.709612
-84.0,820,2925.709621
0.0,820,2970.69703
-91.0,820,2970.697067
0.0,820,2970.697082
0.0,820,2970.697093
-53.0,820,2970.697103
0.0,820,2970.697113
-89.0,820,2970.697123
-25.0,820,2970.697132
-337.0,820,2970.697142
-84.0,820,2970.697151
-55.0,820,2970.697161
-103.0,820,2970.697171
-53.0,820,2970.697181
0.0,820,2970.69719
0.0,820,2970.6972
-74.0,820,2970.697209
0.0,820,3010.461846
-113.0,820,3010.461885
0.0,820,3010.4619
0.0,820,3010.461911
-52.0,820,3010.46192
0.0,820,3010.461931
-86.0,820,3010.46194
-34.0,820,3010.461949
-360.0,820,3010.461959
-63.0,820,3010.461968
-62.0,820,3010.461978
-105.0,820,3010.461987
-57.0,820,3010.461997
0.0,820,3010.462007
0.0,820,3010.462016
-80.0,820,3010.462025
0.0,820,3050.303349
-96.0,820,3050.303387
0.0,820,3050.303403
0.0,820,3050.303416
-62.0,820,3050.303427
0.0,820,3050.303439
-80.0,820,3050.303451
-29.0,820,3050.303462
-350.0,820,3050.303474
-68.0,820,3050.303485
-60.0,820,3050.303497
-102.0,820,3050.303508
-64.0,820,3050.30352
0.0,820,3050.303532
0.0,820,3050.303543
-87.0,820,3050.303554
0.0,820,3094.710766
-87.0,820,3094.710838
0.0,820,3094.710857
0.0,820,3094.710869
-59.0,820,3094.710878
0.0,820,3094.710888
-70.0,820,3094.710897
-20.0,820,3094.710906
-354.0,820,3094.710916
-67.0,820,3094.710925
-62.0,820,3094.710934
-105.0,820,3094.710943
-44.0,820,3094.710953
0.0,820,3094.710962
0.0,820,3094.710971
-111.0,820,3094.71098
0.0,820,3134.474104
-98.0,820,3134.474144
0.0,820,3134.47416
0.0,820,3134.474171
-74.0,820,3134.474181
0.0,820,3134.47419
-78.0,820,3134.4742
-14.0,820,3134.47421
-341.0,820,3134.474219
-81.0,820,3134.474228
-74.0,820,3134.474238
-108.0,820,3134.474247
-36.0,820,3134.474257
0.0,820,3134.474266
0.0,820,3134.474275
-78.0,820,3134.474284
0.0,820,3179.056439
-121.0,820,3179.056477
0.0,820,3179.056492
0.0,820,3179.056503
-60.0,820,3179.056512
0.0,820,3179.056522
-77.0,820,3179.056531
-22.0,820,3179.05654
-336.0,820,3179.05655
-69.0,820,3179.05656
-61.0,820,3179.05657
-98.0,820,3179.05658
-44.0,820,3179.056589
0.0,820,3179.056598
0.0,820,3179.056607
-80.0,820,3179.056617
0.0,820,3218.726877
-93.0,820,3218.726915
0.0,820,3218.726931
0.0,820,3218.726944
-66.0,820,3218.726955
0.0,820,3218.726967
-60.0,820,3218.726979
-18.0,820,3218.72699
-317.0,820,3218.727002
-78.0,820,3218.727014
-64.0,820,3218.727026
-116.0,820,3218.727038
-32.0,820,3218.727049
0.0,820,3218.727061
0.0,820,3218.727072
-84.0,820,3218.727083
0.0,820,3258.313461
-88.0,820,3258.3135
0.0,820,3258.313516
0.0,820,3258.313529
-44.0,820,3258.313539
0.0,820,3258.31355
-73.0,820,3258.313561
-21.0,820,3258.313571
-403.0,820,3258.313581
-59.0,820,3258.313591
-55.0,820,3258.313601
-99.0,820,3258.313611
-33.0,820,3258.31362
0.0,820,3258.31363
0.0,820,3258.31364
-74.0,820,3258.313649
0.0,820,3303.453831
-95.0,820,3303.45387
0.0,820,3303.453885
0.0,820,3303.453896
-50.0,820,3303.453906
0.0,820,3303.453915
-73.0,820,3303.453924
-20.0,820,3303.453933
-330.0,820,3303.453943
-63.0,820,3303.453952
-73.0,820,3303.453962
-110.0,820,3303.453971
-46.0,820,3303.45398
0.0,820,3303.45399
0.0,820,3303.453999
-74.0,820,3303.454008
0.0,820,3343.542045
-99.0,820,3343.542085
0.0,820,3343.542102
0.0,820,3343.542116
-57.0,820,3343.542132
0.0,820,3343.542145
-83.0,820,3343.542156
-18.0,820,3343.542168
-381.0,820,3343.54218
-62.0,820,3343.542192
-76.0,820,3343.542203
-107.0,820,3343.542215
-44.0,820,3343.542226
0.0,820,3343.542238
0.0,820,3343.542249
-88.0,820,3343.542261
0.0,820,3388.7666
-103.0,820,3388.76664
-1.0,820,3388.766655
0.0,820,3388.766666
-47.0,820,3388.766676
0.0,820,3388.766686
-60.0,820,3388.766695
-19.0,820,3388.766704
-356.0,820,3388.766713
-90.0,820,3388.766723
-61.0,820,3388.766732
-96.0,820,3388.766742
-35.0,820,3388.766751
0.0,820,3388.76676
0.0,820,3388.766769
-67.0,820,3388.766778
0.0,820,3428.637628
-80.0,820,3428.637665
0.0,820,3428.637679
0.0,820,3428.63769
-45.0,820,3428.637701
0.0,820,3428.63771
-65.0,820,3428.63772
-25.0,820,3428.637729
-365.0,820,3428.637741
-75.0,820,3428.637754
-56.0,820,3428.637764
-100.0,820,3428.637774
-37.0,820,3428.637783
0.0,820,3428.637792
0.0,820,3428.637802
-70.0,820,3428.637811
0.0,820,3468.525593
-96.0,820,3468.525634
-1.0,820,3468.525649
0.0,820,3468.525661
-47.0,820,3468.52567
0.0,820,3468.52568
-84.0,820,3468.525689
-16.0,820,3468.525698
-331.0,820,3468.525708
-56.0,820,3468.525717
-80.0,820,3468.525726
-107.0,820,3468.525736
-47.0,820,3468.525745
0.0,820,3468.525754
0.0,820,3468.525763
-86.0,820,3468.525772
0.0,820,3513.238973
-108.0,820,3513.239015
0.0,820,3513.23903
0.0,820,3513.239041
-53.0,820,3513.23905
0.0,820,3513.23906
-69.0,820,3513.239069
-23.0,820,3513.239078
-337.0,820,3513.239088
-59.0,820,3513.239097
-54.0,820,3513.239106
-94.0,820,3513.239115
-53.0,820,3513.239125
0.0,820,3513.239134
0.0,820,3513.239143
-59.0,820,3513.239153
0.0,820,3553.383403
-94.0,820,3553.383446
0.0,820,3553.383462
0.0,820,3553.383475
-53.0,820,3553.383487
0.0,820,3553.383498
-60.0,820,3553.383509
-15.0,820,3553.383521
-308.0,820,3553.383532
-62.0,820,3553.383544
-52.0,820,3553.383555
-108.0,820,3553.383567
-31.0,820,3553.383579
0.0,820,3553.38359
0.0,820,3553.383601
-70.0,820,3553.383613
0.0,820,3598.453748
-99.0,820,3598.453787
0.0,820,3598.453804
0.0,820,3598.453815
-51.0,820,3598.453827
0.0,820,3598.453838
-68.0,820,3598.453848
-16.0,820,3598.453859
-352.0,820,3598.453869
-53.0,820,3598.453879
-53.0,820,3598.453889
-105.0,820,3598.453899
-46.0,820,3598.453909
0.0,820,3598.453918
0.0,820,3598.453928
-69.0,820,3598.453937
0.0,820,3638.184633
-98.0,820,3638.184672
0.0,820,3638.184689
0.0,820,3638.184702
-41.0,820,3638.184713
0.0,820,3638.184725
-48.0,820,3638.184736
-11.0,820,3638.184747
-357.0,820,3638.184759
-69.0,820,3638.184771
-60.0,820,3638.184782
-99.0,820,3638.184794
-38.0,820,3638.184805
0.0,820,3638.184817
0.0,820,3638.184828
-62.0,820,3638.18484
0.0,820,3677.389438
-99.0,820,3677.389478
0.0,820,3677.389493
0.0,820,3677.389504
-33.0,820,3677.389514
0.0,820,3677.389524
-64.0,820,3677.389532
-5.0,820,3677.389542
-361.0,820,3677.389551
-56.0,820,3677.389561
-53.0,820,3677.38957
-110.0,820,3677.38958
-43.0,820,3677.389589
0.0,820,3677.389598
0.0,820,3677.389607
-78.0,820,3677.389616
0.0,820,3722.031927
-95.0,820,3722.031966
0.0,820,3722.031981
0.0,820,3722.031992
-44.0,820,3722.032002
0.0,820,3722.032012
-59.0,820,3722.032021
-14.0,820,3722.03203
-325.0,820,3722.032039
-56.0,820,3722.032049
-67.0,820,3722.032058
-105.0,820,3722.032068
-31.0,820,3722.032077
0.0,820,3722.032087
0.0,820,3722.032096
-70.0,820,3722.032105
0.0,820,3761.569773
-101.0,820,3761.569813
0.0,820,3761.569829
0.0,820,3761.569842
-31.0,820,3761.569856
0.0,820,3761.569866
-56.0,820,3761.569876
-14.0,820,3761.569885
-362.0,820,3761.569894
-74.0,820,3761.569903
-52.0,820,3761.569913
-114.0,820,3761.569922
-34.0,820,3761.569932
0.0,820,3761.56994
0.0,820,3761.56995
-68.0,820,3761.569959
0.0,820,3805.95829
-94.0,820,3805.958329
0.0,820,3805.958345
0.0,820,3805.958358
-48.0,820,3805.958369
0.0,820,3805.95838
-80.0,820,3805.95839
-13.0,820,3805.9584
-331.0,820,3805.958411
-61.0,820,3805.958421
-55.0,820,3805.958431
-109.0,820,3805.958441
-36.0,820,3805.95845
0.0,820,3805.95846
0.0,820,3805.95847
-70.0,820,3805.958479
0.0,820,3845.834594
-95.0,820,3845.834634
0.0,820,3845.834651
0.0,820,3845.834663
-54.0,820,3845.834675
0.0,820,3845.834687
-60.0,820,3845.834698
-18.0,820,3845.83471
-341.0,820,3845.834722
-81.0,820,3845.834733
-42.0,820,3845.834744
-101.0,820,3845.834756
-45.0,820,3845.834768
0.0,820,3845.834779
0.0,820,3845.834791
-74.0,820,3845.834802
0.0,820,3885.380074
-90.0,820,3885.380112
0.0,820,3885.380129
0.0,820,3885.380144
-43.0,820,3885.380156
0.0,820,3885.380166
-66.0,820,3885.380176
-16.0,820,3885.380185
-313.0,820,3885.380194
-55.0,820,3885.380204
-50.0,820,3885.380213
-89.0,820,3885.380223
-40.0,820,3885.380232
0.0,820,3885.380241
0.0,820,3885.38025
-60.0,820,3885.38026
0.0,820,3929.880125
-100.0,820,3929.880165
0.0,820,3929.88018
0.0,820,3929.880191
-46.0,820,3929.880201
0.0,820,3929.880211
-72.0,820,3929.88022
-7.0,820,3929.88023
-344.0,820,3929.880239
-69.0,820,3929.880249
-53.0,820,3929.880258
-93.0,820,3929.880267
-39.0,820,3929.880277
0.0,820,3929.880286
0.0,820,3929.880295
-59.0,820,3929.880304
0.0,820,3969.644853
-101.0,820,3969.644893
0.0,820,3969.644908
0.0,820,3969.644919
-39.0,820,3969.644928
0.0,820,3969.644938
-54.0,820,3969.644947
-12.0,820,3969.644956
-335.0,820,3969.644965
-85.0,820,3969.644974
-64.0,820,3969.644984
-95.0,820,3969.644993
-48.0,820,3969.645002
0.0,820,3969.645012
0.0,820,3969.645021
-51.0,820,3969.64503
0.0,820,4014.531796
-95.0,820,4014.531835
0.0,820,4014.531851
0.0,820,4014.531862
-46.0,820,4014.531871
0.0,820,4014.531881
-84.0,820,4014.53189
-10.0,820,4014.5319
-336.0,820,4014.531909
-48.0,820,4014.531919
-65.0,820,4014.531928
-90.0,820,4014.531937
-37.0,820,4014.531946
0.0,820,4014.531956
0.0,820,4014.531965
-71.0,820,4014.531974
0.0,820,4054.345848
-102.0,820,4054.345886
0.0,820,4054.345901
0.0,820,4054.345911
-40.0,820,4054.345921
0.0,820,4054.34593
-61.0,820,4054.34594
-16.0,820,4054.345949
-322.0,820,4054.345959
-53.0,820,4054.345968
-53.0,820,4054.345978
-96.0,820,4054.345987
-30.0,820,4054.345996
0.0,820,4054.346005
0.0,820,4054.346015
-66.0,820,4054.346024
0.0,820,4094.393061
-106.0,820,4094.3931
0.0,820,4094.393117
0.0,820,4094.393131
-42.0,820,4094.393144
0.0,820,4094.393157
-70.0,820,4094.393169
-9.0,820,4094.393181
-304.0,820,4094.393193
-65.0,820,4094.393205
-69.0,820,4094.393216
-90.0,820,4094.393229
-54.0,820,4094.393241
0.0,820,4094.393253
0.0,820,4094.393267
-82.0,820,4094.393279
0.0,820,4139.492112
-95.0,820,4139.492151
0.0,820,4139.492168
0.0,820,4139.49218
-43.0,820,4139.492191
0.0,820,4139.492202
-57.0,820,4139.492212
-10.0,820,4139.492224
-331.0,820,4139.492238
-59.0,820,4139.492247
-47.0,820,4139.492257
-100.0,820,4139.492266
-51.0,820,4139.492276
0.0,820,4139.492285
0.0,820,4139.492295
-59.0,820,4139.492304
0.0,820,4179.193275
-90.0,820,4179.193325
0.0,820,4179.19334
0.0,820,4179.193351
-41.0,820,4179.193361
0.0,820,4179.19337
-52.0,820,4179.193379
-13.0,820,4179.193388
-332.0,820,4179.193398
-64.0,820,4179.193408
-55.0,820,4179.193417
-100.0,820,4179.193426
-27.0,820,4179.193436
0.0,820,4179.193446
0.0,820,4179.193455
-71.0,820,4179.193464
0.0,820,4223.926899
-91.0,820,4223.926939
0.0,820,4223.926953
0.0,820,4223.926965
-49.0,820,4223.926974
0.0,820,4223.926983
-77.0,820,4223.926992
-13.0,820,4223.927001
-377.0,820,4223.927011
-58.0,820,4223.92702
-65.0,820,4223.927029
-103.0,820,4223.927039
-27.0,820,4223.927048
0.0,820,4223.927057
0.0,820,4223.927067
-71.0,820,4223.927076
0.0,820,4263.548085
-96.0,820,4263.548127
0.0,820,4263.548142
0.0,820,4263.548154
-29.0,820,4263.548163
0.0,820,4263.548173
-57.0,820,4263.548182
-9.0,820,4263.548191
-348.0,820,4263.548201
-59.0,820,4263.548211
-65.0,820,4263.54822
-105.0,820,4263.548229
-32.0,820,4263.548239
0.0,820,4263.548249
0.0,820,4263.548258
-63.0,820,4263.548268
0.0,820,4303.344758
-92.0,820,4303.344799
0.0,820,4303.344815
0.0,820,4303.344827
-32.0,820,4303.344839
0.0,820,4303.34485
-56.0,820,4303.344862
-12.0,820,4303.344873
-306.0,820,4303.344884
-53.0,820,4303.344896
-62.0,820,4303.344908
-104.0,820,4303.344919
-39.0,820,4303.344931
0.0,820,4303.344942
0.0,820,4303.344953
-53.0,820,4303.344965
0.0,820,4347.965333
-92.0,820,4347.965373
0.0,820,4347.96539
0.0,820,4347.965402
-35.0,820,4347.965412
0.0,820,4347.965422
-67.0,820,4347.965431
-17.0,820,4347.96544
-345.0,820,4347.965449
-66.0,820,4347.965459
-56.0,820,4347.965469
-103.0,820,4347.965479
-40.0,820,4347.965489
0.0,820,4347.965498
0.0,820,4347.965507
-42.0,820,4347.965517
0.0,820,4387.765693
-78.0,820,4387.765733
0.0,820,4387.765748
0.0,820,4387.765759
-28.0,820,4387.765768
0.0,820,4387.765777
-64.0,820,4387.765786
-7.0,820,4387.765795
-360.0,820,4387.765805
-49.0,820,4387.765818
-54.0,820,4387.765831
-108.0,820,4387.765841
-29.0,820,4387.765851
0.0,820,4387.76586
0.0,820,4387.765869
-52.0,820,4387.765878
0.0,820,4432.846623
-88.0,820,4432.846664
0.0,820,4432.84668
0.0,820,4432.846692
-43.0,820,4432.846701
0.0,820,4432.846711
-56.0,820,4432.84672
-15.0,820,4432.846729
-326.0,820,4432.846738
-46.0,820,4432.846748
-79.0,820,4432.846757
-97.0,820,4432.846766
-45.0,820,4432.846776
0.0,820,4432.846785
0.0,820,4432.846794
-56.0,820,4432.846803
0.0,820,4472.612041
-94.0,820,4472.61208
0.0,820,4472.612095
0.0,820,4472.612105
-49.0,820,4472.612115
0.0,820,4472.612124
-62.0,820,4472.612134
-7.0,820,4472.612143
-325.0,820,4472.612152
-60.0,820,4472.612161
-57.0,820,4472.612171
-95.0,820,4472.612181
-29.0,820,4472.61219
0.0,820,4472.612199
0.0,820,4472.612209
-51.0,820,4472.612218
0.0,820,4512.337976
-102.0,820,4512.338017
0.0,820,4512.338033
0.0,820,4512.338046
-41.0,820,4512.338058
0.0,820,4512.338069
-66.0,820,4512.33808
-5.0,820,4512.338091
-348.0,820,4512.338101
-44.0,820,4512.338111
-67.0,820,4512.338122
-88.0,820,4512.338131
-32.0,820,4512.338141
0.0,820,4512.338151
0.0,820,4512.338161
-53.0,820,4512.338171
0.0,820,4557.025815
-91.0,820,4557.025854
0.0,820,4557.025868
0.0,820,4557.025879
-31.0,820,4557.025888
0.0,820,4557.025898
-65.0,820,4557.025907
-10.0,820,4557.025916
-319.0,820,4557.025925
-60.0,820,4557.025935
-52.0,820,4557.025944
-96.0,820,4557.025954
-33.0,820,4557.025963
0.0,820,4557.025972
0.0,820,4557.025981
-47.0,820,4557.02599
0.0,820,4596.805804
-84.0,820,4596.805843
0.0,820,4596.805858
0.0,820,4596.805868
-51.0,820,4596.805878
0.0,820,4596.805887
-46.0,820,4596.805897
-9.0,820,4596.805906
-328.0,820,4596.805915
-55.0,820,4596.805925
-53.0,820,4596.805934
-97.0,820,4596.805944
-35.0,820,4596.805954
0.0,820,4596.805963
0.0,820,4596.805972
-54.0,820,4596.805981
0.0,820,4641.665902
-85.0,820,4641.665941
0.0,820,4641.665956
0.0,820,4641.665967
-37.0,820,4641.665977
0.0,820,4641.665987
-60.0,820,4641.665996
-16.0,820,4641.666005
-367.0,820,4641.666015
-56.0,820,4641.666024
-54.0,820,4641.666034
-92.0,820,4641.666043
-33.0,820,4641.666053
0.0,820,4641.666062
0.0,820,4641.666071
-64.0,820,4641.66608
0.0,820,4681.209788
-87.0,820,4681.209827
0.0,820,4681.209843
0.0,820,4681.209855
-40.0,820,4681.209866
0.0,820,4681.209876
-54.0,820,4681.209887
-6.0,820,4681.209897
-341.0,820,4681.209907
-44.0,820,4681.209917
-43.0,820,4681.20993
-103.0,820,4681.20994
-24.0,820,4681.20995
0.0,820,4681.209959
0.0,820,4681.209968
-40.0,820,4681.209977
0.0,820,4720.982934
-92.0,820,4720.982972
0.0,820,4720.982988
0.0,820,4720.983
-32.0,820,4720.983011
0.0,820,4720.983022
-56.0,820,4720.983033
-12.0,820,4720.983043
-311.0,820,4720.983054
-65.0,820,4720.983064
-53.0,820,4720.983074
-102.0,820,4720.983084
-49.0,820,4720.983094
0.0,820,4720.983104
0.0,820,4720.983114
-61.0,820,4720.983124
0.0,820,4765.783335
-85.0,820,4765.783375
0.0,820,4765.783391
0.0,820,4765.783404
-36.0,820,4765.783414
0.0,820,4765.783426
-44.0,820,4765.783436
-10.0,820,4765.783447
-333.0,820,4765.783458
-49.0,820,4765.783468
-50.0,820,4765.783478
-110.0,820,4765.783489
-33.0,820,4765.783499
0.0,820,4765.783508
0.0,820,4765.783518
-60.0,820,4765.783528
0.0,820,4805.581945
-95.0,820,4805.581984
0.0,820,4805.582
0.0,820,4805.582013
-45.0,820,4805.582025
0.0,820,4805.582036
-59.0,820,4805.582048
-12.0,820,4805.582059
-345.0,820,4805.58207
-51.0,820,4805.582082
-32.0,820,4805.582094
-95.0,820,4805.582105
-31.0,820,4805.582117
0.0,820,4805.582129
0.0,820,4805.58214
-63.0,820,4805.582152
0.0,820,4850.272588
-88.0,820,4850.272627
0.0,820,4850.272642
0.0,820,4850.272653
-40.0,820,4850.272662
0.0,820,4850.272672
-70.0,820,4850.272681
-8.0,820,4850.272691
-315.0,820,4850.2727
-51.0,820,4850.27271
-61.0,820,4850.272719
-102.0,820,4850.272728
-36.0,820,4850.272738
0.0,820,4850.272748
0.0,820,4850.272756
-40.0,820,4850.272765
0.0,820,4889.909469
-83.0,820,4889.909541
-1.0,820,4889.909562
0.0,820,4889.909574
-36.0,820,4889.909584
0.0,820,4889.909594
-65.0,820,4889.909603
-18.0,820,4889.909612
-324.0,820,4889.909622
-36.0,820,4889.909631
-48.0,820,4889.909641
-101.0,820,4889.90965
-30.0,820,4889.90966
0.0,820,4889.909669
0.0,820,4889.909678
-47.0,820,4889.909688
0.0,820,4929.629476
-99.0,820,4929.629515
0.0,820,4929.629531
0.0,820,4929.629546
-31.0,820,4929.629557
0.0,820,4929.629567
-42.0,820,4929.629577
-2.0,820,4929.629586
-329.0,820,4929.629595
-43.0,820,4929.629605
-63.0,820,4929.629614
-112.0,820,4929.629624
-32.0,820,4929.629633
0.0,820,4929.629643
0.0,820,4929.629652
-65.0,820,4929.629661
0.0,820,4974.747504
-86.0,820,4974.747544
0.0,820,4974.74756
0.0,820,4974.747572
-40.0,820,4974.747583
0.0,820,4974.747594
-66.0,820,4974.747604
-1.0,820,4974.747615
-318.0,820,4974.747625
-59.0,820,4974.747635
-65.0,820,4974.747645
-98.0,820,4974.747655
-29.0,820,4974.747665
0.0,820,4974.747674
0.0,820,4974.747684
-54.0,820,4974.747695
0.0,820,5014.316278
-83.0,820,5014.316318
0.0,820,5014.316334
0.0,820,5014.316347
-44.0,820,5014.316358
0.0,820,5014.31637
-49.0,820,5014.316382
-4.0,820,5014.316393
-328.0,820,5014.316405
-52.0,820,5014.316417
-57.0,820,5014.316429
-90.0,820,5014.316441
-30.0,820,5014.316453
0.0,820,5014.316464
0.0,820,5014.316475
-48.0,820,5014.316487
0.0,820,5059.208167
-93.0,820,5059.208205
0.0,820,5059.20822
0.0,820,5059.208231
-43.0,820,5059.20824
0.0,820,5059.20825
-54.0,820,5059.208259
-9.0,820,5059.208268
-334.0,820,5059.208277
-65.0,820,5059.208287
-62.0,820,5059.208296
-100.0,820,5059.208305
-27.0,820,5059.208315
0.0,820,5059.208324
0.0,820,5059.208333
-57.0,820,5059.208343
0.0,820,5098.715437
-83.0,820,5098.715476
0.0,820,5098.715492
0.0,820,5098.715504
-38.0,820,5098.715515
0.0,820,5098.715526
-50.0,820,5098.715537
-3.0,820,5098.715547
-340.0,820,5098.715558
-57.0,820,5098.715568
-41.0,820,5098.715579
-101.0,820,5098.715589
-30.0,820,5098.715599
0.0,820,5098.715609
0.0,820,5098.715619
-71.0,820,5098.715628
0.0,820,5138.337504
-74.0,820,5138.337542
0.0,820,5138.337562
0.0,820,5138.337573
-37.0,820,5138.337583
0.0,820,5138.337592
-53.0,820,5138.337601
-8.0,820,5138.33761
-349.0,820,5138.33762
-38.0,820,5138.337629
-59.0,820,5138.337639
-98.0,820,5138.337648
-41.0,820,5138.337657
0.0,820,5138.337667
0.0,820,5138.337676
-52.0,820,5138.337685
0.0,820,5183.126809
-86.0,820,5183.126852
0.0,820,5183.126868
0.0,820,5183.12688
-39.0,820,5183.126893
0.0,820,5183.126904
-59.0,820,5183.126916
-12.0,820,5183.126927
-316.0,820,5183.126939
-45.0,820,5183.126951
-50.0,820,5183.126962
-90.0,820,5183.126974
-29.0,820,5183.126985
0.0,820,5183.126997
0.0,820,5183.127008
-49.0,820,5183.127019
0.0,820,5222.965729
-82.0,820,5222.965766
0.0,820,5222.965783
0.0,820,5222.965795
-39.0,820,5222.965806
0.0,820,5222.965817
-70.0,820,5222.965828
-7.0,820,5222.965839
-331.0,820,5222.96585
-40.0,820,5222.96586
-74.0,820,5222.96587
-97.0,820,5222.96588
-28.0,820,5222.96589
0.0,820,5222.965899
0.0,820,5222.965909
-54.0,820,5222.965919
0.0,820,5267.825069
-90.0,820,5267.825111
0.0,820,5267.825126
0.0,820,5267.825137
-39.0,820,5267.825147
0.0,820,5267.825156
-65.0,820,5267.825165
-4.0,820,5267.825174
-323.0,820,5267.825183
-48.0,820,5267.825193
-70.0,820,5267.825202
-105.0,820,5267.825212
-33.0,820,5267.825222
0.0,820,5267.825231
0.0,820,5267.82524
-50.0,820,5267.825249
0.0,820,5307.566308
-85.0,820,5307.566343
0.0,820,5307.56636
0.0,820,5307.566373
-44.0,820,5307.566384
0.0,820,5307.566396
-54.0,820,5307.566408
-2.0,820,5307.566419
-346.0,820,5307.566431
-49.0,820,5307.566442
-56.0,820,5307.566454
-96.0,820,5307.566465
-27.0,820,5307.566477
0.0,820,5307.566488
0.0,820,5307.566499
-50.0,820,5307.566511
0.0,820,5347.497538
-79.0,820,5347.497575
0.0,820,5347.497591
0.0,820,5347.497603
-37.0,820,5347.497615
0.0,820,5347.497626
-55.0,820,5347.497636
-6.0,820,5347.497647
-335.0,820,5347.497657
-53.0,820,5347.497667
-54.0,820,5347.49768
-84.0,820,5347.497693
-30.0,820,5347.497704
0.0,820,5347.497717
0.0,820,5347.497727
-54.0,820,5347.497736
0.0,820,5392.145216
-96.0,820,5392.145254
0.0,820,5392.145269
0.0,820,5392.14528
-39.0,820,5392.14529
0.0,820,5392.1453
-50.0,820,5392.14531
-9.0,820,5392.145319
-341.0,820,5392.145328
-57.0,820,5392.145338
-51.0,820,5392.145347
-111.0,820,5392.145357
-25.0,820,5392.145366
0.0,820,5392.145375
0.0,820,5392.145384
-44.0,820,5392.145393
0.0,820,5431.526896
-84.0,820,5431.526935
0.0,820,5431.526951
0.0,820,5431.526964
-31.0,820,5431.526975
0.0,820,5431.526987
-49.0,820,5431.526998
-1.0,820,5431.527009
-319.0,820,5431.527019
-59.0,820,5431.52703
-61.0,820,5431.52704
-92.0,820,5431.52705
-24.0,820,5431.52706
0.0,820,5431.527069
0.0,820,5431.527079
-53.0,820,5431.527089
0.0,820,5476.003114
-90.0,820,5476.003154
-3.0,820,5476.003169
0.0,820,5476.00318
-42.0,820,5476.003191
0.0,820,5476.003201
-58.0,820,5476.00321
-4.0,820,5476.003219
-352.0,820,5476.003229
-44.0,820,5476.003238
-57.0,820,5476.003247
-97.0,820,5476.003257
-22.0,820,5476.003266
0.0,820,5476.003275
0.0,820,5476.003284
-58.0,820,5476.003293
0.0,820,5515.558813
-80.0,820,5515.558851
0.0,820,5515.558865
0.0,820,5515.558875
-37.0,820,5515.558885
0.0,820,5515.558894
-63.0,820,5515.558903
-4.0,820,5515.558912
-332.0,820,5515.558921
-40.0,820,5515.558931
-56.0,820,5515.55894
-100.0,820,5515.558949
-28.0,820,5515.558959
0.0,820,5515.558968
0.0,820,5515.558977
-56.0,820,5515.558986
0.0,820,5555.409682
-85.0,820,5555.409717
0.0,820,5555.409732
0.0,820,5555.409742
-47.0,820,5555.409751
0.0,820,5555.409761
-54.0,820,5555.40977
-3.0,820,5555.409779
-350.0,820,5555.409789
-59.0,820,5555.409798
-65.0,820,5555.409807
-98.0,820,5555.409817
-39.0,820,5555.409826
0.0,820,5555.409835
0.0,820,5555.409845
-55.0,820,5555.409854
0.0,820,5600.086982
-82.0,820,5600.087022
0.0,820,5600.087037
0.0,820,5600.087048
-38.0,820,5600.087058
0.0,820,5600.087067
-53.0,820,5600.087076
-7.0,820,5600.087085
-355.0,820,5600.087095
-58.0,820,5600.087105
-42.0,820,5600.087114
-103.0,820,5600.087124
-21.0,820,5600.087133
0.0,820,5600.087142
0.0,820,5600.087152
-54.0,820,5600.087161
0.0,820,5639.872478
-81.0,820,5639.872516
0.0,820,5639.87253
0.0,820,5639.872541
-33.0,820,5639.87255
0.0,820,5639.87256
-52.0,820,5639.872569
-7.0,820,5639.872578
-346.0,820,5639.872588
-42.0,820,5639.872597
-51.0,820,5639.872607
-100.0,820,5639.872617
-24.0,820,5639.872626
0.0,820,5639.872636
0.0,820,5639.872645
-47.0,820,5639.872654
0.0,820,5684.383072
-91.0,820,5684.383112
0.0,820,5684.383127
0.0,820,5684.383138
-36.0,820,5684.383147
0.0,820,5684.383157
-69.0,820,5684.383166
-10.0,820,5684.383176
-342.0,820,5684.383185
-34.0,820,5684.383194
-46.0,820,5684.383204
-89.0,820,5684.383214
-23.0,820,5684.383223
0.0,820,5684.383232
0.0,820,5684.383241
-45.0,820,5684.38325
0.0,820,5724.079228
-84.0,820,5724.079266
0.0,820,5724.079281
0.0,820,5724.079291
-35.0,820,5724.079301
0.0,820,5724.07931
-57.0,820,5724.07932
-4.0,820,5724.079329
-337.0,820,5724.079339
-49.0,820,5724.079348
-43.0,820,5724.079357
-100.0,820,5724.079367
-23.0,820,5724.079376
0.0,820,5724.079386
0.0,820,5724.079395
-49.0,820,5724.079404
0.0,820,5764.126558
-75.0,820,5764.126599
0.0,820,5764.126616
0.0,820,5764.126627
-33.0,820,5764.126637
0.0,820,5764.126646
-58.0,820,5764.126655
-5.0,820,5764.126665
-328.0,820,5764.126674
-48.0,820,5764.126683
-69.0,820,5764.126693
-94.0,820,5764.126702
-29.0,820,5764.126712
0.0,820,5764.126721
0.0,820,5764.12673
-47.0,820,5764.12674
0.0,820,5808.979581
-87.0,820,5808.979621
0.0,820,5808.979636
0.0,820,5808.979647
-35.0,820,5808.979657
0.0,820,5808.979666
-59.0,820,5808.979675
-10.0,820,5808.979684
-328.0,820,5808.979693
-41.0,820,5808.979703
-62.0,820,5808.979712
-84.0,820,5808.979722
-21.0,820,5808.979731
0.0,820,5808.979741
0.0,820,5808.97975
-44.0,820,5808.979759
0.0,820,5846.876612
-95.0,820,5846.876649
0.0,820,5846.876667
0.0,820,5846.876681
-36.0,820,5846.876691
0.0,820,5846.876701
-60.0,820,5846.87671
-10.0,820,5846.876719
-343.0,820,5846.876729
-49.0,820,5846.876739
-46.0,820,5846.876748
-88.0,820,5846.876758
-32.0,820,5846.876767
0.0,820,5846.876776
0.0,820,5846.876785
-47.0,820,5846.876795
0.0,820,5888.846585
-79.0,820,5888.846623
0.0,820,5888.846638
0.0,820,5888.846649
-32.0,820,5888.846659
0.0,820,5888.846669
-45.0,820,5888.846678
-8.0,820,5888.846687
-332.0,820,5888.846697
-38.0,820,5888.846706
-50.0,820,5888.846716
-98.0,820,5888.846725
-26.0,820,5888.846735
0.0,820,5888.846744
0.0,820,5888.846754
-54.0,820,5888.846763
0.0,820,5928.620523
-82.0,820,5928.620562
0.0,820,5928.620577
0.0,820,5928.620587
-39.0,820,5928.620597
0.0,820,5928.620607
-42.0,820,5928.620616
-4.0,820,5928.620625
-333.0,820,5928.620634
-54.0,820,5928.620644
-69.0,820,5928.620653
-98.0,820,5928.620662
-17.0,820,5928.620672
0.0,820,5928.620681
0.0,820,5928.62069
-49.0,820,5928.6207
0.0,820,5968.420562
-95.0,820,5968.4206
0.0,820,5968.420615
0.0,820,5968.420626
-35.0,820,5968.420635
0.0,820,5968.420645
-50.0,820,5968.420654
-1.0,820,5968.420662
-340.0,820,5968.420672
-62.0,820,5968.420681
-53.0,820,5968.42069
-101.0,820,5968.4207
-22.0,820,5968.420709
0.0,820,5968.420718
0.0,820,5968.420727
-54.0,820,5968.420737
0.0,820,6013.115506
-96.0,820,6013.115552
0.0,820,6013.115568
0.0,820,6013.115581
-34.0,820,6013.115592
0.0,820,6013.115604
-52.0,820,6013.115616
-7.0,820,6013.115627
-328.0,820,6013.115639
-49.0,820,6013.11565
-46.0,820,6013.115662
-99.0,820,6013.115674
-31.0,820,6013.115686
0.0,820,6013.115698
0.0,820,6013.115709
-53.0,820,6013.115721
0.0,820,6052.637028
-95.0,820,6052.637067
0.0,820,6052.637084
0.0,820,6052.637098
-40.0,820,6052.63711
0.0,820,6052.637123
-61.0,820,6052.637135
-8.0,820,6052.637147
-301.0,820,6052.637159
-49.0,820,6052.637171
-66.0,820,6052.637183
-95.0,820,6052.637195
-39.0,820,6052.637207
0.0,820,6052.637218
0.0,820,6052.637233
-60.0,820,6052.637246
0.0,820,6097.29932
-72.0,820,6097.299359
0.0,820,6097.299374
0.0,820,6097.299385
-41.0,820,6097.299394
0.0,820,6097.299403
-60.0,820,6097.299412
-5.0,820,6097.299422
-341.0,820,6097.299431
-48.0,820,6097.299441
-33.0,820,6097.29945
-97.0,820,6097.299459
-23.0,820,6097.299469
0.0,820,6097.299478
0.0,820,6097.299487
-44.0,820,6097.299497
0.0,820,6137.240112
-88.0,820,6137.240154
-1.0,820,6137.240168
0.0,820,6137.240179
-34.0,820,6137.240188
0.0,820,6137.240198
-49.0,820,6137.240207
-5.0,820,6137.240216
-333.0,820,6137.240226
-39.0,820,6137.240235
-42.0,820,6137.240244
-100.0,820,6137.240253
-23.0,820,6137.240263
0.0,820,6137.240272
0.0,820,6137.240281
-52.0,820,6137.24029
0.0,820,6177.081235
-80.0,820,6177.081275
0.0,820,6177.08129
0.0,820,6177.081301
-34.0,820,6177.081311
0.0,820,6177.08132
-62.0,820,6177.081329
-1.0,820,6177.081339
-323.0,820,6177.081348
-51.0,820,6177.081357
-41.0,820,6177.081367
-88.0,820,6177.081377
-27.0,820,6177.081386
0.0,820,6177.081395
0.0,820,6177.081404
-54.0,820,6177.081413
0.0,820,6222.027409
-85.0,820,6222.02745
0.0,820,6222.027466
0.0,820,6222.027478
-40.0,820,6222.027489
0.0,820,6222.0275
-58.0,820,6222.02751
-8.0,820,6222.02752
-295.0,820,6222.027531
-40.0,820,6222.027541
-60.0,820,6222.027551
-99.0,820,6222.027561
-27.0,820,6222.02757
0.0,820,6222.02758
0.0,820,6222.027593
-45.0,820,6222.027603
0.0,820,6261.816202
-87.0,820,6261.816242
0.0,820,6261.816262
0.0,820,6261.816276
-43.0,820,6261.816288
0.0,820,6261.816301
-53.0,820,6261.816312
-6.0,820,6261.816324
-319.0,820,6261.816335
-53.0,820,6261.816347
-46.0,820,6261.816359
-96.0,820,6261.816371
-20.0,820,6261.816382
0.0,820,6261.816394
0.0,820,6261.816406
-48.0,820,6261.816417
0.0,820,6306.497981
-88.0,820,6306.498021
0.0,820,6306.498037
0.0,820,6306.498049
-43.0,820,6306.49806
0.0,820,6306.498075
-65.0,820,6306.498085
-1.0,820,6306.498095
-334.0,820,6306.498105
-56.0,820,6306.498114
-53.0,820,6306.498124
-101.0,820,6306.498137
-28.0,820,6306.498148
0.0,820,6306.498158
0.0,820,6306.498168
-44.0,820,6306.498177
0.0,820,6346.109964
-75.0,820,6346.110009
0.0,820,6346.110024
0.0,820,6346.110035
-37.0,820,6346.110044
0.0,820,6346.110054
-50.0,820,6346.110063
-5.0,820,6346.110072
-322.0,820,6346.110081
-45.0,820,6346.110091
-49.0,820,6346.1101
-106.0,820,6346.110109
-37.0,820,6346.110119
0.0,820,6346.110128
0.0,820,6346.110137
-45.0,820,6346.110146
0.0,820,6385.696711
-81.0,820,6385.696749
0.0,820,6385.696763
0.0,820,6385.696774
-33.0,820,6385.696784
0.0,820,6385.696793
-42.0,820,6385.696802
-7.0,820,6385.696812
-323.0,820,6385.696821
-47.0,820,6385.696831
-49.0,820,6385.69684
-100.0,820,6385.696849
-25.0,820,6385.696859
0.0,820,6385.696868
0.0,820,6385.696877
-51.0,820,6385.696886
0.0,820,6430.568749
-92.0,820,6430.568789
0.0,820,6430.568804
0.0,820,6430.568815
-30.0,820,6430.568824
0.0,820,6430.568834
-47.0,820,6430.568843
-7.0,820,6430.568852
-308.0,820,6430.568862
-50.0,820,6430.568871
-40.0,820,6430.568881
-92.0,820,6430.56889
-32.0,820,6430.5689
0.0,820,6430.56891
0.0,820,6430.568919
-34.0,820,6430.568928
0.0,820,6470.373165
-77.0,820,6470.373205
0.0,820,6470.37322
0.0,820,6470.373231
-37.0,820,6470.373241
0.0,820,6470.37325
-52.0,820,6470.373259
-4.0,820,6470.373268
-291.0,820,6470.373277
-48.0,820,6470.373287
-54.0,820,6470.373296
-98.0,820,6470.373305
-36.0,820,6470.373314
0.0,820,6470.373324
0.0,820,6470.373333
-65.0,820,6470.373342
0.0,820,6515.093967
-87.0,820,6515.094007
0.0,820,6515.094023
0.0,820,6515.094036
-33.0,820,6515.094047
0.0,820,6515.094058
-43.0,820,6515.094069
-2.0,820,6515.094079
-320.0,820,6515.09409
-54.0,820,6515.094102
-55.0,820,6515.094115
-101.0,820,6515.094125
-25.0,820,6515.094135
0.0,820,6515.094144
0.0,820,6515.094153
-46.0,820,6515.094162
0.0,820,6554.776562
-80.0,820,6554.7766
0.0,820,6554.776616
0.0,820,6554.776629
-42.0,820,6554.77664
0.0,820,6554.776651
-48.0,820,6554.776662
-2.0,820,6554.776673
-306.0,820,6554.776684
-39.0,820,6554.776696
-50.0,820,6554.776709
-103.0,820,6554.776719
-28.0,820,6554.776729
0.0,820,6554.776738
0.0,820,6554.776748
-50.0,820,6554.776757
0.0,820,6594.960611
-80.0,820,6594.96065
0.0,820,6594.960665
0.0,820,6594.960675
-35.0,820,6594.960685
0.0,820,6594.960695
-62.0,820,6594.960705
-3.0,820,6594.960714
-319.0,820,6594.960723
-44.0,820,6594.960733
-35.0,820,6594.960742
-89.0,820,6594.960752
-31.0,820,6594.960761
0.0,820,6594.96077
0.0,820,6594.96078
-47.0,820,6594.960789
0.0,820,6639.750609
-79.0,820,6639.750648
0.0,820,6639.750662
0.0,820,6639.750673
-42.0,820,6639.750682
0.0,820,6639.750691
-44.0,820,6639.7507
-2.0,820,6639.750709
-302.0,820,6639.750718
-26.0,820,6639.750728
-46.0,820,6639.750737
-101.0,820,6639.750746
-32.0,820,6639.750756
0.0,820,6639.750765
0.0,820,6639.750774
-48.0,820,6639.750783
0.0,820,6679.233353
-67.0,820,6679.233427
0.0,820,6679.233446
0.0,820,6679.233457
-37.0,820,6679.233467
0.0,820,6679.233476
-45.0,820,6679.233485
-2.0,820,6679.233495
-311.0,820,6679.233504
-36.0,820,6679.233514
-45.0,820,6679.233523
-102.0,820,6679.233533
-25.0,820,6679.233543
0.0,820,6679.233552
0.0,820,6679.233561
-50.0,820,6679.23357
0.0,820,6724.306843
-79.0,820,6724.306883
0.0,820,6724.306899
0.0,820,6724.306912
-43.0,820,6724.306923
0.0,820,6724.306934
-53.0,820,6724.306945
-2.0,820,6724.306955
-311.0,820,6724.306966
-60.0,820,6724.306976
-55.0,820,6724.306986
-92.0,820,6724.306995
-18.0,820,6724.307005
0.0,820,6724.307014
0.0,820,6724.307024
-42.0,820,6724.307033
0.0,820,6763.872132
-93.0,820,6763.87217
0.0,820,6763.872185
0.0,820,6763.872195
-36.0,820,6763.872205
0.0,820,6763.872214
-60.0,820,6763.872223
-3.0,820,6763.872233
-328.0,820,6763.872242
-48.0,820,6763.872252
-43.0,820,6763.872262
-98.0,820,6763.872271
-20.0,820,6763.87228
0.0,820,6763.87229
0.0,820,6763.872299
-51.0,820,6763.872308
0.0,820,6803.393428
-69.0,820,6803.393463
0.0,820,6803.393479
0.0,820,6803.393492
-43.0,820,6803.393508
0.0,820,6803.393523
-40.0,820,6803.393535
-7.0,820,6803.393547
-289.0,820,6803.393559
-57.0,820,6803.39357
-59.0,820,6803.393582
-95.0,820,6803.393594
-32.0,820,6803.393605
0.0,820,6803.393617
0.0,820,6803.393628
-37.0,820,6803.393639
0.0,820,6847.964231
-75.0,820,6847.964268
0.0,820,6847.964284
0.0,820,6847.964295
-40.0,820,6847.964304
0.0,820,6847.964314
-52.0,820,6847.964323
0.0,820,6847.964333
-295.0,820,6847.964342
-51.0,820,6847.964351
-64.0,820,6847.964361
-90.0,820,6847.964371
-31.0,820,6847.96438
0.0,820,6847.96439
0.0,820,6847.964399
-47.0,820,6847.964408
0.0,820,6887.541867
-70.0,820,6887.541905
0.0,820,6887.541921
0.0,820,6887.541932
-31.0,820,6887.541941
0.0,820,6887.541951
-48.0,820,6887.54196
-2.0,820,6887.54197
-307.0,820,6887.541979
-42.0,820,6887.541989
-57.0,820,6887.541998
-108.0,820,6887.542007
-28.0,820,6887.542017
0.0,820,6887.542026
0.0,820,6887.542035
-48.0,820,6887.542045
0.0,820,6933.416473
-88.0,820,6933.416511
0.0,820,6933.416528
0.0,820,6933.416543
-35.0,820,6933.416555
0.0,820,6933.416568
-56.0,820,6933.41658
-2.0,820,6933.416593
-303.0,820,6933.416605
-51.0,820,6933.416617
-46.0,820,6933.416628
-95.0,820,6933.416641
-27.0,820,6933.416653
0.0,820,6933.416665
0.0,820,6933.416677
-56.0,820,6933.416688
0.0,820,6972.118665
-80.0,820,6972.118703
0.0,820,6972.118719
0.0,820,6972.118731
-34.0,820,6972.118742
0.0,820,6972.118753
-54.0,820,6972.118764
-3.0,820,6972.118774
-319.0,820,6972.118784
-48.0,820,6972.118795
-48.0,820,6972.118805
-97.0,820,6972.118814
-25.0,820,6972.118824
0.0,820,6972.118834
0.0,820,6972.118843
-45.0,820,6972.118852
0.0,820,7012.098628
-81.0,820,7012.09867
0.0,820,7012.098685
0.0,820,7012.098698
-38.0,820,7012.098709
0.0,820,7012.09872
-43.0,820,7012.09873
-5.0,820,7012.09874
-322.0,820,7012.098751
-41.0,820,7012.09876
-51.0,820,7012.09877
-100.0,820,7012.09878
-18.0,820,7012.09879
0.0,820,7012.0988
0.0,820,7012.09881
-60.0,820,7012.098819
0.0,820,7055.176506
-80.0,820,7055.176541
0.0,820,7055.176558
0.0,820,7055.17657
-39.0,820,7055.176582
0.0,820,7055.176593
-45.0,820,7055.176603
-2.0,820,7055.176614
-338.0,820,7055.176625
-49.0,820,7055.176635
-41.0,820,7055.176645
-104.0,820,7055.176655
-18.0,820,7055.176665
0.0,820,7055.176674
0.0,820,7055.176684
-40.0,820,7055.176693
0.0,820,7093.664415
-88.0,820,7093.664452
0.0,820,7093.664469
0.0,820,7093.664483
-43.0,820,7093.664496
0.0,820,7093.664508
-54.0,820,7093.664521
-7.0,820,7093.664532
-344.0,820,7093.664544
-44.0,820,7093.664556
-48.0,820,7093.664568
-104.0,820,7093.66458
-25.0,820,7093.664592
0.0,820,7093.664603
0.0,820,7093.664615
-50.0,820,7093.664627
0.0,820,7136.368598
-83.0,820,7136.368634
0.0,820,7136.36865
0.0,820,7136.368662
-32.0,820,7136.368674
0.0,820,7136.368685
-48.0,820,7136.368695
-11.0,820,7136.368705
-311.0,820,7136.368716
-54.0,820,7136.368726
-39.0,820,7136.368736
-101.0,820,7136.368746
-28.0,820,7136.368756
0.0,820,7136.368765
0.0,820,7136.368775
-48.0,820,7136.368784
0.0,820,7174.868448
-90.0,820,7174.868486
0.0,820,7174.868502
0.0,820,7174.868515
-34.0,820,7174.868526
0.0,820,7174.868537
-47.0,820,7174.868548
-8.0,820,7174.868559
-319.0,820,7174.868569
-41.0,820,7174.868579
-50.0,820,7174.868589
-96.0,820,7174.868599
-24.0,820,7174.868609
0.0,820,7174.868618
0.0,820,7174.868628
-46.0,820,7174.868638
0.0,820,7213.655395
-80.0,820,7213.655432
0.0,820,7213.655448
0.0,820,7213.655462
-48.0,820,7213.655475
0.0,820,7213.655487
-53.0,820,7213.655499
-4.0,820,7213.655511
-335.0,820,7213.655523
-38.0,820,7213.655535
-64.0,820,7213.655546
-94.0,820,7213.655558
-30.0,820,7213.65557
0.0,820,7213.655582
0.0,820,7213.655593
-59.0,820,7213.655605
0.0,820,7256.279911
-90.0,820,7256.279949
0.0,820,7256.279965
0.0,820,7256.279977
-40.0,820,7256.279988
0.0,820,7256.279999
-50.0,820,7256.28001
-6.0,820,7256.28002
-313.0,820,7256.28003
-39.0,820,7256.28004
-59.0,820,7256.28005
-95.0,820,7256.28006
-16.0,820,7256.28007
0.0,820,7256.280083
0.0,820,7256.280095
-52.0,820,7256.280105
0.0,820,7294.680439
-81.0,820,7294.680482
0.0,820,7294.680496
0.0,820,7294.680507
-29.0,820,7294.680516
0.0,820,7294.680526
-45.0,820,7294.680535
0.0,820,7294.680543
-295.0,820,7294.680552
-45.0,820,7294.680562
-24.0,820,7294.680571
-93.0,820,7294.680581
-33.0,820,7294.68059
0.0,820,7294.6806
0.0,820,7294.680609
-55.0,820,7294.680619
0.0,820,7337.8447
-83.0,820,7337.844738
0.0,820,7337.844755
0.0,820,7337.844769
-41.0,820,7337.844782
0.0,820,7337.844795
-55.0,820,7337.844807
-2.0,820,7337.844819
-322.0,820,7337.844831
-65.0,820,7337.844842
-37.0,820,7337.844854
-95.0,820,7337.844867
-24.0,820,7337.844878
0.0,820,7337.84489
0.0,820,7337.844902
-58.0,820,7337.844913
0.0,820,7376.264712
-82.0,820,7376.264751
0.0,820,7376.264767
0.0,820,7376.26478
-35.0,820,7376.264791
0.0,820,7376.264802
-60.0,820,7376.264812
0.0,820,7376.264822
-319.0,820,7376.264833
-57.0,820,7376.264843
-49.0,820,7376.264853
-100.0,820,7376.264862
-25.0,820,7376.264872
0.0,820,7376.264882
0.0,820,7376.264891
-53.0,820,7376.264901
0.0,820,7415.056424
-89.0,820,7415.056463
0.0,820,7415.05648
0.0,820,7415.056494
-38.0,820,7415.056507
0.0,820,7415.056519
-56.0,820,7415.056532
-8.0,820,7415.056544
-332.0,820,7415.056556
-48.0,820,7415.056568
-54.0,820,7415.05658
-92.0,820,7415.056592
-31.0,820,7415.056604
0.0,820,7415.056615
0.0,820,7415.056627
-41.0,820,7415.056639
0.0,820,7457.91575
-87.0,820,7457.915787
0.0,820,7457.915803
0.0,820,7457.915816
-42.0,820,7457.915827
0.0,820,7457.915838
-44.0,820,7457.915849
-2.0,820,7457.91586
-309.0,820,7457.91587
-44.0,820,7457.91588
-57.0,820,7457.91589
-79.0,820,7457.9159
-37.0,820,7457.91591
0.0,820,7457.91592
0.0,820,7457.915929
-40.0,820,7457.915939
0.0,820,7496.491485
-82.0,820,7496.491523
0.0,820,7496.491539
0.0,820,7496.491551
-32.0,820,7496.491563
0.0,820,7496.491574
-38.0,820,7496.491585
-5.0,820,7496.491595
-310.0,820,7496.491606
-48.0,820,7496.491616
-52.0,820,7496.491626
-104.0,820,7496.491636
-23.0,820,7496.491646
0.0,820,7496.491655
0.0,820,7496.491665
-45.0,820,7496.491674
0.0,820,7539.225633
-102.0,820,7539.225671
0.0,820,7539.225688
0.0,820,7539.225699
-46.0,820,7539.225711
0.0,820,7539.225722
-45.0,820,7539.225732
-10.0,820,7539.225742
-320.0,820,7539.225753
-41.0,820,7539.225763
-59.0,820,7539.225773
-94.0,820,7539.225782
-30.0,820,7539.225792
0.0,820,7539.225802
0.0,820,7539.225812
-40.0,820,7539.225821
0.0,820,7578.159478
-80.0,820,7578.159517
0.0,820,7578.159535
0.0,820,7578.159549
-40.0,820,7578.159562
0.0,820,7578.159575
-49.0,820,7578.159587
-4.0,820,7578.159599
-315.0,820,7578.159611
-37.0,820,7578.159623
-45.0,820,7578.159635
-96.0,820,7578.159647
-17.0,820,7578.159659
0.0,820,7578.159671
0.0,820,7578.159683
-38.0,820,7578.159695
0.0,820,7616.752823
-88.0,820,7616.752862
0.0,820,7616.752878
0.0,820,7616.75289
-36.0,820,7616.752901
0.0,820,7616.752913
-36.0,820,7616.752923
-1.0,820,7616.752934
-313.0,820,7616.752944
-42.0,820,7616.752955
-51.0,820,7616.752965
-104.0,820,7616.752975
-30.0,820,7616.752985
0.0,820,7616.752994
0.0,820,7616.753004
-56.0,820,7616.753014
0.0,820,7659.663675
-80.0,820,7659.66371
0.0,820,7659.663726
0.0,820,7659.663738
-45.0,820,7659.663749
0.0,820,7659.66376
-55.0,820,7659.663771
-5.0,820,7659.663781
-331.0,820,7659.663792
-46.0,820,7659.663802
-38.0,820,7659.663812
-106.0,820,7659.663821
-24.0,820,7659.663831
0.0,820,7659.663841
0.0,820,7659.663851
-47.0,820,7659.663861
0.0,820,7698.091918
-80.0,820,7698.091957
0.0,820,7698.091974
0.0,820,7698.091989
-35.0,820,7698.092002
0.0,820,7698.092015
-49.0,820,7698.092027
-4.0,820,7698.092039
-327.0,820,7698.09205
-58.0,820,7698.092062
-55.0,820,7698.092074
-99.0,820,7698.092086
-31.0,820,7698.092098
0.0,820,7698.092109
0.0,820,7698.092121
-52.0,820,7698.092133
0.0,820,7740.703422
-77.0,820,7740.70346
0.0,820,7740.703477
0.0,820,7740.703491
-35.0,820,7740.703504
0.0,820,7740.703517
-48.0,820,7740.703576
-2.0,820,7740.703595
-341.0,820,7740.703608
-57.0,820,7740.703619
-47.0,820,7740.703631
-98.0,820,7740.703643
-20.0,820,7740.703654
0.0,820,7740.703665
0.0,820,7740.703677
-49.0,820,7740.703688
0.0,820,7779.022332
-77.0,820,7779.022367
0.0,820,7779.022383
0.0,820,7779.022396
-41.0,820,7779.022407
0.0,820,7779.022419
-46.0,820,7779.022429
-2.0,820,7779.02244
-317.0,820,7779.02245
-40.0,820,7779.022461
-47.0,820,7779.022471
-92.0,820,7779.022481
-27.0,820,7779.022491
0.0,820,7779.022501
0.0,820,7779.022511
-44.0,820,7779.02252
0.0,820,7817.49817
-82.0,820,7817.498205
0.0,820,7817.49822
0.0,820,7817.498232
-36.0,820,7817.498244
0.0,820,7817.498255
-53.0,820,7817.498265
-3.0,820,7817.498276
-325.0,820,7817.498286
-60.0,820,7817.498296
-46.0,820,7817.498306
-86.0,820,7817.498316
-27.0,820,7817.498325
0.0,820,7817.498335
0.0,820,7817.498345
-56.0,820,7817.498355
0.0,820,7860.159519
-85.0,820,7860.159558
0.0,820,7860.159574
0.0,820,7860.159586
-39.0,820,7860.159597
0.0,820,7860.159608
-61.0,820,7860.159619
-3.0,820,7860.159629
-308.0,820,7860.15964
-55.0,820,7860.15965
-35.0,820,7860.15966
-94.0,820,7860.15967
-27.0,820,7860.15968
0.0,820,7860.15969
0.0,820,7860.1597
-51.0,820,7860.15971
0.0,820,7898.747312
-77.0,820,7898.747346
0.0,820,7898.747362
0.0,820,7898.747374
-30.0,820,7898.747385
0.0,820,7898.747396
-48.0,820,7898.747407
-3.0,820,7898.747417
-345.0,820,7898.747428
-51.0,820,7898.747438
-60.0,820,7898.747448
-100.0,820,7898.747458
-14.0,820,7898.747468
0.0,820,7898.747478
0.0,820,7898.747488
-54.0,820,7898.747497
0.0,820,7941.449417
-67.0,820,7941.449455
0.0,820,7941.449472
0.0,820,7941.449485
-36.0,820,7941.449496
0.0,820,7941.449507
-50.0,820,7941.449517
-1.0,820,7941.449528
-297.0,820,7941.449538
-50.0,820,7941.449548
-42.0,820,7941.449558
-102.0,820,7941.449568
-24.0,820,7941.449578
0.0,820,7941.449588
0.0,820,7941.449597
-36.0,820,7941.449607
0.0,820,7980.040661
-71.0,820,7980.040699
0.0,820,7980.040714
0.0,820,7980.040726
-38.0,820,7980.040737
0.0,820,7980.040748
-58.0,820,7980.040758
0.0,820,7980.040769
-292.0,820,7980.040778
-32.0,820,7980.040788
-30.0,820,7980.040798
-102.0,820,7980.040808
-29.0,820,7980.040818
0.0,820,7980.040827
0.0,820,7980.040837
-57.0,820,7980.040846
0.0,820,8018.502723
-67.0,820,8018.502759
0.0,820,8018.502776
0.0,820,8018.502789
-46.0,820,8018.502802
0.0,820,8018.502815
-51.0,820,8018.502827
-8.0,820,8018.50284
-313.0,820,8018.502851
-43.0,820,8018.502864
-60.0,820,8018.502875
-100.0,820,8018.502887
-15.0,820,8018.502899
0.0,820,8018.502911
0.0,820,8018.502923
-64.0,820,8018.502934
