#{"t_start": 1755472116.907841, "env_id": "None"}
r,l,t
108.15064,820,78.729162
-223.70117,820,78.729238
103.47318,820,78.729272
109.33304,820,78.7293
67.10726,820,78.729324
109.33304,820,78.729348
-51.21156,820,78.729371
59.682003,820,78.729394
-494.10834,820,78.729417
-304.13553,820,78.729439
-304.69104,820,78.729462
-91.6041,820,78.729485
-26.513924,820,78.729508
109.33304,820,78.729531
109.33304,820,78.729553
-37.03896,820,78.729576
109.28612,820,153.971033
-241.50562,820,153.971111
103.64305,820,153.971144
109.33304,820,153.97117
63.015022,820,153.971194
109.33304,820,153.971217
-197.23843,820,153.97124
63.435493,820,153.971263
-638.3317,820,153.971286
-156.14146,820,153.97131
-146.7066,820,153.971333
-66.86716,820,153.973458
-81.37642,820,153.973485
109.28381,820,153.9735
109.33304,820,153.973515
3.872407,820,153.973528
109.24485,820,235.943682
-230.78276,820,235.943733
103.96129,820,235.943754
109.33304,820,235.943771
60.614372,820,235.943786
109.33304,820,235.943801
-85.69754,820,235.943815
39.45217,820,235.943829
-412.91055,820,235.943842
-83.26619,820,235.943855
-175.89282,820,235.943871
-114.57487,820,235.943885
-26.112753,820,235.943898
109.30512,820,235.943911
109.33304,820,235.943924
14.148222,820,235.943937
108.96092,820,310.507017
-91.04513,820,310.507072
102.58266,820,310.507091
109.33304,820,310.507105
25.146753,820,310.507118
109.33304,820,310.507131
-27.967781,820,310.507144
51.746807,820,310.507157
-496.96198,820,310.507174
-34.61351,820,310.507187
-147.8121,820,310.5072
-40.14879,820,310.507212
-98.32572,820,310.507225
109.22735,820,310.507256
109.33304,820,310.507269
17.233416,820,310.507283
109.291374,820,392.922213
-37.470573,820,392.922265
102.72894,820,392.922286
109.33304,820,392.922303
64.805305,820,392.922319
109.33304,820,392.922334
-84.7716,820,392.922348
21.898739,820,392.922362
-500.91934,820,392.922376
-23.196012,820,392.92239
-119.0556,820,392.922403
-12.995188,820,392.922416
-20.390245,820,392.92243
109.253944,820,392.922443
109.33304,820,392.922457
16.090109,820,392.92247
109.30308,820,467.446091
-121.7969,820,467.446142
104.31198,820,467.44616
109.33304,820,467.446175
76.20853,820,467.446188
109.33304,820,467.446201
-33.91642,820,467.446214
77.63682,820,467.446227
-234.70818,820,467.446239
-35.736008,820,467.446252
-89.97303,820,467.446264
23.313663,820,467.446277
-25.730219,820,467.44629
109.31055,820,467.446302
109.33304,820,467.446315
35.050507,820,467.446327
108.77071,820,541.487065
-111.00936,820,541.487116
104.661224,820,541.487137
109.33304,820,541.487154
44.393238,820,541.487169
109.33304,820,541.487185
-53.947563,820,541.487199
61.38065,820,541.487213
-295.7596,820,541.487227
-36.64881,820,541.48724
4.884701,820,541.487254
1.3385575,820,541.487267
11.053325,820,541.48728
109.32661,820,541.487293
109.33304,820,541.487306
43.281116,820,541.487319
109.25918,820,623.119679
-16.06078,820,623.119733
101.744576,820,623.119755
109.33304,820,623.119772
50.2187,820,623.119788
109.33304,820,623.119803
17.173084,820,623.119817
57.540783,820,623.119831
-215.66653,820,623.119844
-2.8561382,820,623.119857
-32.870426,820,623.11987
36.56848,820,623.119883
27.35126,820,623.119896
109.2888,820,623.119909
109.33304,820,623.119922
40.245777,820,623.119935
109.33304,820,696.741023
-82.58862,820,696.741074
104.55138,820,696.741093
109.33304,820,696.741108
44.078587,820,696.741122
109.33304,820,696.741134
-1.4875956,820,696.741147
72.66121,820,696.74116
-170.04755,820,696.741173
18.48811,820,696.741186
-21.720284,820,696.741199
15.264569,820,696.741211
22.835045,820,696.741224
109.31716,820,696.741237
109.33304,820,696.741249
52.153656,820,696.741262
109.292015,820,778.289603
-63.533928,820,778.289655
103.68141,820,778.289675
109.33304,820,778.289689
63.69273,820,778.289703
109.33304,820,778.289716
-36.72097,820,778.289729
61.6338,820,778.289741
-175.54068,820,778.289754
31.280647,820,778.289767
-38.518414,820,778.289779
18.171034,820,778.289792
5.4278398,820,778.28986
109.22025,820,778.289881
109.33304,820,778.289895
44.140076,820,778.289908
108.91184,820,851.614897
0.11388151,820,851.614948
103.584724,820,851.614969
109.33304,820,851.614985
-19.337517,820,851.615002
109.33304,820,851.615017
21.212402,820,851.615032
73.71697,820,851.615046
-122.46114,820,851.61506
21.817545,820,851.615076
34.314888,820,851.61509
21.760105,820,851.615103
38.382126,820,851.615117
109.31751,820,851.61513
109.33304,820,851.615143
51.925755,820,851.615157
109.33304,820,925.334164
7.9375935,820,925.334214
103.993126,820,925.334233
109.33304,820,925.334247
63.932533,820,925.33426
109.33304,820,925.334274
22.937843,820,925.334287
86.587494,820,925.334299
-165.76515,820,925.334312
29.007517,820,925.334324
-4.534733,820,925.334337
35.94184,820,925.334349
39.77122,820,925.334362
109.1708,820,925.334374
109.33304,820,925.334387
55.76274,820,925.334405
109.29196,820,1006.55357
39.69326,820,1006.553622
105.00604,820,1006.553641
109.33304,820,1006.553656
63.335075,820,1006.55367
109.33304,820,1006.553683
36.584026,820,1006.553696
85.458374,820,1006.553709
-128.34908,820,1006.553722
37.098003,820,1006.553736
26.982357,820,1006.553749
36.29254,820,1006.553761
42.94845,820,1006.553774
109.30123,820,1006.553787
109.33304,820,1006.553799
45.853504,820,1006.553812
109.33304,820,1079.734746
30.484625,820,1079.734797
105.53972,820,1079.734816
109.33304,820,1079.734831
57.631752,820,1079.734844
109.33304,820,1079.734858
37.22127,820,1079.734871
74.2821,820,1079.734884
-79.65111,820,1079.734897
45.43943,820,1079.73491
64.881294,820,1079.734923
55.07645,820,1079.734936
66.24501,820,1079.734949
109.17346,820,1079.734962
109.33304,820,1079.734974
62.98147,820,1079.734987
109.33304,820,1160.802242
36.44391,820,1160.802291
103.73911,820,1160.80231
109.33304,820,1160.802325
70.0172,820,1160.802338
109.33304,820,1160.802352
37.732918,820,1160.802365
78.42741,820,1160.802378
-98.68044,820,1160.802391
50.01408,820,1160.802403
56.279106,820,1160.802416
54.6167,820,1160.802429
60.528046,820,1160.802442
109.32539,820,1160.802455
109.33304,820,1160.802468
45.896008,820,1160.802481
109.28531,820,1233.753981
7.8487473,820,1233.754033
104.18005,820,1233.754052
109.33304,820,1233.754066
55.885075,820,1233.75408
109.33304,820,1233.754093
46.628155,820,1233.754106
78.70187,820,1233.754119
-114.67166,820,1233.754132
61.38491,820,1233.754145
64.62968,820,1233.754157
50.57605,820,1233.75417
67.33792,820,1233.754182
109.27319,820,1233.754195
109.33304,820,1233.754207
73.200294,820,1233.75422
109.27699,820,1306.691267
1.4838082,820,1306.691318
105.62689,820,1306.691336
109.33304,820,1306.691351
58.91327,820,1306.691364
109.33304,820,1306.691377
45.54213,820,1306.69139
83.38616,820,1306.691403
-51.142136,820,1306.691416
59.011738,820,1306.691429
52.673977,820,1306.691442
53.095184,820,1306.691455
69.25142,820,1306.691468
109.30803,820,1306.691481
109.33304,820,1306.691495
71.21345,820,1306.691508
109.004425,820,1387.331509
-3.231421,820,1387.331563
104.66474,820,1387.331596
109.33304,820,1387.331611
58.221134,820,1387.331624
109.33304,820,1387.331637
51.20439,820,1387.33165
77.380325,820,1387.331664
-54.730473,820,1387.331676
64.740456,820,1387.33169
61.908104,820,1387.331702
50.463345,820,1387.331715
66.86928,820,1387.331728
109.32851,820,1387.33174
109.33304,820,1387.331753
80.85225,820,1387.331766
108.86047,820,1460.050165
74.72959,820,1460.050216
106.176735,820,1460.050235
109.33304,820,1460.05025
69.816635,820,1460.050263
109.33304,820,1460.050277
56.748806,820,1460.050289
83.71473,820,1460.050302
-34.22564,820,1460.050315
46.11951,820,1460.050328
62.06538,820,1460.050341
52.776463,820,1460.050354
58.7274,820,1460.050368
109.308945,820,1460.05038
109.33304,820,1460.050393
72.684265,820,1460.050406
109.20036,820,1540.791348
63.924892,820,1540.7914
105.64293,820,1540.791421
109.33304,820,1540.791439
68.47206,820,1540.791455
109.33304,820,1540.791469
60.5757,820,1540.791483
82.17572,820,1540.791549
-16.144339,820,1540.79157
63.013954,820,1540.791584
65.21415,820,1540.791598
59.853317,820,1540.79161
62.65433,820,1540.791623
109.282814,820,1540.791636
109.33304,820,1540.791648
67.20771,820,1540.791661
109.23762,820,1613.517894
36.81803,820,1613.517945
104.3696,820,1613.517964
109.33304,820,1613.517979
59.14674,820,1613.517992
109.33304,820,1613.518005
51.734215,820,1613.518019
84.19759,820,1613.518032
-13.267672,820,1613.518045
64.50514,820,1613.518059
69.91456,820,1613.518071
65.28896,820,1613.518084
65.91531,820,1613.518097
109.24378,820,1613.51811
109.33304,820,1613.518126
73.89289,820,1613.518139
108.49839,820,1686.158042
19.364027,820,1686.158094
105.15161,820,1686.158113
109.33304,820,1686.158128
77.448326,820,1686.158142
109.33304,820,1686.158155
68.572205,820,1686.158168
86.422356,820,1686.158181
-3.8853009,820,1686.158194
57.552387,820,1686.158206
75.06799,820,1686.158219
51.8331,820,1686.158232
76.42397,820,1686.158245
109.26308,820,1686.158258
109.33304,820,1686.158271
77.08563,820,1686.158283
109.24931,820,1765.489925
45.846466,820,1765.489976
104.96058,820,1765.489995
109.33304,820,1765.49001
53.82878,820,1765.490024
109.33304,820,1765.490037
65.44467,820,1765.49005
90.07626,820,1765.490063
-2.0083814,820,1765.490075
63.574837,820,1765.490088
75.67881,820,1765.490101
57.18203,820,1765.490116
75.06377,820,1765.49013
109.31673,820,1765.490143
109.33304,820,1765.490155
76.65115,820,1765.490168
109.09346,820,1837.848058
76.11599,820,1837.848109
104.26066,820,1837.848128
109.33304,820,1837.848142
68.357056,820,1837.848156
109.33304,820,1837.84817
70.31115,820,1837.848188
87.78472,820,1837.848201
0.008342281,820,1837.848214
55.479355,820,1837.848227
74.53556,820,1837.84824
61.871,820,1837.848254
79.30504,820,1837.848268
109.24259,820,1837.84828
109.33304,820,1837.848293
73.76346,820,1837.848306
109.28717,820,1918.715274
68.27916,820,1918.715327
105.119064,820,1918.715345
109.33304,820,1918.715361
61.111,820,1918.715375
109.33304,820,1918.715388
64.5926,820,1918.715401
86.80922,820,1918.715414
16.821127,820,1918.715427
65.96495,820,1918.71544
79.46223,820,1918.715457
59.447163,820,1918.71547
76.19338,820,1918.715483
109.320885,820,1918.715496
109.33304,820,1918.715509
77.55624,820,1918.715522
109.33304,820,1991.16368
68.285484,820,1991.163732
105.9624,820,1991.163753
109.33304,820,1991.163769
58.024864,820,1991.163785
109.33304,820,1991.163801
75.34917,820,1991.163815
91.054855,820,1991.163829
13.033137,820,1991.163842
66.75393,820,1991.163856
78.55811,820,1991.163872
60.77199,820,1991.163886
81.88984,820,1991.163898
109.25242,820,1991.163912
109.33304,820,1991.163924
78.461426,820,1991.163937
109.04319,820,2063.826375
68.824615,820,2063.826427
105.24585,820,2063.826447
109.33304,820,2063.826464
78.372475,820,2063.826479
109.33304,820,2063.826494
72.85186,820,2063.826508
89.40319,820,2063.826522
-2.0968003,820,2063.826535
70.40227,820,2063.826549
84.31215,820,2063.826562
58.591476,820,2063.826574
68.1893,820,2063.826587
109.31848,820,2063.826601
109.33304,820,2063.826614
71.80703,820,2063.826627
109.29221,820,2143.458679
72.38356,820,2143.45873
105.69278,820,2143.458749
109.33304,820,2143.458764
73.49955,820,2143.458777
109.33304,820,2143.458791
71.70389,820,2143.458803
85.645134,820,2143.458816
14.923736,820,2143.458829
68.46768,820,2143.458842
81.19282,820,2143.458854
65.474236,820,2143.458867
84.39266,820,2143.458879
109.319405,820,2143.458892
109.33304,820,2143.458905
83.47233,820,2143.458918
108.862526,820,2216.034075
73.43472,820,2216.034126
106.18751,820,2216.034145
109.33304,820,2216.03416
28.993984,820,2216.034174
109.33304,820,2216.034187
73.848915,820,2216.0342
87.54087,820,2216.034213
13.667341,820,2216.034225
71.68233,820,2216.03424
84.21887,820,2216.034254
60.270958,820,2216.034266
80.25437,820,2216.034279
109.32576,820,2216.034292
109.33304,820,2216.034304
83.34926,820,2216.034317
109.03546,820,2296.710267
74.243996,820,2296.71032
106.12231,820,2296.710363
109.33304,820,2296.710381
-26.042004,820,2296.710408
109.33304,820,2296.710422
65.01628,820,2296.710434
90.59546,820,2296.710447
9.527323,820,2296.710459
75.90878,820,2296.710472
82.95023,820,2296.710485
62.857857,820,2296.710497
77.07299,820,2296.71051
109.24669,820,2296.710523
109.33304,820,2296.710536
79.02802,820,2296.710548
109.33304,820,2369.076891
72.40703,820,2369.076943
105.2004,820,2369.076964
109.33304,820,2369.076982
53.74568,820,2369.076998
109.33304,820,2369.077013
68.54249,820,2369.077028
94.22976,820,2369.077041
20.55116,820,2369.077055
75.37909,820,2369.077068
83.28509,820,2369.077081
68.678986,820,2369.077095
77.82268,820,2369.077108
109.314224,820,2369.077121
109.33304,820,2369.077134
83.76822,820,2369.077147
109.28473,820,2441.297091
75.50959,820,2441.297143
104.627464,820,2441.297163
109.33304,820,2441.29718
72.12669,820,2441.297195
109.33304,820,2441.29721
70.804,820,2441.297225
88.67589,820,2441.297238
25.841898,820,2441.297252
67.27499,820,2441.297265
84.875175,820,2441.297278
55.628014,820,2441.297292
84.35029,820,2441.297305
109.32873,820,2441.297318
109.33304,820,2441.297331
84.62673,820,2441.297344
109.088066,820,2521.910539
67.19803,820,2521.910591
105.602356,820,2521.910613
109.33304,820,2521.91063
53.900124,820,2521.910645
109.33304,820,2521.910661
72.69406,820,2521.910676
92.6719,820,2521.91069
22.79183,820,2521.910704
74.31199,820,2521.910717
84.295525,820,2521.910731
63.648193,820,2521.910745
85.91964,820,2521.910758
109.33304,820,2521.910771
109.33304,820,2521.910784
82.19539,820,2521.910798
109.293846,820,2594.55828
75.14807,820,2594.558332
104.11648,820,2594.558353
109.33304,820,2594.558371
78.994934,820,2594.558387
109.33304,820,2594.558402
71.93097,820,2594.558416
94.65756,820,2594.558431
34.102318,820,2594.558445
74.20362,820,2594.558458
84.34549,820,2594.558471
61.2907,820,2594.558484
83.6669,820,2594.558497
109.1091,820,2594.55851
109.33304,820,2594.558523
83.619064,820,2594.558536
109.27876,820,2674.760423
70.13418,820,2674.760476
104.99921,820,2674.760495
109.33304,820,2674.76051
41.43628,820,2674.760524
109.33304,820,2674.760537
78.167404,820,2674.76055
99.74297,820,2674.760563
26.156702,820,2674.760576
72.3338,820,2674.760588
84.58201,820,2674.760601
62.369457,820,2674.760614
84.79717,820,2674.760627
109.31745,820,2674.760639
109.33304,820,2674.760652
88.31033,820,2674.760664
109.33304,820,2747.038253
79.46168,820,2747.038304
105.279686,820,2747.038323
109.33304,820,2747.038338
69.36553,820,2747.038352
109.33304,820,2747.038365
65.75126,820,2747.038378
97.52064,820,2747.03839
32.006023,820,2747.038403
79.43295,820,2747.038416
86.928345,820,2747.038429
63.911606,820,2747.038442
87.78187,820,2747.038455
109.316826,820,2747.038467
109.33304,820,2747.038481
86.393875,820,2747.038493
109.09526,820,2819.452497
68.85607,820,2819.452549
104.88752,820,2819.452569
109.33304,820,2819.452586
77.79733,820,2819.452602
109.33304,820,2819.452616
76.37632,820,2819.452631
94.12584,820,2819.452644
30.007502,820,2819.452658
77.244965,820,2819.452672
83.405815,820,2819.452685
64.729706,820,2819.452703
86.616234,820,2819.452717
109.32385,820,2819.45273
109.33304,820,2819.452743
86.2738,820,2819.452756
109.28144,820,2898.290359
68.06153,820,2898.290411
105.14735,820,2898.290431
109.33304,820,2898.290446
78.91274,820,2898.29046
109.33304,820,2898.290473
74.2203,820,2898.290486
97.1432,820,2898.290498
33.26303,820,2898.290511
71.146385,820,2898.290524
89.38347,820,2898.290536
58.39331,820,2898.290549
88.26008,820,2898.290562
109.289955,820,2898.290574
109.33304,820,2898.290587
87.64061,820,2898.290599
108.73245,820,2970.571919
71.287735,820,2970.571971
105.69515,820,2970.57199
109.33304,820,2970.572004
81.64014,820,2970.572018
109.33304,820,2970.572031
73.754715,820,2970.572044
99.03113,820,2970.572057
27.545103,820,2970.57207
77.32053,820,2970.572083
84.36578,820,2970.572097
65.21245,820,2970.57211
87.30127,820,2970.572122
109.314896,820,2970.572186
109.33304,820,2970.572207
83.781296,820,2970.572221
109.29597,820,3050.477739
76.218216,820,3050.47779
104.97058,820,3050.477809
109.33304,820,3050.477824
69.03583,820,3050.477838
109.33304,820,3050.477851
75.82689,820,3050.477864
95.894684,820,3050.477876
27.359476,820,3050.477889
76.740974,820,3050.477902
83.49192,820,3050.47792
64.49915,820,3050.477934
88.67538,820,3050.477947
109.31303,820,3050.47796
109.33304,820,3050.477973
85.988754,820,3050.477986
109.33304,820,3123.120779
80.01233,820,3123.120831
106.19127,820,3123.12085
109.33304,820,3123.120865
75.27871,820,3123.120878
109.33304,820,3123.120891
78.64256,820,3123.120904
98.77382,820,3123.120917
30.740705,820,3123.120929
78.49675,820,3123.120942
86.45495,820,3123.120955
58.504658,820,3123.120967
87.85604,820,3123.12098
109.31953,820,3123.120993
109.33304,820,3123.121005
85.02664,820,3123.121018
108.96071,820,3195.251842
73.45277,820,3195.251896
105.908905,820,3195.251914
109.33304,820,3195.251929
77.23,820,3195.251943
109.33304,820,3195.251959
76.69807,820,3195.251972
97.1954,820,3195.251985
32.02882,820,3195.251998
77.46933,820,3195.252011
76.735886,820,3195.252024
67.024124,820,3195.252036
85.70693,820,3195.252049
109.311806,820,3195.252062
109.33304,820,3195.252074
90.90642,820,3195.252087
109.30381,820,3275.459285
69.87901,820,3275.459337
105.459656,820,3275.459358
109.33304,820,3275.459375
79.87049,820,3275.459391
109.33304,820,3275.459406
74.70327,820,3275.45942
98.24561,820,3275.459434
33.518764,820,3275.459447
71.04836,820,3275.459461
84.09516,820,3275.459474
67.39923,820,3275.459487
88.51397,820,3275.4595
109.284256,820,3275.459513
109.33304,820,3275.459526
87.22994,820,3275.459539
108.74523,820,3347.626415
73.997375,820,3347.626468
104.215744,820,3347.626489
109.33304,820,3347.626506
68.67125,820,3347.626521
109.33304,820,3347.626536
75.50124,820,3347.626551
94.65674,820,3347.626565
34.05712,820,3347.626578
75.4961,820,3347.626591
84.05531,820,3347.626605
67.05744,820,3347.626618
85.022995,820,3347.626632
109.31611,820,3347.626645
109.33304,820,3347.626658
86.9402,820,3347.626671
109.25,820,3427.990207
69.10178,820,3427.990263
105.64764,820,3427.990285
109.33304,820,3427.990302
83.640434,820,3427.990317
109.33304,820,3427.990331
80.74958,820,3427.990346
96.35053,820,3427.99036
29.709183,820,3427.990373
76.36096,820,3427.990387
84.57219,820,3427.9904
64.29315,820,3427.990413
85.29425,820,3427.990426
109.188446,820,3427.990439
109.33304,820,3427.990452
82.16973,820,3427.990465
109.09755,820,3500.381859
73.79956,820,3500.381911
105.04932,820,3500.381929
109.33304,820,3500.381944
83.10641,820,3500.381957
109.33304,820,3500.38197
77.11046,820,3500.381983
93.45537,820,3500.381996
30.070816,820,3500.382008
73.918274,820,3500.382021
85.0011,820,3500.382034
63.821186,820,3500.382046
86.723816,820,3500.382059
109.28883,820,3500.382072
109.33304,820,3500.382085
89.05997,820,3500.382097
109.24132,820,3572.895029
75.45465,820,3572.89508
104.47185,820,3572.895098
109.33304,820,3572.895113
75.800995,820,3572.895127
109.33304,820,3572.89514
75.193596,820,3572.895153
96.52863,820,3572.895166
34.622463,820,3572.895179
75.62901,820,3572.89521
86.30315,820,3572.895223
63.19809,820,3572.895236
85.45485,820,3572.895248
109.31671,820,3572.895261
109.33304,820,3572.895274
89.56711,820,3572.895287
108.99968,820,3653.082365
76.90773,820,3653.082418
105.80968,820,3653.082439
109.33304,820,3653.082456
69.14281,820,3653.082472
109.33304,820,3653.082488
80.273224,820,3653.082502
97.39291,820,3653.082516
33.097054,820,3653.08253
82.573616,820,3653.082543
82.44946,820,3653.082556
65.58452,820,3653.08257
85.539185,820,3653.082583
108.961136,820,3653.082596
109.33304,820,3653.08261
88.57531,820,3653.082623
108.976295,820,3725.265723
78.55074,820,3725.265775
106.27965,820,3725.265795
109.33304,820,3725.265812
80.40993,820,3725.265827
109.33304,820,3725.265841
78.54179,820,3725.265855
97.0156,820,3725.265868
33.87817,820,3725.265886
79.378426,820,3725.265903
84.173164,820,3725.265917
63.717926,820,3725.26593
90.4732,820,3725.265943
109.330956,820,3725.265957
109.33304,820,3725.26597
94.26609,820,3725.265983
109.33304,820,3805.417867
74.61726,820,3805.417919
106.39493,820,3805.41794
109.33304,820,3805.417957
87.3461,820,3805.417973
109.33304,820,3805.417987
78.27144,820,3805.418002
97.72717,820,3805.418015
37.281063,820,3805.418029
82.80066,820,3805.418042
90.26597,820,3805.418056
65.82068,820,3805.418069
90.2107,820,3805.418082
109.311455,820,3805.418095
109.33304,820,3805.418109
91.31634,820,3805.418123
108.70055,820,3877.732811
53.38291,820,3877.732863
105.325134,820,3877.732883
109.33304,820,3877.7329
79.05707,820,3877.732916
109.33304,820,3877.732931
77.427216,820,3877.732945
100.9631,820,3877.732958
27.175602,820,3877.732972
85.13255,820,3877.732984
90.53471,820,3877.732997
67.28838,820,3877.73301
90.639824,820,3877.733023
109.29251,820,3877.733036
109.33304,820,3877.733049
89.795784,820,3877.733062
109.09254,820,3949.912668
80.34735,820,3949.91272
104.51538,820,3949.912738
109.33304,820,3949.912753
72.185356,820,3949.912766
109.33304,820,3949.912779
75.30171,820,3949.912792
98.25892,820,3949.912805
36.015858,820,3949.912817
85.06387,820,3949.91283
89.34503,820,3949.912843
66.39743,820,3949.912855
86.59177,820,3949.912868
109.31456,820,3949.912881
109.33304,820,3949.912894
90.81735,820,3949.912906
109.03647,820,4029.600235
69.88415,820,4029.600358
105.916695,820,4029.600384
109.33304,820,4029.600399
83.61042,820,4029.600426
109.33304,820,4029.60044
80.60693,820,4029.600453
102.16812,820,4029.600466
27.135546,820,4029.600478
85.38867,820,4029.600491
87.72583,820,4029.600503
66.068344,820,4029.600516
84.739426,820,4029.600529
109.32145,820,4029.600541
109.33304,820,4029.600554
87.90412,820,4029.600566
108.36191,820,4101.976969
80.27493,820,4101.97702
106.044174,820,4101.977041
109.33304,820,4101.977058
82.208275,820,4101.977074
109.33304,820,4101.977089
72.91099,820,4101.977108
100.73791,820,4101.977122
31.647383,820,4101.977136
79.97365,820,4101.977149
88.40165,820,4101.977162
62.813297,820,4101.977175
87.81896,820,4101.977188
109.1023,820,4101.977201
109.33304,820,4101.977215
89.31135,820,4101.977228
109.05318,820,4181.543532
79.91628,820,4181.543584
104.554474,820,4181.543603
109.33304,820,4181.543618
85.65047,820,4181.543631
109.33304,820,4181.543644
78.364006,820,4181.543658
100.64624,820,4181.54367
35.716526,820,4181.543684
80.46048,820,4181.543696
88.36174,820,4181.543709
64.42364,820,4181.543721
88.54021,820,4181.543734
109.23571,820,4181.543747
109.33304,820,4181.543759
89.88261,820,4181.543772
109.08666,820,4253.685603
74.21359,820,4253.685659
106.19896,820,4253.68568
109.33304,820,4253.685697
82.24637,820,4253.685713
109.33304,820,4253.685728
74.24653,820,4253.685743
102.29594,820,4253.685758
33.288567,820,4253.685771
80.25017,820,4253.685785
89.45286,820,4253.685798
63.216125,820,4253.685811
88.95313,820,4253.685824
109.2948,820,4253.685837
109.33304,820,4253.68585
88.723465,820,4253.685863
109.33304,820,4325.806088
79.30777,820,4325.806139
105.92008,820,4325.806161
109.33304,820,4325.806178
83.00445,820,4325.806193
109.33304,820,4325.806209
81.22425,820,4325.806223
104.795296,820,4325.806237
32.194233,820,4325.806251
77.32279,820,4325.806264
87.731415,820,4325.806278
60.861732,820,4325.806291
86.11081,820,4325.806304
109.16031,820,4325.806317
109.33304,820,4325.80633
95.0688,820,4325.806343
109.301834,820,4405.926323
77.13556,820,4405.926377
106.71498,820,4405.926397
109.33304,820,4405.926412
78.080124,820,4405.926426
109.33304,820,4405.926439
78.76496,820,4405.926452
101.7061,820,4405.926465
33.743526,820,4405.926478
79.88562,820,4405.926491
86.87754,820,4405.926504
62.042534,820,4405.926517
84.562164,820,4405.92653
109.300644,820,4405.926543
109.33304,820,4405.926557
92.786415,820,4405.926569
109.02392,820,4478.128811
79.526115,820,4478.128869
104.78663,820,4478.128932
109.33304,820,4478.128964
89.730545,820,4478.128992
109.33304,820,4478.129005
75.41147,820,4478.129019
105.93144,820,4478.129032
38.811497,820,4478.129045
86.32001,820,4478.129058
90.470345,820,4478.129071
66.368866,820,4478.129083
92.92989,820,4478.129097
109.32771,820,4478.12911
109.33304,820,4478.129123
88.84958,820,4478.129136
109.20358,820,4558.094635
71.524895,820,4558.094687
106.26934,820,4558.094708
109.33304,820,4558.094725
77.707756,820,4558.094741
109.33304,820,4558.094756
78.85987,820,4558.094771
101.67182,820,4558.094785
27.272753,820,4558.094798
85.02087,820,4558.094811
89.80866,820,4558.094824
63.403805,820,4558.094837
87.20427,820,4558.094851
109.22672,820,4558.094864
109.33304,820,4558.094877
82.73889,820,4558.09489
108.85829,820,4630.284782
77.23462,820,4630.284834
105.66877,820,4630.284853
109.33304,820,4630.284867
86.76476,820,4630.284881
109.33304,820,4630.284894
78.42679,820,4630.284907
102.3324,820,4630.28492
28.975145,820,4630.284933
83.11226,820,4630.284946
91.251045,820,4630.284959
74.50886,820,4630.284971
88.583855,820,4630.284984
109.26287,820,4630.284997
109.33304,820,4630.28501
95.88343,820,4630.285023
109.2533,820,4702.497966
79.85171,820,4702.498018
105.88854,820,4702.498039
109.33304,820,4702.498055
77.895454,820,4702.498071
109.33304,820,4702.498086
78.212494,820,4702.4981
102.9887,820,4702.498114
38.524715,820,4702.498128
87.90576,820,4702.498141
88.30401,820,4702.498155
71.3899,820,4702.498168
84.71411,820,4702.498181
109.234924,820,4702.498194
109.33304,820,4702.498207
90.37396,820,4702.498221
109.156364,820,4781.819015
72.14734,820,4781.819068
106.01833,820,4781.819087
109.33304,820,4781.819101
79.25609,820,4781.819114
109.33304,820,4781.819128
77.06308,820,4781.81914
103.193954,820,4781.819153
40.470566,820,4781.819166
86.00342,820,4781.819179
92.22116,820,4781.819192
61.18278,820,4781.819204
88.273026,820,4781.819217
109.31765,820,4781.81923
109.33304,820,4781.819243
92.39378,820,4781.819256
109.23636,820,4854.026013
72.62398,820,4854.026064
106.25289,820,4854.026083
109.33304,820,4854.026098
88.091064,820,4854.026111
109.33304,820,4854.026124
79.238815,820,4854.026137
102.825325,820,4854.02615
32.46558,820,4854.026162
77.709045,820,4854.026175
92.29369,820,4854.026188
65.95713,820,4854.0262
85.27863,820,4854.026213
109.32369,820,4854.026226
109.33304,820,4854.026238
93.31037,820,4854.026251
108.60128,820,4933.402529
69.01653,820,4933.402581
105.5316,820,4933.4026
109.33304,820,4933.402615
84.99663,820,4933.402628
109.33304,820,4933.402641
83.71138,820,4933.40266
105.450485,820,4933.402673
40.084953,820,4933.402686
85.08365,820,4933.402699
86.68583,820,4933.402711
63.32902,820,4933.402724
87.682304,820,4933.402736
109.33304,820,4933.402749
109.33304,820,4933.402761
92.5099,820,4933.402774
109.28054,820,5005.546171
75.02165,820,5005.546223
106.42635,820,5005.546244
109.33304,820,5005.546261
82.39273,820,5005.546277
109.33304,820,5005.546292
83.278564,820,5005.546307
102.30779,820,5005.546321
38.902267,820,5005.546338
75.52907,820,5005.546351
90.318214,820,5005.546365
61.08562,820,5005.546377
89.96069,820,5005.546391
109.32764,820,5005.546404
109.33304,820,5005.546417
95.66814,820,5005.546431
109.26151,820,5077.750597
72.13046,820,5077.750649
106.85749,820,5077.750668
109.33304,820,5077.750683
86.05799,820,5077.750696
109.33304,820,5077.750709
85.951744,820,5077.750722
103.14013,820,5077.750735
38.627125,820,5077.750748
77.9402,820,5077.75076
86.62464,820,5077.750773
64.00276,820,5077.750786
92.173935,820,5077.750799
109.31879,820,5077.750811
109.33304,820,5077.750824
93.93379,820,5077.750837
109.33304,820,5156.776366
71.99508,820,5156.776417
105.931946,820,5156.776436
109.33304,820,5156.776451
86.851395,820,5156.776465
109.33304,820,5156.776478
83.219406,820,5156.776491
103.38364,820,5156.776504
40.25091,820,5156.776517
79.109955,820,5156.77653
93.34514,820,5156.776543
62.734848,820,5156.776556
89.15469,820,5156.776569
109.3211,820,5156.776586
109.33304,820,5156.776607
95.99389,820,5156.776621
109.29597,820,5228.937348
80.220406,820,5228.937399
107.34168,820,5228.93742
109.33304,820,5228.937437
78.15994,820,5228.937453
109.33304,820,5228.937469
78.60259,820,5228.937484
103.30372,820,5228.937498
38.94868,820,5228.937511
86.14233,820,5228.937525
88.408104,820,5228.937538
65.47579,820,5228.937551
89.31936,820,5228.937564
109.27463,820,5228.937577
109.33304,820,5228.93759
95.39632,820,5228.937604
109.294044,820,5308.741848
82.21302,820,5308.7419
106.24735,820,5308.741922
109.33304,820,5308.74194
85.84893,820,5308.741956
109.33304,820,5308.741971
82.43807,820,5308.741986
104.609695,820,5308.742
37.314846,820,5308.742014
88.82976,820,5308.742028
92.013855,820,5308.742041
69.219864,820,5308.742054
89.56014,820,5308.742068
109.252174,820,5308.742081
109.33304,820,5308.742094
92.8884,820,5308.742107
109.28969,820,5380.877922
74.1356,820,5380.877974
106.63089,820,5380.877994
109.33304,820,5380.878008
84.160126,820,5380.878021
109.33304,820,5380.878035
79.08226,820,5380.878047
105.59212,820,5380.87806
35.77074,820,5380.878073
85.67935,820,5380.878085
92.07264,820,5380.878098
66.79473,820,5380.87811
84.371185,820,5380.878123
109.310646,820,5380.878136
109.33304,820,5380.878149
94.43995,820,5380.878162
109.33304,820,5452.881247
78.06099,820,5452.881299
105.300934,820,5452.88132
109.33304,820,5452.881338
86.22632,820,5452.881353
109.33304,820,5452.881368
78.33006,820,5452.881383
104.517395,820,5452.881397
43.63436,820,5452.881411
83.708534,820,5452.881424
86.2906,820,5452.881438
73.88246,820,5452.881451
85.69215,820,5452.881464
109.13275,820,5452.881477
109.33304,820,5452.88149
91.097466,820,5452.881504
109.04336,820,5532.224886
61.186073,820,5532.224941
106.463745,820,5532.22496
109.33304,820,5532.224975
82.61652,820,5532.224988
109.33304,820,5532.225002
79.72272,820,5532.225014
102.796616,820,5532.225027
35.942863,820,5532.22504
85.81812,820,5532.225053
89.180626,820,5532.225066
71.72896,820,5532.225079
90.28934,820,5532.225092
109.086235,820,5532.225104
109.33304,820,5532.225117
95.48645,820,5532.225131
109.33304,820,5604.338068
73.65238,820,5604.338119
105.857506,820,5604.338137
109.33304,820,5604.338152
90.27237,820,5604.338165
109.33304,820,5604.338178
75.65883,820,5604.338191
106.762825,820,5604.338203
38.295662,820,5604.338216
88.7441,820,5604.338229
90.49439,820,5604.338242
68.724754,820,5604.338254
87.77447,820,5604.338267
109.3218,820,5604.338279
109.33304,820,5604.338291
95.192764,820,5604.338304
109.33304,820,5684.154749
77.734024,820,5684.1548
105.32922,820,5684.154822
109.33304,820,5684.154839
88.87988,820,5684.154855
109.33304,820,5684.154874
79.76422,820,5684.154889
104.83468,820,5684.154903
38.36443,820,5684.154917
88.043465,820,5684.15493
90.94488,820,5684.154943
66.35522,820,5684.154956
89.28913,820,5684.154969
109.27892,820,5684.154983
109.33304,820,5684.154995
96.06163,820,5684.155008
109.24274,820,5756.282902
79.35501,820,5756.282953
106.665726,820,5756.282974
109.33304,820,5756.282991
89.5827,820,5756.283006
109.33304,820,5756.283021
78.86897,820,5756.283036
104.14044,820,5756.28305
32.922417,820,5756.283064
84.80739,820,5756.283077
90.28352,820,5756.283091
71.42412,820,5756.283103
89.07426,820,5756.283117
109.32215,820,5756.28313
109.33304,820,5756.283143
94.33465,820,5756.283156
109.26729,820,5828.6286
82.5886,820,5828.628717
106.60657,820,5828.628742
109.33304,820,5828.628771
85.964745,820,5828.628784
109.33304,820,5828.628798
76.46729,820,5828.628811
104.68681,820,5828.628823
37.237957,820,5828.628836
84.552864,820,5828.628849
90.99385,820,5828.628861
72.09697,820,5828.628874
86.457405,820,5828.628887
109.28708,820,5828.628899
109.33304,820,5828.628911
94.93943,820,5828.628924
109.19045,820,5907.351068
72.57339,820,5907.35112
106.26706,820,5907.351141
109.33304,820,5907.351157
81.52643,820,5907.351173
109.33304,820,5907.351188
82.34595,820,5907.351203
106.892845,820,5907.35127
34.506172,820,5907.351292
87.82405,820,5907.351306
92.135704,820,5907.351319
69.94815,820,5907.351331
90.102905,820,5907.351344
109.30545,820,5907.351356
109.33304,820,5907.351369
94.41342,820,5907.351381
108.58446,820,5979.354365
74.83203,820,5979.354417
104.92572,820,5979.354437
109.33304,820,5979.354454
88.92623,820,5979.354469
109.33304,820,5979.354484
78.854004,820,5979.354498
101.88417,820,5979.354512
36.506058,820,5979.354525
84.79693,820,5979.354537
88.413666,820,5979.35455
71.1795,820,5979.354564
88.26371,820,5979.354577
109.32904,820,5979.35459
109.33304,820,5979.354603
93.46095,820,5979.354616
109.29208,820,6058.635773
73.18474,820,6058.635828
105.809715,820,6058.635847
109.33304,820,6058.635862
89.29546,820,6058.635876
109.33304,820,6058.635889
78.13557,820,6058.635902
105.11193,820,6058.635915
40.34679,820,6058.635927
85.02913,820,6058.63594
92.58055,820,6058.635953
69.21648,820,6058.635966
88.12837,820,6058.635979
109.30145,820,6058.635992
109.33304,820,6058.636005
94.146286,820,6058.636018
109.303734,820,6130.822366
81.173416,820,6130.822418
106.28107,820,6130.822439
109.33304,820,6130.822456
92.751305,820,6130.822471
109.33304,820,6130.822486
79.37403,820,6130.8225
105.29925,820,6130.822514
38.456356,820,6130.822527
88.70176,820,6130.82254
91.0845,820,6130.822553
68.337585,820,6130.822567
88.78029,820,6130.82258
109.296425,820,6130.822593
109.33304,820,6130.822606
96.13452,820,6130.822619
109.02353,820,6202.904584
74.027855,820,6202.904637
106.68847,820,6202.904659
109.33304,820,6202.904676
92.381516,820,6202.904691
109.33304,820,6202.904706
79.51232,820,6202.904719
106.74583,820,6202.904733
32.68116,820,6202.904747
82.951744,820,6202.90476
88.763725,820,6202.904773
70.34294,820,6202.904786
84.93506,820,6202.904799
109.28392,820,6202.904812
109.33304,820,6202.904825
96.011955,820,6202.904838
109.106316,820,6282.247717
76.67615,820,6282.24777
106.70565,820,6282.247789
109.33304,820,6282.247804
89.89027,820,6282.247818
109.33304,820,6282.247831
77.67933,820,6282.247844
105.075035,820,6282.247857
28.346273,820,6282.24787
88.058266,820,6282.247883
93.278,820,6282.247896
75.88214,820,6282.24791
91.10031,820,6282.247922
109.265175,820,6282.247935
109.33304,820,6282.247948
91.92617,820,6282.247961
109.29127,820,6354.293898
78.98854,820,6354.29395
106.672005,820,6354.293969
109.33304,820,6354.293984
90.96995,820,6354.293997
109.33304,820,6354.29401
80.46866,820,6354.294023
106.5745,820,6354.294036
28.756191,820,6354.294048
91.86798,820,6354.294061
91.3359,820,6354.294073
71.38688,820,6354.294086
89.97741,820,6354.294099
109.24812,820,6354.294111
109.33304,820,6354.294124
94.02473,820,6354.294137
109.29576,820,6434.181664
78.1546,820,6434.181716
106.771805,820,6434.181736
109.33304,820,6434.181752
91.353775,820,6434.181767
109.33304,820,6434.18178
81.149666,820,6434.181793
104.88189,820,6434.181807
34.003014,820,6434.181822
92.31265,820,6434.181837
89.68509,820,6434.18185
73.69689,820,6434.181864
86.99536,820,6434.181877
109.32786,820,6434.18189
109.33304,820,6434.181903
96.10867,820,6434.181917
109.23983,820,6506.160519
81.71164,820,6506.16057
107.04147,820,6506.160591
109.33304,820,6506.160608
94.17934,820,6506.160623
109.33304,820,6506.160638
83.828316,820,6506.160652
105.721664,820,6506.160666
29.839108,820,6506.16068
85.440475,820,6506.160693
91.252914,820,6506.160707
67.32572,820,6506.16072
87.87029,820,6506.160733
109.2065,820,6506.160746
109.33304,820,6506.160759
92.92443,820,6506.160772
109.33304,820,6578.151814
80.023705,820,6578.151866
106.62781,820,6578.151885
109.33304,820,6578.151899
88.639175,820,6578.151912
109.33304,820,6578.151925
81.45247,820,6578.151938
107.27856,820,6578.151951
28.295063,820,6578.151964
87.03758,820,6578.151977
90.73812,820,6578.15199
68.90149,820,6578.152003
91.10541,820,6578.152016
109.31799,820,6578.152029
109.33304,820,6578.152042
97.12167,820,6578.152055
109.28809,820,6657.644294
77.688675,820,6657.644349
105.79437,820,6657.644374
109.33304,820,6657.644395
86.77545,820,6657.644411
109.33304,820,6657.644426
72.23136,820,6657.644441
107.28006,820,6657.644454
29.83825,820,6657.644468
88.616455,820,6657.644481
90.90084,820,6657.644495
63.95191,820,6657.644508
90.58543,820,6657.644521
109.31231,820,6657.644534
109.33304,820,6657.644547
95.70312,820,6657.64456
109.33304,820,6730.1006
79.43406,820,6730.100651
105.689255,820,6730.100671
109.33304,820,6730.100685
90.08059,820,6730.100699
109.33304,820,6730.100713
79.08445,820,6730.100726
105.43009,820,6730.100739
31.908663,820,6730.100751
89.33255,820,6730.100765
92.1618,820,6730.100778
67.54421,820,6730.10079
86.30017,820,6730.100803
109.32408,820,6730.100816
109.33304,820,6730.100829
92.88351,820,6730.100842
108.692,820,6810.159781
75.7446,820,6810.159833
106.73877,820,6810.159852
109.33304,820,6810.159868
84.433426,820,6810.159881
109.33304,820,6810.159895
77.99048,820,6810.159908
106.084305,820,6810.159921
30.401869,820,6810.159934
89.09569,820,6810.159946
93.80079,820,6810.159959
69.19615,820,6810.159972
89.92285,820,6810.159985
108.98734,820,6810.159997
109.33304,820,6810.16001
95.783455,820,6810.160022
109.23469,820,6882.622667
77.28245,820,6882.62272
105.519394,820,6882.622739
109.33304,820,6882.622755
89.00473,820,6882.622788
109.33304,820,6882.622802
78.40061,820,6882.622816
107.58649,820,6882.622829
32.04135,820,6882.622843
90.13963,820,6882.62287
91.720024,820,6882.622883
72.182846,820,6882.622916
88.22117,820,6882.622936
109.3135,820,6882.62297
109.33304,820,6882.622984
94.80938,820,6882.622998
109.33304,820,6954.617671
77.71757,820,6954.617723
105.932396,820,6954.617742
109.33304,820,6954.617756
83.51929,820,6954.61777
109.33304,820,6954.617783
79.39033,820,6954.617796
106.07663,820,6954.617808
30.496178,820,6954.617821
87.54895,820,6954.617834
91.82354,820,6954.617847
66.97452,820,6954.617859
87.351395,820,6954.617872
109.24824,820,6954.617884
109.33304,820,6954.617897
96.844696,820,6954.617909
109.19824,820,7034.460509
76.99244,820,7034.460561
106.38041,820,7034.46058
109.33304,820,7034.460594
85.05116,820,7034.460608
109.33304,820,7034.460621
84.36329,820,7034.460634
106.69126,820,7034.460647
40.408745,820,7034.46066
87.745155,820,7034.460673
90.62138,820,7034.460686
65.14731,820,7034.460698
90.34663,820,7034.460711
109.32383,820,7034.460725
109.33304,820,7034.460738
93.1012,820,7034.46075
109.15697,820,7106.6975
78.71927,820,7106.697553
106.21392,820,7106.697572
109.33304,820,7106.697587
89.94715,820,7106.6976
109.33304,820,7106.697614
82.34562,820,7106.697626
106.049446,820,7106.697639
33.47477,820,7106.697652
85.65632,820,7106.697664
93.32215,820,7106.697677
70.04097,820,7106.69769
89.948746,820,7106.697702
109.33131,820,7106.697716
109.33304,820,7106.697729
94.74714,820,7106.697741
109.33304,820,7186.825209
79.55108,820,7186.825261
107.70285,820,7186.825281
109.33304,820,7186.825296
93.777084,820,7186.825309
109.33304,820,7186.825322
76.8273,820,7186.825335
106.840805,820,7186.825348
37.078564,820,7186.825361
89.6435,820,7186.825373
92.770546,820,7186.825386
69.70229,820,7186.825399
86.47335,820,7186.825411
109.04011,820,7186.825424
109.33304,820,7186.825436
94.80716,820,7186.825449
109.28123,820,7258.73313
73.97997,820,7258.733181
105.92461,820,7258.733202
109.33304,820,7258.733219
95.368034,820,7258.733236
109.33304,820,7258.733251
80.38625,820,7258.733266
107.12072,820,7258.73328
34.734814,820,7258.733294
85.535385,820,7258.733307
93.528946,820,7258.73332
71.452065,820,7258.733334
89.205215,820,7258.733347
109.27849,820,7258.73336
109.33304,820,7258.733374
94.28299,820,7258.733387
109.28896,820,7331.029617
72.23396,820,7331.029674
105.7362,820,7331.029694
109.33304,820,7331.029708
89.52877,820,7331.029723
109.33304,820,7331.029736
79.7974,820,7331.029749
103.17014,820,7331.029762
33.164677,820,7331.029775
90.37417,820,7331.029788
93.99005,820,7331.0298
70.31864,820,7331.029839
90.20919,820,7331.029853
109.32595,820,7331.029871
109.33304,820,7331.029888
95.75969,820,7331.029903
109.09473,820,7410.826153
79.65502,820,7410.826204
105.57594,820,7410.826225
109.33304,820,7410.826248
91.78903,820,7410.826264
109.33304,820,7410.826279
84.48125,820,7410.826294
104.226776,820,7410.826308
29.151726,820,7410.826321
88.83381,820,7410.826338
88.974075,820,7410.826352
64.308,820,7410.826365
89.816414,820,7410.826379
109.30127,820,7410.826392
109.33304,820,7410.826405
95.67586,820,7410.826418
109.243614,820,7482.842245
78.65462,820,7482.842296
106.44071,820,7482.842314
109.33304,820,7482.84233
90.71227,820,7482.842343
109.33304,820,7482.842356
82.38236,820,7482.842369
104.80076,820,7482.842382
35.52201,820,7482.842395
88.12039,820,7482.842408
93.68778,820,7482.842421
63.67708,820,7482.842434
89.23214,820,7482.84245
109.33142,820,7482.842463
109.33304,820,7482.842476
94.21113,820,7482.842489
108.57367,820,7562.910052
80.81232,820,7562.910105
106.638306,820,7562.910126
109.33304,820,7562.910142
89.15502,820,7562.910158
109.33304,820,7562.910173
80.48458,820,7562.910187
105.04131,820,7562.910201
39.164497,820,7562.910217
87.22858,820,7562.910231
91.989265,820,7562.910244
67.569244,820,7562.910257
88.29258,820,7562.91027
109.32745,820,7562.910283
109.33304,820,7562.910296
95.29323,820,7562.910309
109.301926,820,7635.846352
82.277504,820,7635.846469
106.11401,820,7635.846494
109.33304,820,7635.846522
91.99736,820,7635.846535
109.33304,820,7635.846548
81.74289,820,7635.84656
107.20163,820,7635.846573
31.539858,820,7635.846586
86.163704,820,7635.846598
92.09939,820,7635.846611
72.3553,820,7635.846624
92.87721,820,7635.846636
109.324295,820,7635.846649
109.33304,820,7635.846661
91.060394,820,7635.846674
109.23669,820,7707.926026
69.9445,820,7707.926079
104.15662,820,7707.9261
109.33304,820,7707.926118
91.48582,820,7707.926135
109.33304,820,7707.92615
79.23492,820,7707.926165
106.159904,820,7707.926178
31.03318,820,7707.926192
90.48001,820,7707.926205
90.616745,820,7707.926219
72.18474,820,7707.926232
87.02659,820,7707.926245
109.32039,820,7707.926258
109.33304,820,7707.926271
95.66116,820,7707.926284
108.98416,820,7787.201244
79.822655,820,7787.201296
106.37263,820,7787.201318
109.33304,820,7787.201334
94.8884,820,7787.20135
109.33304,820,7787.201365
79.74273,820,7787.201379
106.97029,820,7787.201392
32.878456,820,7787.201406
89.435425,820,7787.201422
93.38988,820,7787.201436
67.42098,820,7787.201449
89.99578,820,7787.201462
109.31956,820,7787.201475
109.33304,820,7787.201489
96.15631,820,7787.201502
109.33304,820,7859.346092
79.66351,820,7859.346144
106.21441,820,7859.346165
109.33304,820,7859.346182
95.04935,820,7859.346199
109.33304,820,7859.346214
79.15304,820,7859.346229
104.59538,820,7859.346243
37.11307,820,7859.346257
85.47661,820,7859.34627
89.74805,820,7859.346283
69.78963,820,7859.346296
90.34333,820,7859.346309
109.30947,820,7859.346323
109.33304,820,7859.346336
96.09367,820,7859.346349
109.13227,820,7939.340666
79.32477,820,7939.340718
106.66604,820,7939.340739
109.33304,820,7939.340757
93.25994,820,7939.340773
109.33304,820,7939.340788
82.12044,820,7939.340803
106.940155,820,7939.340817
32.586376,820,7939.340831
84.91927,820,7939.340844
92.85349,820,7939.340858
71.64217,820,7939.340871
89.21322,820,7939.340884
109.310776,820,7939.340897
109.33304,820,7939.340911
96.07428,820,7939.340924
109.09359,820,8011.156457
79.100136,820,8011.156509
105.57616,820,8011.156528
109.33304,820,8011.156543
91.54618,820,8011.156557
109.33304,820,8011.15657
83.536835,820,8011.156583
104.911476,820,8011.156596
32.91221,820,8011.156609
90.051926,820,8011.156622
90.67394,820,8011.156635
66.486115,820,8011.156647
88.76705,820,8011.15666
109.316284,820,8011.156673
109.33304,820,8011.156686
94.80937,820,8011.156699
108.827446,820,8083.398259
79.17006,820,8083.39831
105.54355,820,8083.398331
109.33304,820,8083.398348
94.143845,820,8083.398365
109.33304,820,8083.39838
89.61927,820,8083.398395
104.833755,820,8083.398413
38.893288,820,8083.39843
87.45183,820,8083.398444
91.130936,820,8083.398457
70.08571,820,8083.398471
86.65544,820,8083.398484
109.28809,820,8083.398497
109.33304,820,8083.39851
95.76156,820,8083.398523
109.33304,820,8163.44516
82.13389,820,8163.445212
106.88581,820,8163.445231
109.33304,820,8163.445246
88.154564,820,8163.445259
109.33304,820,8163.445271
81.79952,820,8163.445284
107.10377,820,8163.445297
40.549095,820,8163.445309
87.18146,820,8163.445322
91.41307,820,8163.445335
71.099236,820,8163.445348
86.4231,820,8163.445361
109.16256,820,8163.445374
109.33304,820,8163.445386
94.97971,820,8163.445399
109.30354,820,8235.486749
86.8918,820,8235.486801
106.74045,820,8235.48682
109.33304,820,8235.486835
91.38462,820,8235.486848
109.33304,820,8235.486861
80.90299,820,8235.486874
105.273125,820,8235.486886
42.322685,820,8235.486899
88.39347,820,8235.486911
89.23204,820,8235.486924
69.62999,820,8235.486937
87.772896,820,8235.486949
109.309555,820,8235.486962
109.33304,820,8235.486974
95.065765,820,8235.486987
109.33304,820,8315.126587
82.90135,820,8315.126639
106.997025,820,8315.126657
109.33304,820,8315.126672
94.23223,820,8315.126685
109.33304,820,8315.126698
84.280266,820,8315.126711
106.02929,820,8315.126724
36.384327,820,8315.126737
83.55485,820,8315.126749
90.91271,820,8315.126762
74.60358,820,8315.126775
90.82185,820,8315.126787
109.30289,820,8315.1268
109.33304,820,8315.126813
95.72011,820,8315.126825
109.33304,820,8386.98933
79.65887,820,8386.989382
106.514946,820,8386.989402
109.33304,820,8386.989419
92.46454,820,8386.989435
109.33304,820,8386.98945
79.0367,820,8386.989464
106.007545,820,8386.989478
41.853477,820,8386.989492
86.4335,820,8386.989505
94.033676,820,8386.989518
73.35263,820,8386.989532
90.03568,820,8386.989545
109.30248,820,8386.989558
109.33304,820,8386.989571
97.00152,820,8386.989589
108.74927,820,8458.953265
77.88832,820,8458.953317
106.70204,820,8458.953336
109.33304,820,8458.953351
88.87756,820,8458.953364
109.33304,820,8458.953377
77.2526,820,8458.95339
105.4213,820,8458.953404
30.35646,820,8458.953417
85.19082,820,8458.953429
92.61633,820,8458.953442
67.37738,820,8458.953455
93.55321,820,8458.953468
109.29219,820,8458.953481
109.33304,820,8458.953494
93.63546,820,8458.953507
108.95204,820,8537.812465
81.62893,820,8537.812517
105.39142,820,8537.812535
109.33304,820,8537.81255
94.19871,820,8537.812563
109.33304,820,8537.812577
83.10281,820,8537.81259
104.58574,820,8537.812603
35.87831,820,8537.812616
85.53078,820,8537.812628
93.48951,820,8537.812641
66.55833,820,8537.812654
92.109856,820,8537.812666
109.31871,820,8537.812679
109.33304,820,8537.812691
95.81321,820,8537.812704
109.29598,820,8609.995905
83.44265,820,8609.995958
106.39828,820,8609.995977
109.33304,820,8609.995992
94.23175,820,8609.996006
109.33304,820,8609.996018
81.62233,820,8609.996031
105.912346,820,8609.996044
38.25786,820,8609.996057
90.47638,820,8609.99607
95.73922,820,8609.996083
65.953766,820,8609.996095
87.340355,820,8609.996108
109.24716,820,8609.996121
109.33304,820,8609.996134
95.00368,820,8609.996146
109.25597,820,8689.700085
80.765,820,8689.700137
105.14439,820,8689.700156
109.33304,820,8689.700171
92.98955,820,8689.700185
109.33304,820,8689.700198
83.3292,820,8689.700211
107.2775,820,8689.700223
34.91063,820,8689.700236
87.227005,820,8689.700248
92.518875,820,8689.700261
66.76986,820,8689.700277
91.026306,820,8689.70029
109.06415,820,8689.700303
109.33304,820,8689.700316
93.35209,820,8689.700329
109.29827,820,8761.451925
80.20759,820,8761.451976
105.65922,820,8761.451995
109.33304,820,8761.452009
94.661766,820,8761.452023
109.33304,820,8761.452036
77.58477,820,8761.452049
106.10915,820,8761.452063
39.150055,820,8761.452075
91.75558,820,8761.452088
95.303185,820,8761.452101
67.895134,820,8761.452114
87.978134,820,8761.452127
109.07581,820,8761.45214
109.33304,820,8761.452153
93.42717,820,8761.452166
109.29538,820,8833.652894
82.80355,820,8833.652945
104.80733,820,8833.652968
109.33304,820,8833.652987
92.880424,820,8833.653001
109.33304,820,8833.653014
80.08238,820,8833.653027
105.91023,820,8833.65304
26.045853,820,8833.653053
87.60257,820,8833.653065
92.28108,820,8833.653078
68.29529,820,8833.653091
85.675674,820,8833.653103
109.32725,820,8833.653116
109.33304,820,8833.653129
94.07123,820,8833.653141
109.33304,820,8913.599078
77.751884,820,8913.59915
107.157555,820,8913.599218
109.33304,820,8913.599265
89.094246,820,8913.599329
109.33304,820,8913.59936
83.40086,820,8913.599384
107.19481,820,8913.599399
33.08204,820,8913.599412
87.43757,820,8913.599426
92.10115,820,8913.599439
71.28064,820,8913.599452
91.848785,820,8913.599464
109.30448,820,8913.599477
109.33304,820,8913.59949
95.21219,820,8913.599504
109.33304,820,8985.596548
81.49693,820,8985.596601
107.09391,820,8985.596621
109.33304,820,8985.596638
93.58331,820,8985.596654
109.33304,820,8985.596669
77.37821,820,8985.596684
105.74604,820,8985.596698
34.1628,820,8985.596711
87.19734,820,8985.59673
89.18261,820,8985.596743
64.36694,820,8985.596756
92.27951,820,8985.596769
109.30781,820,8985.596782
109.33304,820,8985.596795
95.161896,820,8985.596808
109.201,820,9064.470169
84.24802,820,9064.470223
106.559166,820,9064.470244
109.33304,820,9064.470261
90.01771,820,9064.470276
109.33304,820,9064.470291
82.9634,820,9064.470306
106.22939,820,9064.470319
34.279858,820,9064.470333
89.44779,820,9064.470346
91.970345,820,9064.470359
66.03865,820,9064.470372
92.61729,820,9064.470385
109.24616,820,9064.470398
109.33304,820,9064.470411
93.41155,820,9064.470424
109.186165,820,9136.36407
82.63319,820,9136.364121
107.34689,820,9136.36414
109.33304,820,9136.364155
90.03858,820,9136.364168
109.33304,820,9136.364181
80.72473,820,9136.364194
107.521736,820,9136.364207
30.27375,820,9136.36422
83.742516,820,9136.364232
87.90245,820,9136.364245
72.44865,820,9136.364258
91.38853,820,9136.36427
109.15124,820,9136.364285
109.33304,820,9136.364299
96.57755,820,9136.364312
109.27277,820,9208.468356
81.121056,820,9208.468407
105.285324,820,9208.468426
109.33304,820,9208.468441
87.75152,820,9208.468455
109.33304,820,9208.468468
83.20644,820,9208.468481
107.05274,820,9208.468494
36.888885,820,9208.468506
86.39619,820,9208.468519
88.06246,820,9208.468532
73.52802,820,9208.468544
90.823906,820,9208.468557
109.33304,820,9208.46857
109.33304,820,9208.468583
94.0852,820,9208.468596
108.6596,820,9288.241719
80.42096,820,9288.241771
105.63436,820,9288.24179
109.33304,820,9288.241805
93.63905,820,9288.241819
109.33304,820,9288.241833
85.863945,820,9288.241846
107.36422,820,9288.241859
36.635452,820,9288.241872
89.80313,820,9288.241885
92.74473,820,9288.241898
70.42648,820,9288.241911
88.89552,820,9288.241924
109.272514,820,9288.241936
109.33304,820,9288.241949
97.12341,820,9288.241962
109.2892,820,9360.243961
84.36762,820,9360.244013
106.052956,820,9360.244034
109.33304,820,9360.244052
94.458015,820,9360.244068
109.33304,820,9360.244083
79.56222,820,9360.244098
106.851845,820,9360.244112
35.124184,820,9360.244126
88.1669,820,9360.244139
91.29019,820,9360.244152
71.63568,820,9360.244165
89.424706,820,9360.244179
109.28086,820,9360.244192
109.33304,820,9360.244205
95.3874,820,9360.244218
109.30422,820,9439.270118
79.97745,820,9439.270237
106.29231,820,9439.270264
109.33304,820,9439.27028
94.86141,820,9439.270294
109.33304,820,9439.27032
84.542145,820,9439.270333
106.5655,820,9439.270346
26.645758,820,9439.270359
88.33863,820,9439.270372
89.70351,820,9439.270385
71.65204,820,9439.270397
87.787224,820,9439.27041
109.322716,820,9439.270423
109.33304,820,9439.270436
95.87108,820,9439.270448
109.26521,820,9511.35875
83.60374,820,9511.358801
106.59857,820,9511.358822
109.33304,820,9511.358839
90.61585,820,9511.358855
109.33304,820,9511.35887
82.24733,820,9511.358885
105.17832,820,9511.3589
34.731354,820,9511.358913
88.198235,820,9511.358927
90.060165,820,9511.35894
74.34682,820,9511.358954
91.65176,820,9511.358967
109.3089,820,9511.358985
109.33304,820,9511.359001
94.849236,820,9511.359015
109.057846,820,9583.278003
86.81913,820,9583.278055
106.51937,820,9583.278076
109.33304,820,9583.278093
92.95036,820,9583.278109
109.33304,820,9583.278123
82.90103,820,9583.278138
107.23322,820,9583.278151
32.194332,820,9583.278164
85.31461,820,9583.278177
94.20966,820,9583.27819
67.40081,820,9583.278203
90.91518,820,9583.278216
109.25027,820,9583.278228
109.33304,820,9583.278241
93.02934,820,9583.278254
109.33304,820,9663.049127
81.18527,820,9663.04918
106.82375,820,9663.049199
109.33304,820,9663.049214
95.53459,820,9663.049228
109.33304,820,9663.049241
76.48611,820,9663.049254
107.301735,820,9663.049267
39.019695,820,9663.049279
87.694954,820,9663.049292
91.07746,820,9663.049305
70.13603,820,9663.049317
92.47083,820,9663.049329
109.27149,820,9663.049342
109.33304,820,9663.049355
94.860214,820,9663.049367
109.2971,820,9735.133891
80.85616,820,9735.133942
105.83614,820,9735.133963
109.33304,820,9735.133981
96.241516,820,9735.133998
109.33304,820,9735.134018
83.86685,820,9735.134033
106.41685,820,9735.134047
26.469955,820,9735.134061
89.29219,820,9735.134074
91.91543,820,9735.134088
70.33915,820,9735.134101
91.82761,820,9735.134114
109.277695,820,9735.134127
109.33304,820,9735.13414
93.58819,820,9735.134154
109.054886,820,9815.135845
74.30899,820,9815.135898
107.43264,820,9815.135917
109.33304,820,9815.135932
94.667366,820,9815.135946
109.33304,820,9815.135958
85.99882,820,9815.135971
106.907364,820,9815.135984
39.410145,820,9815.135996
87.72778,820,9815.136009
92.23255,820,9815.136022
70.759125,820,9815.136034
92.56161,820,9815.136047
109.32579,820,9815.13606
109.33304,820,9815.136072
94.184265,820,9815.136085
109.27895,820,9886.981378
80.28206,820,9886.98143
106.53225,820,9886.98145
109.33304,820,9886.981467
96.77725,820,9886.981482
109.33304,820,9886.981497
75.53237,820,9886.98151
108.075294,820,9886.981524
31.88786,820,9886.981538
88.312294,820,9886.981551
93.9455,820,9886.981564
72.90436,820,9886.981577
91.184586,820,9886.98159
109.30373,820,9886.981603
109.33304,820,9886.981616
95.78843,820,9886.981629
109.234474,820,9959.207656
83.60811,820,9959.207708
106.668434,820,9959.207727
109.33304,820,9959.207742
96.72551,820,9959.207756
109.33304,820,9959.207769
83.64953,820,9959.207782
105.06551,820,9959.207795
31.553156,820,9959.207808
87.92635,820,9959.207821
91.85638,820,9959.207835
71.381805,820,9959.207848
92.22431,820,9959.20786
109.29563,820,9959.207874
109.33304,820,9959.207886
94.31339,820,9959.207899
109.16322,820,10038.981335
78.160286,820,10038.981388
106.90894,820,10038.981408
109.33304,820,10038.981423
95.00725,820,10038.981437
109.33304,820,10038.98145
84.147705,820,10038.981464
107.58078,820,10038.981477
26.228262,820,10038.98149
83.62488,820,10038.981503
94.92411,820,10038.981516
69.80742,820,10038.981529
90.660194,820,10038.981542
109.281235,820,10038.981555
109.33304,820,10038.981568
95.027794,820,10038.981581
109.28367,820,10110.954376
83.571266,820,10110.954427
107.12656,820,10110.954446
109.33304,820,10110.95446
92.94115,820,10110.954474
109.33304,820,10110.954487
80.032974,820,10110.9545
108.24046,820,10110.954513
32.849045,820,10110.954526
86.70916,820,10110.954539
94.32562,820,10110.954551
70.18691,820,10110.954564
90.738594,820,10110.954577
109.14831,820,10110.95459
109.33304,820,10110.954602
95.98826,820,10110.954615
109.236984,820,10189.769403
82.09788,820,10189.769456
105.45636,820,10189.769477
109.33304,820,10189.769494
93.291115,820,10189.76951
109.33304,820,10189.769526
79.71434,820,10189.76954
107.64489,820,10189.769554
34.718533,820,10189.769567
89.43955,820,10189.76958
91.16264,820,10189.769594
66.462074,820,10189.769607
92.90964,820,10189.76962
109.27444,820,10189.769633
109.33304,820,10189.769646
91.23878,820,10189.769658
109.28342,820,10261.68361
81.864334,820,10261.683662
106.58258,820,10261.683683
109.33304,820,10261.6837
89.28214,820,10261.683716
109.33304,820,10261.683736
83.73067,820,10261.683753
106.05579,820,10261.683768
32.78527,820,10261.683782
86.460556,820,10261.683796
88.62859,820,10261.68381
75.37719,820,10261.683823
93.722145,820,10261.683836
109.32916,820,10261.683849
109.33304,820,10261.683863
94.971886,820,10261.683876
108.807655,820,10333.907263
82.56691,820,10333.907315
106.99592,820,10333.907333
109.33304,820,10333.907348
92.236916,820,10333.907361
109.33304,820,10333.907375
81.55821,820,10333.907388
106.440605,820,10333.907401
31.23092,820,10333.907414
90.53731,820,10333.907427
93.09951,820,10333.907439
61.407173,820,10333.907452
91.251656,820,10333.907465
109.304794,820,10333.907478
109.33304,820,10333.907491
92.95516,820,10333.907504
109.33304,820,10413.36219
84.77726,820,10413.362245
106.73044,820,10413.362278
109.33304,820,10413.362293
92.159775,820,10413.362307
109.33304,820,10413.362321
86.81019,820,10413.362334
107.27489,820,10413.362347
34.628933,820,10413.36236
89.29828,820,10413.362373
93.26108,820,10413.362386
71.330795,820,10413.362399
91.876144,820,10413.362411
109.31348,820,10413.362424
109.33304,820,10413.362437
93.97729,820,10413.362449
108.44148,820,10485.528678
83.60892,820,10485.52873
106.23211,820,10485.528748
109.33304,820,10485.528763
93.300934,820,10485.528776
109.33304,820,10485.528789
86.36039,820,10485.528802
106.9744,820,10485.528815
35.586052,820,10485.528828
84.319176,820,10485.528841
92.726654,820,10485.528854
71.13281,820,10485.528866
92.16445,820,10485.528879
109.332855,820,10485.528892
109.33304,820,10485.528904
93.14527,820,10485.528917
109.09144,820,10564.31438
79.995705,820,10564.314433
106.67941,820,10564.314454
109.33304,820,10564.314469
97.57648,820,10564.314485
109.33304,820,10564.314499
82.99644,820,10564.314513
106.70028,820,10564.314528
31.100643,820,10564.314541
91.717026,820,10564.314554
91.86608,820,10564.314567
69.222595,820,10564.31458
89.69913,820,10564.314594
109.328285,820,10564.314607
109.33304,820,10564.31462
89.54018,820,10564.314634
109.33304,820,10636.477868
79.26515,820,10636.47792
104.854065,820,10636.477941
109.33304,820,10636.477958
90.87159,820,10636.477973
109.33304,820,10636.477988
85.312355,820,10636.478003
107.76363,820,10636.478017
38.20836,820,10636.478031
88.522095,820,10636.478044
93.37613,820,10636.478058
68.44782,820,10636.478071
87.650475,820,10636.478084
109.33181,820,10636.478098
109.33304,820,10636.478111
95.64893,820,10636.478124
109.26496,820,10708.732707
79.83009,820,10708.732759
104.77624,820,10708.732778
109.33304,820,10708.732793
87.097084,820,10708.732807
109.33304,820,10708.73282
84.451675,820,10708.732834
106.30438,820,10708.732847
38.981277,820,10708.732859
84.43116,820,10708.732872
94.63383,820,10708.732885
74.542305,820,10708.732898
91.46569,820,10708.73291
109.33304,820,10708.732923
109.33304,820,10708.732936
96.01027,820,10708.732949
108.998634,820,10788.3198
82.14188,820,10788.319853
104.82568,820,10788.319874
109.33304,820,10788.319891
93.538765,820,10788.319907
109.33304,820,10788.319923
86.57868,820,10788.319938
104.67978,820,10788.319952
28.32399,820,10788.319966
91.51921,820,10788.319979
90.27116,820,10788.319993
73.1536,820,10788.320006
90.16921,820,10788.320019
109.24895,820,10788.320033
109.33304,820,10788.320046
94.64015,820,10788.32006
108.9527,820,10860.472771
80.11622,820,10860.472823
106.82291,820,10860.472842
109.33304,820,10860.472856
91.51827,820,10860.472869
109.33304,820,10860.472883
84.00412,820,10860.472895
107.67106,820,10860.472908
40.024826,820,10860.472921
86.46106,820,10860.472934
91.60713,820,10860.472946
60.870087,820,10860.472962
90.82724,820,10860.472975
109.28122,820,10860.472988
109.33304,820,10860.473001
95.30565,820,10860.473014
109.050064,820,10940.27341
80.005844,820,10940.273462
107.22162,820,10940.273483
109.33304,820,10940.2735
92.53405,820,10940.273515
109.33304,820,10940.27353
84.816216,820,10940.273544
105.65604,820,10940.273558
35.814037,820,10940.273571
87.221695,820,10940.273584
91.583015,820,10940.273601
72.559906,820,10940.273617
90.61904,820,10940.27363
109.25519,820,10940.273643
109.33304,820,10940.273657
93.547714,820,10940.27367
108.98618,820,11012.497405
83.16464,820,11012.497454
106.683945,820,11012.497475
109.33304,820,11012.497493
94.3022,820,11012.497508
109.33304,820,11012.497523
83.51035,820,11012.497537
107.5399,820,11012.497552
34.188354,820,11012.497566
84.20131,820,11012.497579
94.11856,820,11012.497593
65.943115,820,11012.497606
91.08954,820,11012.497619
109.31893,820,11012.497633
109.33304,820,11012.497646
95.91117,820,11012.497659
109.33304,820,11084.571888
77.80214,820,11084.57194
105.30514,820,11084.571959
109.33304,820,11084.571975
89.25121,820,11084.571989
109.33304,820,11084.572002
81.9802,820,11084.572016
106.19026,820,11084.572029
35.59809,820,11084.572042
88.18303,820,11084.572055
92.03649,820,11084.572067
69.02947,820,11084.57208
90.096855,820,11084.572093
109.25756,820,11084.572107
109.33304,820,11084.57212
94.9093,820,11084.572132
109.33304,820,11164.75553
83.02764,820,11164.755581
107.63887,820,11164.7556
109.33304,820,11164.755614
91.01329,820,11164.755627
109.33304,820,11164.75564
84.75712,820,11164.755652
106.5556,820,11164.755664
32.321995,820,11164.755676
89.60908,820,11164.755689
93.25488,820,11164.755701
69.008095,820,11164.755714
89.78983,820,11164.755727
109.30457,820,11164.755739
109.33304,820,11164.755751
95.04847,820,11164.755764
109.08856,820,11236.882719
79.70797,820,11236.882845
105.153984,820,11236.882871
109.33304,820,11236.882887
92.644295,820,11236.882914
109.33304,820,11236.882928
82.511856,820,11236.882941
106.66883,820,11236.882954
29.803812,820,11236.882967
89.722176,820,11236.88298
92.47668,820,11236.882993
66.254974,820,11236.883005
91.67416,820,11236.883018
109.316216,820,11236.883031
109.33304,820,11236.883045
94.466515,820,11236.883058
108.81406,820,11316.090357
80.3166,820,11316.090409
106.21181,820,11316.090428
109.33304,820,11316.090442
93.41504,820,11316.090456
109.33304,820,11316.090468
82.221924,820,11316.090481
107.60472,820,11316.090494
29.240591,820,11316.090507
92.83664,820,11316.09052
93.374954,820,11316.090533
62.71342,820,11316.090546
88.29126,820,11316.090558
109.3174,820,11316.090571
109.33304,820,11316.090583
95.35356,820,11316.090596
109.14864,820,11388.016997
79.212456,820,11388.017049
105.93651,820,11388.017068
109.33304,820,11388.017083
96.08358,820,11388.017097
109.33304,820,11388.01711
83.70553,820,11388.017123
103.156685,820,11388.017135
32.832943,820,11388.017148
85.31866,820,11388.01716
91.50278,820,11388.017173
72.42646,820,11388.017186
92.38506,820,11388.017198
109.307976,820,11388.01721
109.33304,820,11388.017222
95.74907,820,11388.017235
109.297226,820,11459.853075
80.76258,820,11459.853142
105.73368,820,11459.853161
109.33304,820,11459.853176
92.53395,820,11459.85319
109.33304,820,11459.853203
80.94734,820,11459.853216
107.84371,820,11459.853229
34.05601,820,11459.853242
94.75242,820,11459.853255
93.22582,820,11459.853268
70.00224,820,11459.853281
90.16012,820,11459.853294
109.26548,820,11459.853307
109.33304,820,11459.85332
92.93512,820,11459.853333
109.05905,820,11538.589922
79.24582,820,11538.589974
102.67351,820,11538.589994
109.33304,820,11538.59001
94.144516,820,11538.590023
109.33304,820,11538.590037
83.12454,820,11538.59005
108.32324,820,11538.590063
38.309372,820,11538.590076
83.87425,820,11538.590089
92.37745,820,11538.590102
68.09112,820,11538.590115
90.07022,820,11538.590128
109.32039,820,11538.590141
109.33304,820,11538.590154
90.59425,820,11538.590167
109.33304,820,11610.71153
81.931725,820,11610.711582
106.35814,820,11610.711603
109.33304,820,11610.71162
94.447815,820,11610.711636
109.33304,820,11610.711651
79.48651,820,11610.711666
107.02395,820,11610.71168
30.416044,820,11610.711694
85.32352,820,11610.711707
93.944374,820,11610.71172
71.788,820,11610.711734
91.49664,820,11610.711747
109.300766,820,11610.71176
109.33304,820,11610.711774
96.14579,820,11610.711856
