#{"t_start": 1755466209.7871127, "env_id": "None"}
r,l,t
0.0,820,44.946001
4.7683716e-07,820,44.946068
0.0,820,44.946096
0.0,820,44.946115
-6.3329935e-08,820,44.946132
0.0,820,44.94615
-1.5600009,820,44.946166
-0.42999998,820,44.946182
-1.4800035,820,44.946199
-1.240001,820,44.946215
-0.18000261,820,44.946231
-4.61936e-07,820,44.946248
-0.12000063,820,44.946264
0.0,820,44.946281
0.0,820,44.946296
-1.1920929e-07,820,44.946312
0.0,820,85.526249
-7.4505806e-07,820,85.526309
0.0,820,85.526334
0.0,820,85.526353
-1.2293458e-07,820,85.526369
0.0,820,85.526386
-9.536743e-07,820,85.526402
-5.5879354e-09,820,85.526419
-0.10000143,820,85.526435
-3.1000009,820,85.526452
-0.21000184,820,85.526469
-0.13000032,820,85.526485
-4.7683716e-07,820,85.528128
0.0,820,85.528149
0.0,820,85.528161
-2.9802322e-07,820,85.52817
0.0,820,132.596038
8.940697e-08,820,132.596077
0.0,820,132.596092
0.0,820,132.596102
4.4703484e-08,820,132.596111
0.0,820,132.596121
-2.9802322e-07,820,132.596129
-4.4703484e-08,820,132.596139
-1.3699987,820,132.596148
-8.34465e-07,820,132.596157
-0.28000247,820,132.596166
1.0803342e-07,820,132.596176
-7.4505806e-07,820,132.596185
0.0,820,132.596194
0.0,820,132.596203
-4.172325e-07,820,132.596211
0.0,820,175.244333
-7.1525574e-07,820,175.244372
0.0,820,175.244386
0.0,820,175.244396
-5.9604645e-08,820,175.244406
0.0,820,175.244415
-4.7311187e-07,820,175.244424
-1.4901161e-07,820,175.244433
-0.049999822,820,175.244443
-2.0861626e-07,820,175.244453
1.437962e-06,820,175.244462
-2.0861626e-07,820,175.244472
-3.874302e-07,820,175.244481
0.0,820,175.24449
0.0,820,175.244499
-2.7567148e-07,820,175.244508
0.0,820,222.699133
-5.9604645e-07,820,222.699172
0.0,820,222.699188
0.0,820,222.699198
-2.4214387e-07,820,222.699207
0.0,820,222.699216
-4.7683716e-07,820,222.699225
4.4703484e-08,820,222.699235
-0.8699995,820,222.699244
-2.3469329e-07,820,222.699254
-0.19000047,820,222.699263
-5.2154064e-08,820,222.699272
1.4528632e-07,820,222.699282
0.0,820,222.699291
0.0,820,222.6993
-1.527369e-07,820,222.699309
0.0,820,265.231407
-5.9604645e-07,820,265.231447
0.0,820,265.231464
0.0,820,265.231476
-2.9429793e-07,820,265.231487
0.0,820,265.231498
-0.11000042,820,265.231508
4.8428774e-08,820,265.231519
-0.3699994,820,265.231529
-2.9057264e-07,820,265.231539
-0.20000154,820,265.231549
-0.070000075,820,265.231559
-2.30968e-07,820,265.231569
0.0,820,265.231578
0.0,820,265.231587
4.4703484e-08,820,265.231596
0.0,820,307.425337
-6.2584877e-07,820,307.42538
-3.7252903e-09,820,307.425395
0.0,820,307.425406
-8.940697e-08,820,307.425416
0.0,820,307.425425
4.4703484e-08,820,307.425434
-0.020000074,820,307.425443
-1.3560057e-06,820,307.425453
-6.2957406e-07,820,307.425462
-0.13000034,820,307.425472
-0.07000009,820,307.425481
-1.5646219e-07,820,307.42549
0.0,820,307.4255
0.0,820,307.425509
0.0,820,307.425517
0.0,820,354.617964
1.4901161e-07,820,354.618006
0.0,820,354.618021
0.0,820,354.618031
0.0,820,354.61804
0.0,820,354.618049
-1.6093254e-06,820,354.618057
6.3329935e-08,820,354.618067
-0.050000533,820,354.618077
5.9604645e-08,820,354.618087
-0.120001465,820,354.618096
-1.4901161e-07,820,354.618106
-3.7252903e-09,820,354.618115
0.0,820,354.618125
0.0,820,354.618133
-1.4901161e-08,820,354.618142
0.0,820,396.301674
-4.61936e-07,820,396.301709
0.0,820,396.301723
0.0,820,396.301733
-5.9604645e-08,820,396.301742
0.0,820,396.301752
-2.9802322e-08,820,396.301761
0.0,820,396.30177
-0.61000097,820,396.301779
-4.991889e-07,820,396.301788
-0.21000034,820,396.301798
1.4901161e-07,820,396.301807
-3.5762787e-07,820,396.301816
0.0,820,396.301826
0.0,820,396.301834
-2.9802322e-08,820,396.301843
0.0,820,443.272238
-4.7683716e-07,820,443.27228
0.0,820,443.272297
0.0,820,443.272309
-2.9802322e-08,820,443.272321
0.0,820,443.272333
-5.066395e-07,820,443.272344
-1.4901161e-08,820,443.272357
-0.07999933,820,443.272369
-2.8312206e-07,820,443.272381
-0.3600008,820,443.272393
-1.4156103e-07,820,443.272405
-3.874302e-07,820,443.272417
0.0,820,443.272472
0.0,820,443.272489
-2.1979213e-07,820,443.272501
0.0,820,485.271775
-2.3841858e-07,820,485.271817
0.0,820,485.271832
0.0,820,485.271842
2.9802322e-08,820,485.271851
0.0,820,485.271861
-8.940697e-08,820,485.27187
-8.940697e-08,820,485.271879
-0.8200015,820,485.271889
-0.039999872,820,485.271898
-2.9802322e-08,820,485.271908
-2.1606684e-07,820,485.271917
0.0,820,485.271926
0.0,820,485.271935
0.0,820,485.271944
-1.7881393e-07,820,485.271952
0.0,820,527.045261
-1.0430813e-07,820,527.0453
0.0,820,527.045317
0.0,820,527.045329
-2.9802322e-08,820,527.045341
0.0,820,527.045353
-2.3841858e-07,820,527.045364
-1.4901161e-08,820,527.045376
1.1622906e-06,820,527.045388
1.8626451e-07,820,527.0454
-2.0861626e-07,820,527.045412
8.195639e-08,820,527.045424
-1.7881393e-07,820,527.045436
0.0,820,527.045448
0.0,820,527.045459
-1.3411045e-07,820,527.04547
0.0,820,574.263136
-1.4901161e-07,820,574.263176
0.0,820,574.263194
0.0,820,574.263207
-1.4901161e-08,820,574.26322
0.0,820,574.263233
-2.2351742e-07,820,574.263245
4.4703484e-08,820,574.263257
-0.20999962,820,574.263271
-0.019999947,820,574.263284
-4.209578e-07,820,574.263296
-0.07000001,820,574.263308
-1.1175871e-07,820,574.263319
0.0,820,574.263331
0.0,820,574.263342
1.1920929e-07,820,574.263353
0.0,820,616.103891
-3.874302e-07,820,616.103925
0.0,820,616.103942
0.0,820,616.103953
0.0,820,616.103964
0.0,820,616.103974
-2.9802322e-08,820,616.103984
-0.02,820,616.103995
-5.9604645e-08,820,616.104005
-1.1175871e-08,820,616.104016
-0.16000012,820,616.104026
-1.1175871e-08,820,616.104036
0.0,820,616.104046
0.0,820,616.104055
0.0,820,616.104064
-6.7055225e-08,820,616.104073
0.0,820,663.152402
-2.9802322e-08,820,663.152442
0.0,820,663.152457
0.0,820,663.152467
-1.1175871e-07,820,663.152476
0.0,820,663.152485
-8.940697e-08,820,663.152494
5.2154064e-08,820,663.152503
4.7683716e-07,820,663.152513
1.2479722e-07,820,663.152522
-0.35000005,820,663.152531
4.4703484e-08,820,663.152541
-1.5646219e-07,820,663.15255
0.0,820,663.152559
0.0,820,663.152568
-5.9604645e-08,820,663.152576
0.0,820,705.10548
0.0,820,705.105524
0.0,820,705.105537
0.0,820,705.105547
4.4703484e-08,820,705.105556
0.0,820,705.105566
-0.02000003,820,705.105575
0.0,820,705.105585
-0.050000656,820,705.105594
-0.68999994,820,705.105603
-0.12000033,820,705.105613
-7.4505806e-08,820,705.105622
-0.36999997,820,705.105631
0.0,820,705.10564
0.0,820,705.105649
-3.7252903e-09,820,705.105658
0.0,820,746.894475
2.5331974e-07,820,746.894514
0.0,820,746.894529
0.0,820,746.894539
0.0,820,746.894548
0.0,820,746.894557
-8.940697e-08,820,746.894565
-7.450581e-09,820,746.894575
-0.009999836,820,746.894584
-3.427267e-07,820,746.894594
-0.11,820,746.894603
-1.3783574e-07,820,746.894613
-1.6018748e-07,820,746.894622
0.0,820,746.894631
0.0,820,746.89464
2.9802322e-08,820,746.894649
0.0,820,793.748857
0.0,820,793.748897
0.0,820,793.748912
0.0,820,793.748923
-5.9604645e-08,820,793.748933
0.0,820,793.748945
3.7252903e-09,820,793.748955
0.0,820,793.748966
-0.090000175,820,793.748976
8.940697e-08,820,793.748986
0.0,820,793.748999
-2.2351742e-08,820,793.749009
-2.9802322e-08,820,793.749018
0.0,820,793.749028
0.0,820,793.749037
-2.9802322e-08,820,793.749045
0.0,820,835.189392
1.1920929e-07,820,835.189432
3.7252903e-09,820,835.189448
0.0,820,835.189461
1.1175871e-08,820,835.189472
0.0,820,835.189484
8.940697e-08,820,835.189495
-4.0978193e-08,820,835.189507
-0.100000806,820,835.189519
-3.7252903e-08,820,835.18953
-1.4901161e-08,820,835.189542
-0.109999985,820,835.189554
6.146729e-08,820,835.189565
0.0,820,835.189577
0.0,820,835.189588
8.195639e-08,820,835.189599
0.0,820,881.940041
-5.9604645e-08,820,881.94008
0.0,820,881.940097
0.0,820,881.940109
-3.7252903e-09,820,881.94012
0.0,820,881.940132
5.9604645e-08,820,881.940143
-1.4901161e-08,820,881.940154
-0.0400001,820,881.940166
-0.02000001,820,881.940178
-0.19000024,820,881.940189
1.4901161e-08,820,881.9402
4.4703484e-08,820,881.940212
0.0,820,881.940224
0.0,820,881.940271
-9.685755e-08,820,881.940288
0.0,820,925.884032
-2.2351742e-07,820,925.884096
0.0,820,925.88412
0.0,820,925.884137
2.9802322e-08,820,925.884154
0.0,820,925.884177
-0.03999976,820,925.884199
-3.3527613e-08,820,925.884222
-0.010000119,820,925.884247
1.4901161e-08,820,925.88427
-0.39,820,925.8843
7.4505806e-08,820,925.884324
4.4703484e-08,820,925.884346
0.0,820,925.884357
0.0,820,925.884367
-4.284084e-08,820,925.884376
0.0,820,969.249781
-7.450581e-09,820,969.249823
0.0,820,969.24984
0.0,820,969.249852
7.4505806e-08,820,969.249863
0.0,820,969.249874
-8.940697e-08,820,969.249884
-0.05000002,820,969.249894
-5.289912e-07,820,969.249905
-0.020000149,820,969.249915
4.4703484e-08,820,969.249925
2.6077032e-08,820,969.249935
1.4901161e-08,820,969.249944
0.0,820,969.249954
0.0,820,969.249964
-1.4901161e-07,820,969.249973
0.0,820,1019.087443
1.4901161e-08,820,1019.087484
0.0,820,1019.0875
0.0,820,1019.08751
-2.9802322e-08,820,1019.087519
0.0,820,1019.087529
-1.4901161e-08,820,1019.087538
-1.4901161e-08,820,1019.087547
-0.06999998,820,1019.087557
-0.029999971,820,1019.087566
-2.5331974e-07,820,1019.087576
-2.9802322e-08,820,1019.087585
7.4505806e-08,820,1019.087595
0.0,820,1019.087604
0.0,820,1019.087613
-3.3527613e-08,820,1019.087622
0.0,820,1061.749996
-8.940697e-08,820,1061.750031
0.0,820,1061.750046
0.0,820,1061.750056
-1.4901161e-08,820,1061.750065
0.0,820,1061.750075
-0.010000089,820,1061.750084
-0.019999996,820,1061.750093
-0.059999768,820,1061.750102
-1.4901161e-08,820,1061.750112
-0.18000004,820,1061.750121
0.0,820,1061.75013
5.5879354e-08,820,1061.750139
0.0,820,1061.750152
0.0,820,1061.750161
1.8626451e-08,820,1061.75017
0.0,820,1104.825459
-5.9604645e-08,820,1104.825492
0.0,820,1104.825507
0.0,820,1104.825517
-4.0978193e-08,820,1104.825526
0.0,820,1104.825536
2.2351742e-08,820,1104.825544
-1.1175871e-08,820,1104.825554
4.4703484e-08,820,1104.825563
-0.28000006,820,1104.825572
-0.18000011,820,1104.825582
-3.7252903e-09,820,1104.825591
-7.8231096e-08,820,1104.825601
0.0,820,1104.82561
0.0,820,1104.825619
4.4703484e-08,820,1104.825627
0.0,820,1144.127973
1.4901161e-08,820,1144.128015
0.0,820,1144.12803
0.0,820,1144.128041
7.450581e-09,820,1144.12805
0.0,820,1144.128059
5.9604645e-08,820,1144.128068
1.4901161e-08,820,1144.128078
-0.1,820,1144.128087
-2.9802322e-08,820,1144.128096
7.450581e-09,820,1144.128105
5.9604645e-08,820,1144.128114
-1.1920929e-07,820,1144.128124
0.0,820,1144.128133
0.0,820,1144.128141
-2.9802322e-08,820,1144.12815
0.0,820,1183.846825
0.0,820,1183.846864
0.0,820,1183.846877
0.0,820,1183.846887
7.450581e-09,820,1183.846896
0.0,820,1183.846907
-0.01999991,820,1183.846915
-2.9802322e-08,820,1183.846925
-0.02000006,820,1183.846935
-3.7252903e-09,820,1183.846944
-0.06000004,820,1183.846953
0.0,820,1183.846963
0.0,820,1183.846972
0.0,820,1183.84698
0.0,820,1183.846989
-1.4901161e-08,820,1183.846998
0.0,820,1231.449193
1.4901161e-08,820,1231.449236
0.0,820,1231.449253
0.0,820,1231.449265
0.0,820,1231.449277
0.0,820,1231.449288
-2.0861626e-07,820,1231.449299
-0.039999984,820,1231.449311
1.4901161e-08,820,1231.449323
-0.029999914,820,1231.449339
-4.4703484e-08,820,1231.449357
1.3038516e-07,820,1231.449376
2.9802322e-08,820,1231.449395
0.0,820,1231.449414
0.0,820,1231.449426
7.4505806e-08,820,1231.449438
0.0,820,1272.586904
-1.6391277e-07,820,1272.586942
0.0,820,1272.586958
0.0,820,1272.586968
-5.9604645e-08,820,1272.586978
0.0,820,1272.586988
-1.6763806e-07,820,1272.586997
1.4901161e-08,820,1272.587006
-0.060000062,820,1272.587016
7.450581e-09,820,1272.587025
2.9802322e-08,820,1272.587035
0.0,820,1272.587045
1.4901161e-08,820,1272.587053
0.0,820,1272.587062
0.0,820,1272.587071
1.4901161e-08,820,1272.58708
0.0,820,1318.981751
-7.4505806e-08,820,1318.981788
3.7252903e-09,820,1318.981805
0.0,820,1318.981818
-6.3329935e-08,820,1318.98183
0.0,820,1318.981842
2.9802322e-08,820,1318.981853
0.0,820,1318.981865
-0.030000033,820,1318.981876
-4.0978193e-08,820,1318.98189
-0.020000104,820,1318.981905
-5.9604645e-08,820,1318.981917
-7.450581e-09,820,1318.98193
0.0,820,1318.981942
0.0,820,1318.981953
9.313226e-08,820,1318.981964
0.0,820,1359.228094
-6.7055225e-08,820,1359.228135
0.0,820,1359.228151
0.0,820,1359.228161
-2.9802322e-08,820,1359.22817
0.0,820,1359.22818
1.4901161e-08,820,1359.22819
2.9802322e-08,820,1359.228199
0.0,820,1359.228209
-3.7252903e-09,820,1359.228217
2.9802322e-08,820,1359.228227
-0.07999998,820,1359.228236
4.4703484e-08,820,1359.228245
0.0,820,1359.228255
0.0,820,1359.228264
1.8626451e-08,820,1359.228272
0.0,820,1400.199648
-3.7252903e-08,820,1400.199681
0.0,820,1400.199696
0.0,820,1400.199707
-3.7252903e-08,820,1400.199715
0.0,820,1400.199725
0.0,820,1400.199734
-7.450581e-09,820,1400.199744
-1.2665987e-07,820,1400.199754
-0.020000014,820,1400.199763
-0.18000005,820,1400.199773
2.2351742e-08,820,1400.199782
-1.4901161e-08,820,1400.199792
0.0,820,1400.199801
0.0,820,1400.19981
4.4703484e-08,820,1400.199819
0.0,820,1445.78412
-7.4505806e-08,820,1445.784156
0.0,820,1445.784173
0.0,820,1445.784185
1.4901161e-08,820,1445.784197
0.0,820,1445.784209
7.450581e-09,820,1445.78422
-7.450581e-09,820,1445.784232
-2.3841858e-07,820,1445.784244
-0.020000126,820,1445.784256
-1.4901161e-08,820,1445.784267
1.4901161e-08,820,1445.784279
-2.9802322e-08,820,1445.784291
0.0,820,1445.784302
0.0,820,1445.784314
-5.9604645e-08,820,1445.784325
0.0,820,1486.94854
-5.2154064e-08,820,1486.948582
0.0,820,1486.948599
0.0,820,1486.948611
-3.46452e-07,820,1486.948622
0.0,820,1486.948634
-0.049999993,820,1486.948645
-3.7252903e-09,820,1486.948657
-0.06999964,820,1486.948669
-0.019999977,820,1486.948681
-0.13000005,820,1486.948693
-0.08000003,820,1486.948704
0.0,820,1486.948716
0.0,820,1486.948727
0.0,820,1486.948738
3.7252903e-08,820,1486.948749
0.0,820,1533.169734
-1.2665987e-07,820,1533.169773
0.0,820,1533.169788
0.0,820,1533.169799
7.450581e-09,820,1533.169808
0.0,820,1533.169818
-4.4703484e-08,820,1533.169827
-4.4703484e-08,820,1533.169836
-0.009999832,820,1533.169846
-7.4505806e-08,820,1533.169855
-0.21000008,820,1533.169864
0.0,820,1533.169874
5.9604645e-08,820,1533.169883
0.0,820,1533.169892
0.0,820,1533.169901
7.450581e-09,820,1533.16991
0.0,820,1574.210589
-1.4901161e-08,820,1574.210629
0.0,820,1574.210645
0.0,820,1574.210657
-6.3329935e-08,820,1574.210668
0.0,820,1574.210678
2.6077032e-08,820,1574.210689
-1.1175871e-08,820,1574.2107
-0.020000052,820,1574.21071
9.872019e-08,820,1574.210721
-0.19999994,820,1574.210731
2.9802322e-08,820,1574.210741
-0.019999977,820,1574.21075
0.0,820,1574.21076
0.0,820,1574.210769
-5.9604645e-08,820,1574.210779
0.0,820,1615.225762
-9.685755e-08,820,1615.2258
0.0,820,1615.225815
0.0,820,1615.225825
3.3527613e-08,820,1615.225833
0.0,820,1615.225843
-5.9604645e-08,820,1615.225852
-0.009999977,820,1615.225861
-1.15484e-07,820,1615.225871
-0.01999994,820,1615.22588
-0.020000033,820,1615.22589
-1.4901161e-08,820,1615.225899
-0.05999995,820,1615.225909
0.0,820,1615.225918
0.0,820,1615.225926
-2.6077032e-08,820,1615.225935
0.0,820,1661.164186
-1.4901161e-08,820,1661.16423
0.0,820,1661.164246
0.0,820,1661.164255
-5.9604645e-08,820,1661.164265
0.0,820,1661.164275
-4.4703484e-08,820,1661.164283
0.0,820,1661.164293
-0.060000442,820,1661.164302
6.7055225e-08,820,1661.164311
-1.4901161e-08,820,1661.164321
-4.4703484e-08,820,1661.164331
-3.7252903e-09,820,1661.16434
0.0,820,1661.16435
0.0,820,1661.164359
1.8626451e-08,820,1661.164367
0.0,820,1701.6973
2.9802322e-08,820,1701.697339
0.0,820,1701.697356
0.0,820,1701.697368
3.874302e-07,820,1701.697378
0.0,820,1701.69739
-0.22000006,820,1701.6974
-7.450581e-09,820,1701.697411
-7.4505806e-08,820,1701.697422
0.0,820,1701.697432
3.7252903e-08,820,1701.697442
3.7252903e-09,820,1701.697452
-0.020000022,820,1701.697461
0.0,820,1701.697471
0.0,820,1701.69748
-4.8428774e-08,820,1701.69749
0.0,820,1747.829875
-7.4505806e-08,820,1747.829914
0.0,820,1747.829929
0.0,820,1747.83
-2.9802322e-08,820,1747.830016
0.0,820,1747.830027
-1.7881393e-07,820,1747.830036
0.0,820,1747.830048
-0.019999985,820,1747.830057
0.0,820,1747.830067
-0.019999947,820,1747.830076
4.0978193e-08,820,1747.830085
-7.450581e-09,820,1747.830094
0.0,820,1747.830106
0.0,820,1747.830115
2.9802322e-08,820,1747.830124
0.0,820,1788.717296
-2.2351742e-08,820,1788.717336
0.0,820,1788.717352
0.0,820,1788.717364
-7.4505806e-08,820,1788.717375
0.0,820,1788.717386
-0.12999995,820,1788.717396
-2.2351742e-08,820,1788.717407
-1.1920929e-07,820,1788.717418
0.0,820,1788.717431
-7.450581e-09,820,1788.717443
2.9802322e-08,820,1788.717453
0.0,820,1788.717463
0.0,820,1788.717471
0.0,820,1788.71748
3.7252903e-08,820,1788.717489
0.0,820,1829.601851
-7.450581e-09,820,1829.601892
0.0,820,1829.601908
0.0,820,1829.60192
-1.1920929e-07,820,1829.601931
0.0,820,1829.601942
2.9802322e-08,820,1829.601953
-1.4901161e-08,820,1829.601963
-0.01999994,820,1829.601974
-0.04000002,820,1829.601984
0.0,820,1829.602007
-0.09999999,820,1829.602029
1.4901161e-08,820,1829.602052
0.0,820,1829.602068
0.0,820,1829.602078
7.4505806e-08,820,1829.602087
0.0,820,1875.597315
-4.4703484e-08,820,1875.597353
0.0,820,1875.597368
0.0,820,1875.597378
0.0,820,1875.597388
0.0,820,1875.597396
5.2154064e-08,820,1875.597405
-3.7252903e-09,820,1875.597414
-0.02999997,820,1875.597424
-0.030000038,820,1875.597434
6.3329935e-08,820,1875.597443
-1.8626451e-09,820,1875.597453
1.8626451e-08,820,1875.597462
0.0,820,1875.597471
0.0,820,1875.59748
0.0,820,1875.597488
0.0,820,1916.599851
-2.6077032e-08,820,1916.599891
0.0,820,1916.599908
0.0,820,1916.59992
-3.3527613e-08,820,1916.599931
0.0,820,1916.599943
-0.050000038,820,1916.599954
-2.9802322e-08,820,1916.599966
2.0489097e-07,820,1916.599978
1.3038516e-08,820,1916.59999
4.4703484e-08,820,1916.600002
-2.9802322e-08,820,1916.600013
4.4703484e-08,820,1916.600025
0.0,820,1916.600037
0.0,820,1916.600048
2.2351742e-08,820,1916.600058
0.0,820,1962.479265
-7.450581e-09,820,1962.479303
0.0,820,1962.479319
0.0,820,1962.479331
0.0,820,1962.479342
0.0,820,1962.479352
-0.010000089,820,1962.479362
-7.450581e-09,820,1962.479372
-1.2293458e-07,820,1962.479383
-0.02,820,1962.479393
-4.8428774e-08,820,1962.479403
-0.08999999,820,1962.479417
-4.4703484e-08,820,1962.479427
0.0,820,1962.479437
0.0,820,1962.479446
7.4505806e-08,820,1962.479454
0.0,820,2003.204828
-7.450581e-09,820,2003.204865
0.0,820,2003.204881
0.0,820,2003.204891
-5.9604645e-08,820,2003.2049
0.0,820,2003.20491
-5.9604645e-08,820,2003.204919
7.450581e-09,820,2003.204928
-0.009999925,820,2003.204938
-0.02999994,820,2003.204947
-1.1175871e-08,820,2003.204957
-0.09,820,2003.204966
0.0,820,2003.204976
0.0,820,2003.204984
0.0,820,2003.204993
-4.0978193e-08,820,2003.205001
0.0,820,2044.266609
-3.3527613e-08,820,2044.266643
0.0,820,2044.266658
0.0,820,2044.266668
0.0,820,2044.266677
0.0,820,2044.266686
1.4528632e-07,820,2044.266694
-3.7252903e-09,820,2044.266704
-6.7055225e-08,820,2044.266713
-0.03,820,2044.266723
0.0,820,2044.266732
0.0,820,2044.266741
-7.450581e-09,820,2044.266749
0.0,820,2044.266759
0.0,820,2044.266767
1.4901161e-08,820,2044.266776
0.0,820,2090.176844
-7.450581e-09,820,2090.176882
0.0,820,2090.176899
0.0,820,2090.176911
-1.4901161e-08,820,2090.176922
0.0,820,2090.176933
5.9604645e-08,820,2090.176943
3.7252903e-09,820,2090.176954
-0.019999865,820,2090.176965
-0.30000004,820,2090.176975
0.0,820,2090.176985
-2.9802322e-08,820,2090.176995
-1.4901161e-08,820,2090.177005
0.0,820,2090.177015
0.0,820,2090.177027
1.0430813e-07,820,2090.177039
0.0,820,2131.163771
-1.4901161e-08,820,2131.163809
0.0,820,2131.163825
0.0,820,2131.163835
0.0,820,2131.163844
0.0,820,2131.163852
-0.02000003,820,2131.163861
1.1175871e-08,820,2131.16387
-0.01,820,2131.16388
-0.32000005,820,2131.163889
2.9802322e-08,820,2131.163899
0.0,820,2131.163908
-2.2351742e-08,820,2131.163917
0.0,820,2131.163926
0.0,820,2131.163935
7.4505806e-08,820,2131.163943
0.0,820,2177.042097
-2.2351742e-08,820,2177.042153
0.0,820,2177.042184
0.0,820,2177.042202
-2.9802322e-08,820,2177.042217
0.0,820,2177.042234
-6.3329935e-08,820,2177.042249
0.0,820,2177.042266
-3.7252903e-09,820,2177.042281
-0.03,820,2177.042298
-0.17999996,820,2177.042315
1.4901161e-08,820,2177.042331
-0.02,820,2177.042348
0.0,820,2177.042366
0.0,820,2177.042382
-8.940697e-08,820,2177.042399
0.0,820,2217.743063
0.0,820,2217.743107
0.0,820,2217.743137
0.0,820,2217.743157
-5.9604645e-08,820,2217.743167
0.0,820,2217.743179
-3.7252903e-08,820,2217.743188
7.450581e-09,820,2217.743198
-0.010000119,820,2217.743208
2.6077032e-08,820,2217.743218
3.7252903e-08,820,2217.743228
-2.9802322e-08,820,2217.743238
2.2351742e-08,820,2217.743248
0.0,820,2217.743258
0.0,820,2217.743267
-1.4901161e-08,820,2217.743276
0.0,820,2258.342289
-1.8626451e-08,820,2258.342326
0.0,820,2258.342343
0.0,820,2258.342355
-4.4703484e-08,820,2258.342365
0.0,820,2258.342376
-0.029999984,820,2258.342386
-1.3038516e-08,820,2258.342397
-0.009999881,820,2258.342408
7.450581e-09,820,2258.342418
-2.9802322e-08,820,2258.342428
-1.4901161e-08,820,2258.342439
0.0,820,2258.342448
0.0,820,2258.342458
0.0,820,2258.342467
6.3329935e-08,820,2258.342475
0.0,820,2304.415629
-1.4901161e-08,820,2304.415673
0.0,820,2304.415689
0.0,820,2304.415699
-1.0430813e-07,820,2304.415708
0.0,820,2304.415718
2.0861626e-07,820,2304.415727
-2.9802322e-08,820,2304.415736
-5.5879354e-08,820,2304.415745
-0.019999962,820,2304.415755
-2.6077032e-08,820,2304.415765
-7.450581e-09,820,2304.415774
-0.059999995,820,2304.415783
0.0,820,2304.415793
0.0,820,2304.415802
1.4901161e-08,820,2304.41581
0.0,820,2345.01007
2.2351742e-08,820,2345.010108
0.0,820,2345.010123
0.0,820,2345.010134
1.4901161e-08,820,2345.010143
0.0,820,2345.010152
5.9604645e-08,820,2345.010161
0.0,820,2345.010171
-1.3411045e-07,820,2345.010179
-0.019999992,820,2345.010189
-1.1175871e-08,820,2345.010198
-2.9802322e-08,820,2345.010207
2.2351742e-08,820,2345.010217
0.0,820,2345.010226
0.0,820,2345.010235
1.8626451e-08,820,2345.010243
0.0,820,2390.565446
-1.4901161e-08,820,2390.565485
0.0,820,2390.565503
0.0,820,2390.565515
7.450581e-09,820,2390.565526
0.0,820,2390.565539
-5.2154064e-08,820,2390.56555
-1.6763806e-08,820,2390.565562
-0.010000089,820,2390.565574
-0.029999962,820,2390.565586
7.4505806e-08,820,2390.565598
4.4703484e-08,820,2390.56561
-2.6077032e-08,820,2390.565622
0.0,820,2390.565634
0.0,820,2390.565645
7.4505806e-08,820,2390.565655
0.0,820,2431.240935
-1.1175871e-08,820,2431.240975
0.0,820,2431.24099
0.0,820,2431.241
-1.4901161e-08,820,2431.24101
0.0,820,2431.24102
1.8626451e-08,820,2431.241028
-5.5879354e-09,820,2431.241038
-0.03999982,820,2431.241047
-0.04,820,2431.241057
-2.9802322e-08,820,2431.241066
-2.2351742e-08,820,2431.241076
2.9802322e-08,820,2431.241085
0.0,820,2431.241094
0.0,820,2431.241103
-5.9604645e-08,820,2431.241111
0.0,820,2471.953249
-7.450581e-09,820,2471.953287
0.0,820,2471.953301
0.0,820,2471.953312
-1.3411045e-07,820,2471.953321
0.0,820,2471.953331
-2.2351742e-08,820,2471.95334
-1.8626451e-08,820,2471.95335
-1.937151e-07,820,2471.95336
-5.2154064e-08,820,2471.953369
8.940697e-08,820,2471.953379
-0.1,820,2471.953388
4.4703484e-08,820,2471.953398
0.0,820,2471.953407
0.0,820,2471.953416
-4.4703484e-08,820,2471.953425
0.0,820,2517.846949
-6.7055225e-08,820,2517.846991
0.0,820,2517.847006
0.0,820,2517.847016
0.0,820,2517.847025
0.0,820,2517.847034
4.0978193e-08,820,2517.847043
-7.450581e-09,820,2517.847053
-0.030000044,820,2517.847062
-7.450581e-09,820,2517.847072
6.7055225e-08,820,2517.847081
-4.0978193e-08,820,2517.847091
-3.3527613e-08,820,2517.847101
0.0,820,2517.847111
0.0,820,2517.847119
2.2351742e-08,820,2517.847128
0.0,820,2558.610234
0.0,820,2558.610274
0.0,820,2558.610287
0.0,820,2558.610297
4.284084e-08,820,2558.610306
0.0,820,2558.610316
-2.9802322e-08,820,2558.610325
1.1175871e-08,820,2558.610335
-0.020000279,820,2558.610344
1.8626451e-08,820,2558.610354
-7.450581e-09,820,2558.610366
-1.4901161e-08,820,2558.610377
-4.0978193e-08,820,2558.610387
0.0,820,2558.610397
0.0,820,2558.610405
2.9802322e-08,820,2558.610414
0.0,820,2604.424875
-1.4901161e-08,820,2604.424914
0.0,820,2604.424931
0.0,820,2604.424943
-5.5879354e-08,820,2604.424954
0.0,820,2604.424965
-2.2351742e-08,820,2604.424978
-7.450581e-09,820,2604.424991
-0.009999821,820,2604.425002
-1.4901161e-08,820,2604.425012
-2.2351742e-08,820,2604.425021
7.4505806e-08,820,2604.425031
1.8626451e-08,820,2604.42504
0.0,820,2604.42505
0.0,820,2604.425059
8.940697e-08,820,2604.425067
0.0,820,2645.21368
-2.9802322e-08,820,2645.213715
0.0,820,2645.213731
0.0,820,2645.213743
-8.195639e-08,820,2645.213754
0.0,820,2645.213766
2.9802322e-08,820,2645.213775
-0.02000001,820,2645.213786
-0.02000006,820,2645.213797
-0.019999996,820,2645.213807
-1.1920929e-07,820,2645.213817
-2.9802322e-08,820,2645.213827
0.0,820,2645.213837
0.0,820,2645.213846
0.0,820,2645.213855
3.7252903e-08,820,2645.213864
0.0,820,2685.82933
5.2154064e-08,820,2685.829369
0.0,820,2685.829386
0.0,820,2685.829398
2.9802322e-08,820,2685.829409
0.0,820,2685.829422
-2.6077032e-08,820,2685.829432
-1.1175871e-08,820,2685.829445
-0.01999997,820,2685.829456
-5.5879354e-08,820,2685.829468
-3.7252903e-09,820,2685.82948
-2.2351742e-08,820,2685.829492
-2.6077032e-08,820,2685.829504
0.0,820,2685.829515
0.0,820,2685.829526
2.2351742e-08,820,2685.829537
0.0,820,2731.600059
-7.450581e-09,820,2731.600097
0.0,820,2731.600114
0.0,820,2731.600127
-1.7881393e-07,820,2731.60014
0.0,820,2731.600151
-0.009999925,820,2731.60016
0.0,820,2731.600169
-0.05000009,820,2731.600178
-0.020000072,820,2731.600188
-4.4703484e-08,820,2731.600197
-3.3527613e-08,820,2731.600207
-1.1175871e-08,820,2731.600216
0.0,820,2731.600225
0.0,820,2731.600234
-2.6077032e-08,820,2731.600242
0.0,820,2772.393564
-5.9604645e-08,820,2772.393604
0.0,820,2772.393624
0.0,820,2772.393635
-5.9604645e-08,820,2772.393645
0.0,820,2772.393655
4.4703484e-08,820,2772.393665
1.4901161e-08,820,2772.393674
-0.030000089,820,2772.393684
7.450581e-09,820,2772.393694
2.2351742e-08,820,2772.393703
0.0,820,2772.393713
7.450581e-09,820,2772.393722
0.0,820,2772.393731
0.0,820,2772.39374
0.0,820,2772.393749
0.0,820,2818.197909
0.0,820,2818.197948
0.0,820,2818.197962
0.0,820,2818.197971
-2.2351742e-08,820,2818.19798
0.0,820,2818.197991
2.9802322e-08,820,2818.198
7.450581e-09,820,2818.198009
-3.017485e-07,820,2818.19802
-2.2351742e-08,820,2818.198029
4.4703484e-08,820,2818.198039
0.0,820,2818.198048
-2.9802322e-08,820,2818.198057
0.0,820,2818.198066
0.0,820,2818.198075
4.4703484e-08,820,2818.198083
0.0,820,2858.987304
-7.450581e-09,820,2858.987339
0.0,820,2858.987356
0.0,820,2858.987367
1.4901161e-08,820,2858.987378
0.0,820,2858.987388
-0.019999962,820,2858.987398
0.0,820,2858.987409
4.4703484e-08,820,2858.987419
2.9802322e-08,820,2858.987429
8.195639e-08,820,2858.987439
-2.2351742e-08,820,2858.987449
-1.3038516e-08,820,2858.987459
0.0,820,2858.987471
0.0,820,2858.987482
-7.450581e-09,820,2858.987491
0.0,820,2899.516918
0.0,820,2899.516959
0.0,820,2899.516973
0.0,820,2899.516984
-8.195639e-08,820,2899.516993
0.0,820,2899.517004
0.0,820,2899.517013
0.0,820,2899.517021
-0.0200001,820,2899.51703
1.1175871e-08,820,2899.517039
0.0,820,2899.517049
1.1175871e-08,820,2899.517058
2.2351742e-08,820,2899.517067
0.0,820,2899.517076
0.0,820,2899.517085
-3.7252903e-09,820,2899.517094
0.0,820,2945.268192
-2.9802322e-08,820,2945.268235
0.0,820,2945.268253
0.0,820,2945.268265
-3.7252903e-08,820,2945.268277
0.0,820,2945.26829
3.7252903e-08,820,2945.268301
-0.010000015,820,2945.268313
-0.05999994,820,2945.268325
-3.7252903e-09,820,2945.268337
-0.18999998,820,2945.268349
1.4901161e-08,820,2945.268362
1.4901161e-08,820,2945.268374
0.0,820,2945.268386
0.0,820,2945.268397
2.9802322e-08,820,2945.268408
0.0,820,2985.779225
-3.7252903e-08,820,2985.779263
0.0,820,2985.77928
0.0,820,2985.779293
-1.4901161e-08,820,2985.779304
0.0,820,2985.779319
-1.4901161e-08,820,2985.779333
9.313226e-09,820,2985.779345
-2.9802322e-08,820,2985.779357
5.9604645e-08,820,2985.779369
-7.450581e-09,820,2985.779381
-2.6077032e-08,820,2985.779393
-0.02,820,2985.779405
0.0,820,2985.779416
0.0,820,2985.779427
3.7252903e-08,820,2985.779438
0.0,820,3031.673709
-2.2351742e-08,820,3031.673745
0.0,820,3031.673762
0.0,820,3031.673774
2.9802322e-08,820,3031.673784
0.0,820,3031.673795
-2.9802322e-08,820,3031.673806
-7.450581e-09,820,3031.673817
4.4703484e-08,820,3031.673828
2.2351742e-08,820,3031.673838
0.0,820,3031.673847
2.9802322e-08,820,3031.67386
-3.3527613e-08,820,3031.673873
0.0,820,3031.673883
0.0,820,3031.673892
-1.4901161e-08,820,3031.6739
0.0,820,3072.694651
-2.9802322e-08,820,3072.694691
0.0,820,3072.694706
0.0,820,3072.694716
0.0,820,3072.694725
0.0,820,3072.694734
-4.4703484e-08,820,3072.694742
-1.4901161e-08,820,3072.694752
-5.9604645e-08,820,3072.694761
-0.019999966,820,3072.69477
7.4505806e-08,820,3072.69478
7.450581e-09,820,3072.694789
2.9802322e-08,820,3072.694799
0.0,820,3072.694808
0.0,820,3072.694817
1.4901161e-08,820,3072.694826
0.0,820,3113.250133
-3.7252903e-08,820,3113.250171
0.0,820,3113.250188
0.0,820,3113.2502
-2.6077032e-08,820,3113.250211
0.0,820,3113.250223
-2.9802322e-08,820,3113.250235
-1.1175871e-08,820,3113.250246
-1.0058284e-07,820,3113.250258
7.450581e-09,820,3113.25027
1.1175871e-08,820,3113.250282
-3.3527613e-08,820,3113.250294
0.0,820,3113.250305
0.0,820,3113.250316
0.0,820,3113.250327
7.450581e-09,820,3113.250338
0.0,820,3159.156602
1.4901161e-08,820,3159.156675
0.0,820,3159.156695
0.0,820,3159.156708
-2.6077032e-08,820,3159.15672
0.0,820,3159.156732
-0.009999996,820,3159.156744
0.0,820,3159.156756
-0.060000047,820,3159.156767
0.0,820,3159.156779
4.4703484e-08,820,3159.15679
2.2351742e-08,820,3159.156805
-0.08,820,3159.156818
0.0,820,3159.15683
0.0,820,3159.156841
3.3527613e-08,820,3159.156852
0.0,820,3199.814695
-7.450581e-09,820,3199.814734
0.0,820,3199.814751
0.0,820,3199.814763
2.9802322e-08,820,3199.814775
0.0,820,3199.814787
-7.450581e-09,820,3199.814798
1.6763806e-08,820,3199.81481
-0.04999997,820,3199.814822
7.450581e-09,820,3199.814834
-0.11999996,820,3199.814845
-2.2351742e-08,820,3199.814857
-1.4901161e-08,820,3199.814869
0.0,820,3199.814881
0.0,820,3199.814892
1.4901161e-08,820,3199.814903
0.0,820,3245.87596
0.0,820,3245.875999
0.0,820,3245.876014
0.0,820,3245.876029
0.0,820,3245.876042
0.0,820,3245.876052
2.2351742e-08,820,3245.87606
0.0,820,3245.876071
-0.010000033,820,3245.87608
-0.029999992,820,3245.87609
-7.4505806e-08,820,3245.8761
-7.8231096e-08,820,3245.876109
-7.450581e-09,820,3245.876119
0.0,820,3245.876129
0.0,820,3245.876138
1.8626451e-08,820,3245.876146
0.0,820,3286.772765
-7.450581e-09,820,3286.772799
0.0,820,3286.772816
0.0,820,3286.772828
-2.9802322e-08,820,3286.772839
0.0,820,3286.772851
-0.0100000445,820,3286.772863
0.0,820,3286.772875
-0.030000104,820,3286.772886
-2.4214387e-08,820,3286.772898
-5.2154064e-08,820,3286.77291
-1.8626451e-08,820,3286.772922
2.2351742e-08,820,3286.772934
0.0,820,3286.772946
0.0,820,3286.772957
-3.7252903e-09,820,3286.772968
0.0,820,3327.652906
-1.4901161e-08,820,3327.652945
0.0,820,3327.652962
0.0,820,3327.652974
0.0,820,3327.652983
0.0,820,3327.652992
6.7055225e-08,820,3327.653003
-0.010000015,820,3327.653013
-0.049999986,820,3327.653024
-4.4703484e-08,820,3327.653034
3.7252903e-08,820,3327.653045
2.2351742e-08,820,3327.653055
-1.4901161e-08,820,3327.653064
0.0,820,3327.653075
0.0,820,3327.653084
-5.2154064e-08,820,3327.653093
0.0,820,3373.197108
-4.4703484e-08,820,3373.197146
0.0,820,3373.197161
0.0,820,3373.197172
-5.9604645e-08,820,3373.197182
0.0,820,3373.197192
-0.020000014,820,3373.197201
-2.2351742e-08,820,3373.19721
4.4703484e-08,820,3373.19722
-2.9802322e-08,820,3373.19723
2.9802322e-08,820,3373.19724
1.4901161e-08,820,3373.197249
0.0,820,3373.197258
0.0,820,3373.197268
0.0,820,3373.197276
-3.7252903e-08,820,3373.197285
0.0,820,3414.287006
-1.4901161e-08,820,3414.287045
0.0,820,3414.287061
0.0,820,3414.287073
2.2351742e-08,820,3414.287084
0.0,820,3414.287096
1.4901161e-08,820,3414.287106
-7.450581e-09,820,3414.287117
-2.6077032e-08,820,3414.287127
-0.029999992,820,3414.287137
-3.7252903e-08,820,3414.287148
-3.7252903e-09,820,3414.287158
0.0,820,3414.287168
0.0,820,3414.287177
0.0,820,3414.287186
0.0,820,3414.287195
0.0,820,3460.02734
-2.2351742e-08,820,3460.027379
0.0,820,3460.027395
0.0,820,3460.027405
0.0,820,3460.027414
0.0,820,3460.027423
5.9604645e-08,820,3460.027432
-0.030000014,820,3460.027442
2.9802322e-08,820,3460.027451
6.3329935e-08,820,3460.027461
7.450581e-09,820,3460.02747
-2.6077032e-08,820,3460.02748
-0.09000003,820,3460.02749
0.0,820,3460.027499
0.0,820,3460.027508
-7.450581e-09,820,3460.027517
0.0,820,3500.6324
-1.4901161e-08,820,3500.632452
0.0,820,3500.632472
0.0,820,3500.632485
0.0,820,3500.632496
0.0,820,3500.632507
5.2154064e-08,820,3500.632518
-7.450581e-09,820,3500.63253
-0.020000223,820,3500.632543
-7.450581e-09,820,3500.632555
7.450581e-09,820,3500.632566
-0.110000014,820,3500.632578
2.9802322e-08,820,3500.63259
0.0,820,3500.632602
0.0,820,3500.632613
0.0,820,3500.632624
0.0,820,3541.410674
-1.4901161e-08,820,3541.410715
0.0,820,3541.410732
0.0,820,3541.410744
1.4901161e-08,820,3541.410755
0.0,820,3541.410768
-0.01999997,820,3541.410779
9.313226e-09,820,3541.410791
-0.04000012,820,3541.410803
3.3527613e-08,820,3541.410815
-0.11999999,820,3541.410826
1.4901161e-08,820,3541.410838
0.0,820,3541.41085
0.0,820,3541.410861
0.0,820,3541.410872
0.0,820,3541.410883
0.0,820,3587.130812
-3.7252903e-09,820,3587.130851
0.0,820,3587.130867
0.0,820,3587.130877
-1.4901161e-08,820,3587.130886
0.0,820,3587.130896
-0.00999997,820,3587.130905
-1.4901161e-08,820,3587.130914
-0.15000027,820,3587.130924
-0.019999985,820,3587.130934
-7.450581e-09,820,3587.130943
2.9802322e-08,820,3587.130953
4.4703484e-08,820,3587.130962
0.0,820,3587.130971
0.0,820,3587.13098
-2.9802322e-08,820,3587.130989
0.0,820,3627.707294
0.0,820,3627.707332
0.0,820,3627.707345
0.0,820,3627.707355
-1.4901161e-08,820,3627.707364
0.0,820,3627.707375
-0.009999985,820,3627.707383
-2.0489097e-08,820,3627.707393
-0.050000086,820,3627.707402
2.9802322e-08,820,3627.707412
-0.06999993,820,3627.707422
-1.1175871e-08,820,3627.707431
-5.2154064e-08,820,3627.707441
0.0,820,3627.70745
0.0,820,3627.707459
-6.7055225e-08,820,3627.707468
0.0,820,3672.259298
-2.9802322e-08,820,3672.259336
0.0,820,3672.259354
0.0,820,3672.259367
1.4901161e-08,820,3672.25938
0.0,820,3672.259393
0.0,820,3672.259404
7.450581e-09,820,3672.259416
-2.9802322e-08,820,3672.259428
1.4901161e-08,820,3672.25944
2.2351742e-08,820,3672.259451
-4.0978193e-08,820,3672.259463
-5.9604645e-08,820,3672.259475
0.0,820,3672.259487
0.0,820,3672.259498
-1.8626451e-08,820,3672.259509
0.0,820,3711.209578
1.8626451e-08,820,3711.209617
0.0,820,3711.209634
0.0,820,3711.209646
2.9802322e-08,820,3711.209657
0.0,820,3711.209668
-2.9802322e-08,820,3711.209678
-2.2351742e-08,820,3711.209689
-0.019999985,820,3711.209699
-0.02,820,3711.20971
1.4901161e-08,820,3711.20972
-3.3527613e-08,820,3711.20973
0.0,820,3711.20974
0.0,820,3711.209749
0.0,820,3711.209758
0.0,820,3711.209767
0.0,820,3750.274323
-2.9802322e-08,820,3750.274358
0.0,820,3750.274375
0.0,820,3750.274388
2.2351742e-08,820,3750.2744
0.0,820,3750.274414
2.6077032e-08,820,3750.274425
-0.009999985,820,3750.274438
-2.9802322e-08,820,3750.27445
-0.020000003,820,3750.274463
2.2351742e-08,820,3750.274475
2.9802322e-08,820,3750.274487
3.7252903e-09,820,3750.274498
0.0,820,3750.27451
0.0,820,3750.274521
-1.8626451e-08,820,3750.274533
0.0,820,3793.33591
-5.9604645e-08,820,3793.335947
0.0,820,3793.335963
0.0,820,3793.335975
-2.9802322e-08,820,3793.335984
0.0,820,3793.335995
-1.8626451e-08,820,3793.336005
-1.1175871e-08,820,3793.336016
-5.9604645e-08,820,3793.336027
-0.020000014,820,3793.336037
-7.450581e-09,820,3793.336047
7.450581e-09,820,3793.33606
0.0,820,3793.336072
0.0,820,3793.336082
0.0,820,3793.336091
-4.8428774e-08,820,3793.336101
0.0,820,3832.222166
1.4901161e-08,820,3832.222202
0.0,820,3832.222219
0.0,820,3832.222233
3.7252903e-08,820,3832.222245
0.0,820,3832.222258
-0.019999977,820,3832.22227
-3.7252903e-09,820,3832.222282
-0.059999987,820,3832.222295
5.9604645e-08,820,3832.222307
-0.119999975,820,3832.222319
3.9115548e-08,820,3832.222331
-0.03000003,820,3832.222343
0.0,820,3832.222355
0.0,820,3832.222367
-4.8428774e-08,820,3832.222378
0.0,820,3876.703871
-1.4901161e-08,820,3876.703904
0.0,820,3876.703921
0.0,820,3876.703933
-2.9802322e-08,820,3876.703944
0.0,820,3876.703955
-0.019999988,820,3876.703966
3.7252903e-09,820,3876.703977
-0.049999896,820,3876.703988
0.0,820,3876.703998
2.9802322e-08,820,3876.704007
-1.4901161e-08,820,3876.704017
-5.5879354e-09,820,3876.704027
0.0,820,3876.704037
0.0,820,3876.704046
3.7252903e-08,820,3876.704055
0.0,820,3915.460923
-7.450581e-09,820,3915.460958
0.0,820,3915.460974
0.0,820,3915.460986
-1.8626451e-08,820,3915.460997
0.0,820,3915.461008
-0.01,820,3915.461019
-0.02,820,3915.461029
-0.03000004,820,3915.46104
0.0,820,3915.46105
-2.2351742e-08,820,3915.461059
-2.2351742e-08,820,3915.461069
3.7252903e-09,820,3915.461079
0.0,820,3915.461089
0.0,820,3915.461098
0.0,820,3915.461107
0.0,820,3954.272205
1.4901161e-08,820,3954.272241
0.0,820,3954.272257
0.0,820,3954.272269
0.0,820,3954.272279
0.0,820,3954.272289
-0.050000075,820,3954.272299
-1.1175871e-08,820,3954.27231
-0.04,820,3954.272321
-0.019999946,820,3954.272331
1.4901161e-08,820,3954.272341
7.450581e-09,820,3954.272351
-7.450581e-09,820,3954.272361
0.0,820,3954.272371
0.0,820,3954.27238
7.450581e-09,820,3954.272389
0.0,820,3997.472294
-1.4901161e-08,820,3997.47233
0.0,820,3997.472347
0.0,820,3997.472359
1.1175871e-08,820,3997.47237
0.0,820,3997.472381
-5.2154064e-08,820,3997.472392
-1.4901161e-08,820,3997.472402
-0.01999997,820,3997.472412
-0.02999997,820,3997.472422
0.0,820,3997.472433
7.450581e-09,820,3997.472442
1.4901161e-08,820,3997.472452
0.0,820,3997.472461
0.0,820,3997.472471
-1.8626451e-08,820,3997.472479
0.0,820,4036.375897
2.2351742e-08,820,4036.375934
0.0,820,4036.37595
0.0,820,4036.375962
-2.9802322e-08,820,4036.375973
0.0,820,4036.375984
-7.4505806e-08,820,4036.375995
0.0,820,4036.376005
-0.05000003,820,4036.376015
2.2351742e-08,820,4036.376025
7.450581e-09,820,4036.376036
0.0,820,4036.376045
1.8626451e-08,820,4036.376055
0.0,820,4036.376065
0.0,820,4036.376073
-2.9802322e-08,820,4036.376082
0.0,820,4079.497438
-2.9802322e-08,820,4079.497473
0.0,820,4079.497491
0.0,820,4079.497504
0.0,820,4079.497517
0.0,820,4079.497529
7.450581e-09,820,4079.49754
3.7252903e-09,820,4079.497553
-0.039999984,820,4079.497565
-2.2351742e-08,820,4079.497577
2.6077032e-08,820,4079.497589
-7.450581e-09,820,4079.497601
0.0,820,4079.497612
0.0,820,4079.497624
0.0,820,4079.497635
4.4703484e-08,820,4079.497646
0.0,820,4118.333319
0.0,820,4118.333359
0.0,820,4118.333374
0.0,820,4118.333385
-7.450581e-09,820,4118.333395
0.0,820,4118.333407
-0.019999992,820,4118.333417
3.7252903e-09,820,4118.333428
-0.029999806,820,4118.333438
-0.019999955,820,4118.333448
4.0978193e-08,820,4118.333458
-4.4703484e-08,820,4118.333468
0.0,820,4118.333478
0.0,820,4118.333487
0.0,820,4118.333496
3.7252903e-08,820,4118.333505
0.0,820,4157.261101
-1.4901161e-08,820,4157.261143
0.0,820,4157.261158
0.0,820,4157.261168
-5.2154064e-08,820,4157.261177
0.0,820,4157.261187
0.0,820,4157.261196
-1.1175871e-08,820,4157.261204
-2.2351742e-08,820,4157.261214
-4.8428774e-08,820,4157.261223
7.450581e-09,820,4157.261233
4.8428774e-08,820,4157.261242
-2.2351742e-08,820,4157.261252
0.0,820,4157.261261
0.0,820,4157.26127
1.4901161e-08,820,4157.261278
0.0,820,4200.080462
2.9802322e-08,820,4200.080496
0.0,820,4200.080512
0.0,820,4200.080524
4.4703484e-08,820,4200.080535
0.0,820,4200.080546
-8.940697e-08,820,4200.080556
-1.1175871e-08,820,4200.080566
6.7055225e-08,820,4200.080582
-0.029999977,820,4200.080594
0.0,820,4200.080605
-3.7252903e-09,820,4200.080614
-0.01999998,820,4200.080624
0.0,820,4200.080634
0.0,820,4200.080642
-2.9802322e-08,820,4200.080652
0.0,820,4238.972975
1.1175871e-08,820,4238.973008
0.0,820,4238.973026
0.0,820,4238.973039
2.2351742e-08,820,4238.973052
0.0,820,4238.973065
0.0,820,4238.973077
-1.8626451e-08,820,4238.973088
1.1175871e-08,820,4238.9731
-0.01999991,820,4238.973112
0.0,820,4238.973124
-3.7252903e-09,820,4238.973136
-1.4901161e-08,820,4238.973148
0.0,820,4238.97316
0.0,820,4238.973171
2.2351742e-08,820,4238.973182
0.0,820,4282.086941
0.0,820,4282.086977
0.0,820,4282.086992
0.0,820,4282.087003
7.450581e-09,820,4282.087014
0.0,820,4282.087026
-4.8428774e-08,820,4282.087036
-0.020000007,820,4282.087047
2.9802322e-08,820,4282.087058
-0.049999923,820,4282.087068
-1.4901161e-08,820,4282.087078
1.4901161e-08,820,4282.087088
-1.4901161e-08,820,4282.087098
0.0,820,4282.087108
0.0,820,4282.087117
2.6077032e-08,820,4282.087126
0.0,820,4320.856198
1.4901161e-08,820,4320.856231
0.0,820,4320.856247
0.0,820,4320.856259
-3.7252903e-09,820,4320.856269
0.0,820,4320.85628
-6.7055225e-08,820,4320.85629
3.7252903e-09,820,4320.856301
-0.02000004,820,4320.856312
-1.8626451e-08,820,4320.856322
1.4901161e-08,820,4320.856332
-2.9802322e-08,820,4320.856342
-2.9802322e-08,820,4320.856352
0.0,820,4320.856362
0.0,820,4320.856371
0.0,820,4320.85638
0.0,820,4359.736418
3.3527613e-08,820,4359.736453
0.0,820,4359.73647
0.0,820,4359.736481
-2.9802322e-08,820,4359.736492
0.0,820,4359.736503
-1.4901161e-08,820,4359.736514
3.7252903e-09,820,4359.736525
-0.01999988,820,4359.736535
-0.019999955,820,4359.736545
1.8626451e-08,820,4359.736555
3.7252903e-09,820,4359.736565
3.7252903e-09,820,4359.736575
0.0,820,4359.736584
0.0,820,4359.736594
2.6077032e-08,820,4359.736603
0.0,820,4403.012267
0.0,820,4403.012303
0.0,820,4403.012318
0.0,820,4403.012329
-2.9802322e-08,820,4403.012339
0.0,820,4403.012351
-0.020000007,820,4403.012362
-7.450581e-09,820,4403.012372
-0.01999997,820,4403.012383
8.195639e-08,820,4403.012393
-0.18999998,820,4403.012403
-4.0978193e-08,820,4403.012414
-0.01999997,820,4403.012424
0.0,820,4403.012433
0.0,820,4403.012442
2.9802322e-08,820,4403.012451
0.0,820,4442.133756
-1.4901161e-08,820,4442.133791
0.0,820,4442.133807
0.0,820,4442.133819
-2.6077032e-08,820,4442.13383
0.0,820,4442.133841
-1.4901161e-08,820,4442.133851
-1.4901161e-08,820,4442.133862
7.4505806e-08,820,4442.133872
-0.02999997,820,4442.133882
0.0,820,4442.133892
-3.3527613e-08,820,4442.133902
-2.2351742e-08,820,4442.133911
0.0,820,4442.133921
0.0,820,4442.13393
-7.450581e-09,820,4442.133939
0.0,820,4484.965503
-8.195639e-08,820,4484.965539
0.0,820,4484.965555
0.0,820,4484.965566
-7.4505806e-08,820,4484.965577
0.0,820,4484.965589
1.4901161e-08,820,4484.965598
-1.1175871e-08,820,4484.96561
3.7252903e-09,820,4484.96562
-0.020000037,820,4484.965631
1.1175871e-08,820,4484.965641
3.7252903e-09,820,4484.965651
-3.7252903e-09,820,4484.965661
0.0,820,4484.965671
0.0,820,4484.96568
-3.3527613e-08,820,4484.965689
0.0,820,4523.624189
0.0,820,4523.624223
3.7252903e-09,820,4523.624238
0.0,820,4523.624251
-7.450581e-09,820,4523.624262
0.0,820,4523.624273
3.3527613e-08,820,4523.624283
-1.1175871e-08,820,4523.624294
-0.11000003,820,4523.624305
-0.020000014,820,4523.624315
-0.19000001,820,4523.624325
-1.8626451e-08,820,4523.624335
0.0,820,4523.624345
0.0,820,4523.624354
0.0,820,4523.624362
7.450581e-09,820,4523.624372
0.0,820,4562.466924
1.4901161e-08,820,4562.466961
0.0,820,4562.466978
0.0,820,4562.466992
2.9802322e-08,820,4562.467003
0.0,820,4562.467017
1.4901161e-08,820,4562.467028
-2.2351742e-08,820,4562.467041
-5.9604645e-08,820,4562.467053
1.4901161e-08,820,4562.467065
-0.18,820,4562.467077
-1.4901161e-08,820,4562.467088
-1.4901161e-08,820,4562.4671
0.0,820,4562.467112
0.0,820,4562.467123
3.7252903e-09,820,4562.467134
0.0,820,4605.642254
0.0,820,4605.642294
0.0,820,4605.642312
0.0,820,4605.642326
8.940697e-08,820,4605.642338
0.0,820,4605.642351
-0.06000004,820,4605.642363
-1.4901161e-08,820,4605.642376
7.4505806e-08,820,4605.642389
-6.7055225e-08,820,4605.642401
-0.19000001,820,4605.642413
-5.5879354e-08,820,4605.642425
0.0,820,4605.642437
0.0,820,4605.642448
0.0,820,4605.642459
2.9802322e-08,820,4605.64247
0.0,820,4644.862222
-1.4901161e-08,820,4644.862256
0.0,820,4644.862271
0.0,820,4644.862281
-2.9802322e-08,820,4644.862289
0.0,820,4644.862299
-0.00999997,820,4644.862308
-1.1175871e-08,820,4644.862317
-2.9802322e-08,820,4644.862327
-2.9802322e-08,820,4644.862336
-1.1175871e-08,820,4644.862345
-3.7252903e-08,820,4644.862354
3.7252903e-09,820,4644.862363
0.0,820,4644.862373
0.0,820,4644.862381
0.0,820,4644.86239
0.0,820,4687.971597
-1.4901161e-08,820,4687.971632
0.0,820,4687.971649
0.0,820,4687.971661
0.0,820,4687.971672
0.0,820,4687.971682
-1.4901161e-08,820,4687.971692
-2.2351742e-08,820,4687.971703
2.9802322e-08,820,4687.971714
-0.019999985,820,4687.971724
1.4901161e-08,820,4687.971734
-1.4901161e-08,820,4687.971744
-5.5879354e-08,820,4687.971754
0.0,820,4687.971764
0.0,820,4687.971773
-7.450581e-09,820,4687.971782
0.0,820,4726.695355
7.450581e-09,820,4726.695391
0.0,820,4726.695408
0.0,820,4726.69542
-1.1175871e-08,820,4726.695431
0.0,820,4726.695442
3.7252903e-09,820,4726.695452
-5.5879354e-09,820,4726.695463
7.450581e-09,820,4726.695474
4.4703484e-08,820,4726.695484
-0.19,820,4726.695494
3.7252903e-08,820,4726.695504
2.2351742e-08,820,4726.695513
0.0,820,4726.695524
0.0,820,4726.695533
2.6077032e-08,820,4726.695542
0.0,820,4765.630551
1.4901161e-08,820,4765.630587
0.0,820,4765.630603
0.0,820,4765.630615
-2.9802322e-08,820,4765.630625
0.0,820,4765.630636
1.4901161e-08,820,4765.630646
7.450581e-09,820,4765.630657
1.15484e-07,820,4765.630667
0.0,820,4765.630678
3.7252903e-09,820,4765.630687
2.2351742e-08,820,4765.630697
7.450581e-09,820,4765.630707
0.0,820,4765.630717
0.0,820,4765.630727
2.9802322e-08,820,4765.630736
0.0,820,4808.839497
0.0,820,4808.839536
0.0,820,4808.83955
0.0,820,4808.839561
2.9802322e-08,820,4808.839569
0.0,820,4808.83958
-2.9802322e-08,820,4808.839589
-1.1175871e-08,820,4808.839598
-0.040000014,820,4808.839608
-7.450581e-09,820,4808.839617
7.4505806e-08,820,4808.839627
-2.2351742e-08,820,4808.839636
-5.9604645e-08,820,4808.839645
0.0,820,4808.839655
0.0,820,4808.839663
5.2154064e-08,820,4808.839672
0.0,820,4847.697074
-2.9802322e-08,820,4847.697111
0.0,820,4847.697129
0.0,820,4847.697143
2.9802322e-08,820,4847.697155
0.0,820,4847.697168
0.0,820,4847.697179
-0.03000001,820,4847.69719
2.9802322e-08,820,4847.697203
-3.7252903e-09,820,4847.697215
2.2351742e-08,820,4847.697227
-2.2351742e-08,820,4847.697239
-2.9802322e-08,820,4847.697251
0.0,820,4847.697263
0.0,820,4847.697274
2.2351742e-08,820,4847.697285
0.0,820,4890.657978
-3.7252903e-09,820,4890.658015
0.0,820,4890.658031
0.0,820,4890.658042
-2.9802322e-08,820,4890.658051
0.0,820,4890.658064
0.0,820,4890.658074
-7.450581e-09,820,4890.658084
-5.9604645e-08,820,4890.658094
-0.01999997,820,4890.658105
-7.450581e-09,820,4890.658115
2.2351742e-08,820,4890.658125
1.1175871e-08,820,4890.658136
0.0,820,4890.658145
0.0,820,4890.658155
7.450581e-09,820,4890.658163
0.0,820,4929.244384
-2.2351742e-08,820,4929.244453
0.0,820,4929.244472
0.0,820,4929.244483
-3.7252903e-08,820,4929.244492
0.0,820,4929.244502
2.6077032e-08,820,4929.24451
7.450581e-09,820,4929.24452
2.9802322e-08,820,4929.24453
0.0,820,4929.244539
-7.450581e-09,820,4929.244548
-0.10999997,820,4929.244558
-3.7252903e-08,820,4929.244567
0.0,820,4929.244576
0.0,820,4929.244585
3.7252903e-09,820,4929.244594
0.0,820,4968.36085
-1.4901161e-08,820,4968.360887
0.0,820,4968.360904
0.0,820,4968.360916
7.450581e-09,820,4968.360927
0.0,820,4968.360939
1.4901161e-08,820,4968.360949
3.7252903e-09,820,4968.36096
-0.03999987,820,4968.36097
4.0978193e-08,820,4968.360981
7.450581e-09,820,4968.360991
1.4901161e-08,820,4968.361003
-2.7939677e-08,820,4968.361015
0.0,820,4968.361026
0.0,820,4968.361035
-2.2351742e-08,820,4968.361044
0.0,820,5011.335557
-7.450581e-09,820,5011.335596
0.0,820,5011.335613
0.0,820,5011.335627
-8.940697e-08,820,5011.335639
0.0,820,5011.335652
-0.020000082,820,5011.335664
-3.7252903e-09,820,5011.335676
-0.05000014,820,5011.335688
-0.020000033,820,5011.3357
-5.2154064e-08,820,5011.335712
7.450581e-09,820,5011.335724
5.2154064e-08,820,5011.335737
0.0,820,5011.335748
0.0,820,5011.33576
7.450581e-09,820,5011.335771
0.0,820,5049.973224
7.450581e-09,820,5049.97326
0.0,820,5049.973277
0.0,820,5049.97329
1.1175871e-08,820,5049.973303
0.0,820,5049.973316
0.0,820,5049.973328
-7.450581e-09,820,5049.973339
2.9802322e-08,820,5049.973351
0.0,820,5049.973363
7.450581e-09,820,5049.973374
-4.0978193e-08,820,5049.973386
-2.6077032e-08,820,5049.973398
0.0,820,5049.97341
0.0,820,5049.973421
2.9802322e-08,820,5049.973432
0.0,820,5092.967448
-2.9802322e-08,820,5092.967484
0.0,820,5092.9675
0.0,820,5092.967513
5.9604645e-08,820,5092.967523
0.0,820,5092.967535
-1.4901161e-08,820,5092.967545
-1.8626451e-08,820,5092.967556
8.940697e-08,820,5092.967566
-1.8626451e-08,820,5092.967577
-0.10000001,820,5092.967587
-1.4901161e-08,820,5092.967597
7.450581e-09,820,5092.967607
0.0,820,5092.967617
0.0,820,5092.967626
1.4901161e-08,820,5092.967635
0.0,820,5131.857123
-2.9802322e-08,820,5131.857157
0.0,820,5131.857173
0.0,820,5131.857184
2.9802322e-08,820,5131.857195
0.0,820,5131.857206
1.4901161e-08,820,5131.857217
-0.009999996,820,5131.857227
-0.010000015,820,5131.857238
-2.2351742e-08,820,5131.857248
-1.1175871e-08,820,5131.857258
5.2154064e-08,820,5131.857268
-0.010000007,820,5131.857277
0.0,820,5131.857287
0.0,820,5131.857296
5.9604645e-08,820,5131.857305
0.0,820,5170.657945
-7.450581e-09,820,5170.657981
0.0,820,5170.657998
0.0,820,5170.65801
0.0,820,5170.65802
0.0,820,5170.658031
-0.009999974,820,5170.658041
-1.8626451e-08,820,5170.658052
-0.06999989,820,5170.658063
0.0,820,5170.658072
2.9802322e-08,820,5170.658082
-1.1175871e-08,820,5170.658092
-3.7252903e-09,820,5170.658102
0.0,820,5170.658112
0.0,820,5170.658121
-3.7252903e-09,820,5170.65813
0.0,820,5213.808182
1.4901161e-08,820,5213.808215
0.0,820,5213.808231
0.0,820,5213.808243
0.0,820,5213.808253
0.0,820,5213.808263
-0.019999992,820,5213.808273
-1.4901161e-08,820,5213.808284
5.2154064e-08,820,5213.808295
8.195639e-08,820,5213.808306
-2.6077032e-08,820,5213.808316
-1.8626451e-08,820,5213.808326
0.0,820,5213.808336
0.0,820,5213.808345
0.0,820,5213.808354
-4.4703484e-08,820,5213.808363
0.0,820,5252.362795
0.0,820,5252.362828
0.0,820,5252.362843
0.0,820,5252.362855
-5.9604645e-08,820,5252.362865
0.0,820,5252.362876
2.9802322e-08,820,5252.362886
1.4901161e-08,820,5252.362897
-0.039999805,820,5252.362907
-0.01,820,5252.362918
-0.019999936,820,5252.362927
-5.9604645e-08,820,5252.362937
-0.070000015,820,5252.362947
0.0,820,5252.362957
0.0,820,5252.362966
-7.450581e-09,820,5252.362974
0.0,820,5295.346169
-1.4901161e-08,820,5295.346202
0.0,820,5295.346219
0.0,820,5295.346231
-2.9802322e-08,820,5295.346241
0.0,820,5295.346252
-0.010000018,820,5295.346262
-1.4901161e-08,820,5295.346273
-0.08999994,820,5295.346284
-2.9802322e-08,820,5295.346294
3.7252903e-09,820,5295.346303
0.0,820,5295.346313
0.0,820,5295.346323
0.0,820,5295.346331
0.0,820,5295.346341
0.0,820,5295.346349
0.0,820,5334.176366
-1.4901161e-08,820,5334.176402
0.0,820,5334.176419
0.0,820,5334.176431
-3.5390258e-08,820,5334.176442
0.0,820,5334.176453
-0.009999948,820,5334.176464
0.0,820,5334.176474
-1.1175871e-07,820,5334.176484
2.9802322e-08,820,5334.176495
-2.2351742e-08,820,5334.176505
2.2351742e-08,820,5334.176515
2.6077032e-08,820,5334.176525
0.0,820,5334.176535
0.0,820,5334.176544
2.9802322e-08,820,5334.176553
0.0,820,5373.023515
-1.4901161e-08,820,5373.023551
0.0,820,5373.023567
0.0,820,5373.023579
0.0,820,5373.02359
0.0,820,5373.0236
-0.04000003,820,5373.02361
-0.040000025,820,5373.023624
7.450581e-09,820,5373.023637
4.4703484e-08,820,5373.023648
-0.020000026,820,5373.023658
-1.1175871e-08,820,5373.023668
1.4901161e-08,820,5373.023678
0.0,820,5373.023688
0.0,820,5373.023697
2.2351742e-08,820,5373.023706
0.0,820,5416.394026
0.0,820,5416.394061
0.0,820,5416.394076
0.0,820,5416.394087
0.0,820,5416.394098
0.0,820,5416.394108
-4.0978193e-08,820,5416.394118
0.0,820,5416.39413
-0.009999961,820,5416.39414
-0.02,820,5416.39415
0.0,820,5416.39416
1.1175871e-08,820,5416.394169
-7.450581e-09,820,5416.394179
0.0,820,5416.394189
0.0,820,5416.394198
-1.1175871e-08,820,5416.394207
0.0,820,5455.226383
0.0,820,5455.22642
0.0,820,5455.226435
0.0,820,5455.226446
-7.450581e-09,820,5455.226457
0.0,820,5455.226469
-5.2154064e-08,820,5455.226479
-9.313226e-09,820,5455.22649
7.4505806e-08,820,5455.226501
9.313226e-09,820,5455.226511
-1.4901161e-08,820,5455.226521
1.4901161e-08,820,5455.226531
0.0,820,5455.226541
0.0,820,5455.226551
0.0,820,5455.226559
5.9604645e-08,820,5455.226569
0.0,820,5497.939915
0.0,820,5497.939948
0.0,820,5497.939962
0.0,820,5497.939973
0.0,820,5497.939983
0.0,820,5497.939993
-2.2351742e-08,820,5497.940003
-0.02000001,820,5497.940014
-0.01999997,820,5497.940025
2.9802322e-08,820,5497.940036
-1.3038516e-08,820,5497.940046
5.9604645e-08,820,5497.940056
-2.9802322e-08,820,5497.940066
0.0,820,5497.940076
0.0,820,5497.940085
3.7252903e-09,820,5497.940094
0.0,820,5537.038996
1.1175871e-08,820,5537.039032
0.0,820,5537.039049
0.0,820,5537.039063
1.4901161e-08,820,5537.039075
0.0,820,5537.039088
-7.450581e-09,820,5537.0391
0.0,820,5537.039112
-0.03000003,820,5537.039123
7.4505806e-08,820,5537.039135
1.8626451e-09,820,5537.039147
-3.7252903e-09,820,5537.039159
7.450581e-09,820,5537.039171
0.0,820,5537.039184
0.0,820,5537.039195
-2.9802322e-08,820,5537.039206
0.0,820,5576.039716
-6.3329935e-08,820,5576.039749
0.0,820,5576.039765
0.0,820,5576.039777
0.0,820,5576.039787
0.0,820,5576.039797
-1.4901161e-08,820,5576.039807
0.0,820,5576.039817
-0.03999988,820,5576.039827
3.7252903e-08,820,5576.039837
-5.2154064e-08,820,5576.039847
1.4901161e-08,820,5576.039857
0.0,820,5576.039867
0.0,820,5576.039875
0.0,820,5576.039884
7.4505806e-08,820,5576.039893
0.0,820,5619.156457
-3.7252903e-09,820,5619.156494
0.0,820,5619.15651
0.0,820,5619.156522
1.0058284e-07,820,5619.156533
0.0,820,5619.156544
2.9802322e-08,820,5619.156554
-1.4901161e-08,820,5619.156565
1.1920929e-07,820,5619.156576
0.0,820,5619.156586
4.8428774e-08,820,5619.156595
-2.9802322e-08,820,5619.156605
-0.060000017,820,5619.156614
0.0,820,5619.156624
0.0,820,5619.156633
-2.2351742e-08,820,5619.156642
0.0,820,5658.112087
-7.450581e-09,820,5658.112122
0.0,820,5658.112139
0.0,820,5658.112153
3.7252903e-09,820,5658.112165
0.0,820,5658.112179
-0.019999985,820,5658.112191
0.0,820,5658.112203
-0.05000003,820,5658.112214
4.4703484e-08,820,5658.112226
-1.4901161e-08,820,5658.112238
-1.1175871e-08,820,5658.11225
1.4901161e-08,820,5658.112262
0.0,820,5658.112274
0.0,820,5658.112286
1.4901161e-08,820,5658.112297
0.0,820,5700.98565
-7.450581e-09,820,5700.985686
0.0,820,5700.985704
0.0,820,5700.985717
3.7252903e-09,820,5700.985729
0.0,820,5700.985743
-2.6077032e-08,820,5700.985754
-7.450581e-09,820,5700.985766
-1.0803342e-07,820,5700.985779
-0.019999977,820,5700.98579
1.8626451e-08,820,5700.985803
0.0,820,5700.985815
3.7252903e-09,820,5700.985826
0.0,820,5700.985838
0.0,820,5700.985849
2.9802322e-08,820,5700.98586
0.0,820,5739.766061
-4.0978193e-08,820,5739.766096
0.0,820,5739.766114
0.0,820,5739.766127
2.9802322e-08,820,5739.76614
0.0,820,5739.766153
-8.195639e-08,820,5739.766165
-0.039999995,820,5739.766177
-0.020000167,820,5739.766189
7.450581e-09,820,5739.766201
0.0,820,5739.766214
-1.4901161e-08,820,5739.766225
0.0,820,5739.766237
0.0,820,5739.766248
0.0,820,5739.766259
-6.3329935e-08,820,5739.76627
0.0,820,5778.674033
1.4901161e-08,820,5778.674069
0.0,820,5778.674087
0.0,820,5778.6741
-2.2351742e-08,820,5778.674113
0.0,820,5778.674128
-2.9802322e-08,820,5778.674142
-1.1175871e-08,820,5778.674155
-9.685755e-08,820,5778.674167
1.8626451e-08,820,5778.674179
-7.450581e-09,820,5778.674192
4.4703484e-08,820,5778.674203
2.9802322e-08,820,5778.674215
0.0,820,5778.674227
0.0,820,5778.674239
1.4901161e-08,820,5778.67425
0.0,820,5821.395253
0.0,820,5821.395286
0.0,820,5821.395302
0.0,820,5821.395315
1.4901161e-08,820,5821.395327
0.0,820,5821.39534
2.2351742e-08,820,5821.395353
-0.029999996,820,5821.395365
-0.04999994,820,5821.395377
2.9802322e-08,820,5821.395389
1.8626451e-09,820,5821.395401
-7.450581e-09,820,5821.395413
1.4901161e-08,820,5821.395426
0.0,820,5821.395437
0.0,820,5821.395449
0.0,820,5821.39546
0.0,820,5859.987518
0.0,820,5859.987553
0.0,820,5859.987568
0.0,820,5859.98758
0.0,820,5859.98759
0.0,820,5859.9876
0.0,820,5859.98761
-0.010000011,820,5859.98762
1.4901161e-08,820,5859.987631
-2.9802322e-08,820,5859.987642
1.4901161e-08,820,5859.987653
1.4901161e-08,820,5859.987663
2.2351742e-08,820,5859.987673
0.0,820,5859.987683
0.0,820,5859.987692
-1.8626451e-08,820,5859.987701
0.0,820,5903.27779
0.0,820,5903.277825
0.0,820,5903.27784
0.0,820,5903.277852
-4.4703484e-08,820,5903.277863
0.0,820,5903.277875
3.7252903e-08,820,5903.277886
-3.7252903e-09,820,5903.277898
-0.009999897,820,5903.27791
0.0,820,5903.277921
1.8626451e-08,820,5903.277933
-2.2351742e-08,820,5903.277944
-1.4901161e-08,820,5903.277956
0.0,820,5903.277967
0.0,820,5903.277978
-7.450581e-09,820,5903.277989
0.0,820,5941.891262
-2.9802322e-08,820,5941.891298
0.0,820,5941.891314
0.0,820,5941.891326
-6.7055225e-08,820,5941.891336
0.0,820,5941.891347
-7.450581e-09,820,5941.891357
-1.1175871e-08,820,5941.891367
-0.0099999625,820,5941.891377
-0.02000001,820,5941.891387
0.0,820,5941.891397
2.9802322e-08,820,5941.891406
2.9802322e-08,820,5941.891416
0.0,820,5941.891426
0.0,820,5941.891434
-7.450581e-09,820,5941.891443
0.0,820,5980.792555
0.0,820,5980.792591
0.0,820,5980.792607
0.0,820,5980.79262
0.0,820,5980.792632
0.0,820,5980.792644
-0.0100000445,820,5980.792656
-0.02000001,820,5980.792669
2.9802322e-08,820,5980.792681
-0.04000001,820,5980.792693
-6.3329935e-08,820,5980.792705
-3.7252903e-09,820,5980.792717
-7.450581e-09,820,5980.79273
0.0,820,5980.792742
0.0,820,5980.792753
1.4901161e-08,820,5980.792764
0.0,820,6023.432213
2.9802322e-08,820,6023.432249
0.0,820,6023.432266
0.0,820,6023.43228
-5.9604645e-08,820,6023.432292
0.0,820,6023.432305
-1.4901161e-08,820,6023.432317
-3.7252903e-09,820,6023.432329
-0.08999996,820,6023.432341
1.4901161e-08,820,6023.432353
-2.2351742e-08,820,6023.432365
-7.4505806e-08,820,6023.432377
-0.10000003,820,6023.432389
0.0,820,6023.4324
0.0,820,6023.432412
-2.9802322e-08,820,6023.432423
0.0,820,6061.971554
1.4901161e-08,820,6061.971587
0.0,820,6061.971603
0.0,820,6061.971615
-3.7252903e-08,820,6061.971625
0.0,820,6061.971636
-1.4901161e-08,820,6061.971646
-2.2351742e-08,820,6061.971657
1.4901161e-07,820,6061.971667
-0.03,820,6061.971677
7.450581e-09,820,6061.971687
-3.1664968e-08,820,6061.971697
-7.450581e-09,820,6061.971707
0.0,820,6061.971717
0.0,820,6061.971725
2.9802322e-08,820,6061.971734
0.0,820,6104.57117
0.0,820,6104.571206
0.0,820,6104.571221
0.0,820,6104.571233
-2.9802322e-08,820,6104.571243
0.0,820,6104.571254
-3.7252903e-09,820,6104.571264
-0.0100000035,820,6104.571275
-7.8231096e-08,820,6104.571285
-1.8626451e-09,820,6104.571296
-6.7055225e-08,820,6104.571306
-1.4901161e-08,820,6104.571317
-2.9802322e-08,820,6104.571327
0.0,820,6104.571337
0.0,820,6104.571346
0.0,820,6104.571355
0.0,820,6143.351542
3.7252903e-09,820,6143.351577
0.0,820,6143.351593
0.0,820,6143.351604
1.1175871e-08,820,6143.351615
0.0,820,6143.351626
-5.2154064e-08,820,6143.351636
-1.4901161e-08,820,6143.351647
-0.07000009,820,6143.351657
-0.04,820,6143.351667
7.450581e-09,820,6143.351677
2.6077032e-08,820,6143.351687
2.2351742e-08,820,6143.351697
0.0,820,6143.351707
0.0,820,6143.351716
7.450581e-09,820,6143.351725
0.0,820,6182.171249
0.0,820,6182.171284
0.0,820,6182.1713
0.0,820,6182.171313
-1.4901161e-08,820,6182.171326
0.0,820,6182.17134
-1.1175871e-08,820,6182.171351
-1.1175871e-08,820,6182.171364
-4.4703484e-08,820,6182.171376
-0.019999985,820,6182.171388
-1.4901161e-08,820,6182.171401
-4.0978193e-08,820,6182.171412
3.7252903e-09,820,6182.171424
0.0,820,6182.171437
0.0,820,6182.171448
3.7252903e-08,820,6182.171459
0.0,820,6225.149414
-1.4901161e-08,820,6225.149449
0.0,820,6225.149466
0.0,820,6225.149477
-3.7252903e-08,820,6225.149488
0.0,820,6225.1495
-2.9802322e-08,820,6225.14951
-7.450581e-09,820,6225.14952
-0.030000022,820,6225.149531
1.4901161e-08,820,6225.149541
1.4901161e-08,820,6225.149552
-3.3527613e-08,820,6225.149561
1.4901161e-08,820,6225.149571
0.0,820,6225.149581
0.0,820,6225.14959
2.9802322e-08,820,6225.149599
0.0,820,6263.904506
-2.2351742e-08,820,6263.904541
0.0,820,6263.904559
0.0,820,6263.904572
-1.1175871e-08,820,6263.904585
0.0,820,6263.904598
-0.03,820,6263.904609
-1.4901161e-08,820,6263.904622
-0.010000026,820,6263.904634
-0.030000003,820,6263.904646
-7.450581e-09,820,6263.904658
2.2351742e-08,820,6263.90467
2.9802322e-08,820,6263.904683
0.0,820,6263.904695
0.0,820,6263.904707
0.0,820,6263.904718
0.0,820,6306.845405
-1.4901161e-08,820,6306.84544
0.0,820,6306.845456
0.0,820,6306.845468
1.4901161e-08,820,6306.845479
0.0,820,6306.84549
-0.03,820,6306.8455
-1.1175871e-08,820,6306.84551
-0.090000026,820,6306.845521
-2.9802322e-08,820,6306.845531
-0.020000044,820,6306.845542
-1.4901161e-08,820,6306.845552
-1.4901161e-08,820,6306.845562
0.0,820,6306.845572
0.0,820,6306.845581
0.0,820,6306.84559
0.0,820,6345.48729
-3.7252903e-08,820,6345.487325
0.0,820,6345.487341
0.0,820,6345.487353
0.0,820,6345.487364
0.0,820,6345.487374
-0.01,820,6345.487384
3.7252903e-09,820,6345.487394
3.7252903e-09,820,6345.487405
1.4901161e-08,820,6345.487416
-2.9802322e-08,820,6345.487426
0.0,820,6345.487436
0.0,820,6345.487446
0.0,820,6345.487454
0.0,820,6345.487464
-1.4901161e-08,820,6345.487472
0.0,820,6384.414161
-1.4901161e-08,820,6384.414194
0.0,820,6384.41421
0.0,820,6384.414222
1.8626451e-08,820,6384.414233
0.0,820,6384.414244
1.1175871e-08,820,6384.414254
-0.030000007,820,6384.414265
-0.049999993,820,6384.414275
7.450581e-09,820,6384.414285
2.9802322e-08,820,6384.414295
-1.1175871e-08,820,6384.414305
1.4901161e-08,820,6384.414315
0.0,820,6384.414325
0.0,820,6384.414335
-2.6077032e-08,820,6384.414344
0.0,820,6427.452204
1.1175871e-08,820,6427.452241
0.0,820,6427.452258
0.0,820,6427.45227
0.0,820,6427.452281
0.0,820,6427.452291
-7.450581e-09,820,6427.452301
7.450581e-09,820,6427.452312
-0.030000089,820,6427.452322
-5.2154064e-08,820,6427.452333
0.0,820,6427.452343
1.8626451e-08,820,6427.452353
-1.4901161e-08,820,6427.452363
0.0,820,6427.452373
0.0,820,6427.452382
1.4901161e-08,820,6427.45239
0.0,820,6466.365986
-3.7252903e-08,820,6466.366021
0.0,820,6466.366038
0.0,820,6466.366052
-2.9802322e-08,820,6466.366064
0.0,820,6466.366077
-2.2351742e-08,820,6466.366089
-7.450581e-09,820,6466.366101
-5.9604645e-08,820,6466.366113
-2.9802322e-08,820,6466.366126
-1.4901161e-08,820,6466.366138
-1.4901161e-08,820,6466.36615
0.0,820,6466.366162
0.0,820,6466.366173
0.0,820,6466.366184
-2.2351742e-08,820,6466.366195
