#{"t_start": 1755472714.3638442, "env_id": "None"}
r,l,t
0.0,820,43.649647
-0.43000042,820,43.649703
0.0,820,43.649729
0.0,820,43.649747
-1.1920929e-07,820,43.649764
0.0,820,43.649781
-2.3841858e-07,820,43.649797
-2.9802322e-08,820,43.649814
-0.60999703,820,43.64983
-0.6199993,820,43.649847
1.4305115e-06,820,43.649863
-4.209578e-07,820,43.64988
-3.427267e-07,820,43.649896
0.0,820,43.649913
0.0,820,43.649928
-0.8200004,820,43.649944
0.0,820,83.719296
-1.1622906e-06,820,83.719352
0.0,820,83.719379
0.0,820,83.719399
-6.891787e-08,820,83.719418
0.0,820,83.719438
-0.020000715,820,83.719456
-0.02000004,820,83.719475
-0.12999754,820,83.719494
-0.19999999,820,83.719513
-0.34000093,820,83.719532
-4.8428774e-07,820,83.719551
-0.030000852,820,83.721166
0.0,820,83.721187
0.0,820,83.7212
-2.0861626e-07,820,83.721211
0.0,820,127.761249
-1.0728836e-06,820,127.761285
0.0,820,127.761302
0.0,820,127.761315
-1.4901161e-07,820,127.761327
0.0,820,127.76134
-2.9802322e-07,820,127.761352
-1.4901161e-08,820,127.761364
-0.23000082,820,127.761377
-6.556511e-07,820,127.761389
-0.21000063,820,127.761401
-0.080000654,820,127.761413
-2.9057264e-07,820,127.761425
0.0,820,127.761437
0.0,820,127.761448
5.9604645e-08,820,127.76146
0.0,820,167.703745
-0.61000025,820,167.70378
0.0,820,167.703796
0.0,820,167.703807
-1.3411045e-07,820,167.703818
0.0,820,167.70383
-5.364418e-07,820,167.70384
-0.13000003,820,167.70385
-0.0500014,820,167.703861
-0.6500001,820,167.703871
-1.3746321e-06,820,167.70388
-0.08000015,820,167.70389
3.7252903e-07,820,167.7039
0.0,820,167.70391
0.0,820,167.703919
1.1920929e-07,820,167.703928
0.0,820,211.447854
-8.046627e-07,820,211.44789
0.0,820,211.447906
0.0,820,211.447918
-1.4901161e-07,820,211.44793
0.0,820,211.447941
-5.9604645e-07,820,211.447951
-4.4703484e-08,820,211.447962
-0.6700003,820,211.447972
-0.02000007,820,211.447982
-1.0728836e-06,820,211.447992
-0.09000015,820,211.448002
-0.040000338,820,211.448011
0.0,820,211.448021
0.0,820,211.44803
-8.940697e-08,820,211.448039
0.0,820,251.029827
-4.4703484e-07,820,251.029861
3.7252903e-09,820,251.029877
0.0,820,251.02989
-1.7881393e-07,820,251.029901
0.0,820,251.029912
-2.3841858e-07,820,251.029922
-1.0430813e-07,820,251.029932
-0.8600005,820,251.029943
-0.55000055,820,251.029953
-8.940697e-07,820,251.029962
8.568168e-08,820,251.029972
-5.066395e-07,820,251.029982
0.0,820,251.029991
0.0,820,251.03
1.3411045e-07,820,251.030009
0.0,820,290.506458
7.4505806e-08,820,290.506491
0.0,820,290.506508
0.0,820,290.50652
-5.9604645e-08,820,290.50653
0.0,820,290.506542
-4.4703484e-08,820,290.506552
-4.0978193e-08,820,290.506562
-0.10000104,820,290.506573
-0.71000177,820,290.506583
-0.20000058,820,290.506593
-2.0861626e-07,820,290.506603
-0.07000033,820,290.506612
0.0,820,290.506622
0.0,820,290.506631
-2.1606684e-07,820,290.506639
0.0,820,333.899605
-2.9802322e-07,820,333.89964
0.0,820,333.899657
0.0,820,333.89967
-9.126961e-08,820,333.899682
0.0,820,333.899694
-2.9802322e-08,820,333.899706
0.0,820,333.899719
-0.16000026,820,333.89973
-4.3213367e-07,820,333.899742
-0.29000065,820,333.899754
-1.3411045e-07,820,333.899766
-0.3399999,820,333.899778
0.0,820,333.89979
0.0,820,333.899801
-8.940697e-08,820,333.899812
0.0,820,373.318486
-5.9604645e-08,820,373.318522
0.0,820,373.318538
0.0,820,373.31855
-1.8253922e-07,820,373.31856
0.0,820,373.318572
-2.0861626e-07,820,373.318582
-0.010000015,820,373.318592
-3.874302e-07,820,373.318603
-1.1920929e-07,820,373.318613
-0.110000476,820,373.318623
1.7881393e-07,820,373.318633
1.7881393e-07,820,373.318643
0.0,820,373.318652
0.0,820,373.318661
-5.2154064e-08,820,373.31867
0.0,820,416.71746
-7.18981e-07,820,416.717492
0.0,820,416.717508
0.0,820,416.71752
-7.450581e-09,820,416.71753
0.0,820,416.717541
-5.364418e-07,820,416.717552
0.0,820,416.717562
-9.536743e-07,820,416.717572
-2.30968e-07,820,416.717582
-0.1100006,820,416.717592
-0.11000016,820,416.717602
-3.054738e-07,820,416.717612
0.0,820,416.717621
0.0,820,416.71763
-1.4714897e-07,820,416.71768
0.0,820,455.998988
7.301569e-07,820,455.999023
0.0,820,455.99904
0.0,820,455.999052
-2.0861626e-07,820,455.999063
0.0,820,455.999074
7.4505806e-08,820,455.999084
4.4703484e-08,820,455.999095
-0.810001,820,455.999106
-0.020000119,820,455.999116
-4.246831e-07,820,455.999126
1.4901161e-07,820,455.999136
-0.02999994,820,455.999146
0.0,820,455.999155
0.0,820,455.999164
-1.3411045e-07,820,455.999173
0.0,820,495.285707
-2.2351742e-07,820,495.285742
7.450581e-09,820,495.285759
0.0,820,495.285772
-5.9604645e-08,820,495.285783
0.0,820,495.285794
-3.3527613e-08,820,495.285804
-5.5879354e-08,820,495.285815
-1.0430813e-07,820,495.285825
-1.4901161e-07,820,495.285835
-1.1920929e-06,820,495.285845
7.4505806e-08,820,495.285855
-8.940697e-08,820,495.285865
0.0,820,495.285874
0.0,820,495.285883
0.0,820,495.285892
0.0,820,538.669572
-5.9604645e-08,820,538.669608
0.0,820,538.669626
0.0,820,538.669639
-1.1175871e-08,820,538.669651
0.0,820,538.669664
-6.7055225e-08,820,538.669676
1.1175871e-08,820,538.669688
-0.040000774,820,538.6697
-0.019999858,820,538.669712
-7.264316e-07,820,538.669724
-0.019999996,820,538.669736
-1.7881393e-07,820,538.669748
0.0,820,538.66976
0.0,820,538.669771
1.8626451e-08,820,538.669783
0.0,820,578.058881
-2.0861626e-07,820,578.058914
0.0,820,578.058931
0.0,820,578.058942
-1.7881393e-07,820,578.058952
0.0,820,578.058963
-1.3411045e-07,820,578.058973
-2.9802322e-08,820,578.058984
-0.060000386,820,578.058994
-4.7683716e-07,820,578.059005
-4.4703484e-08,820,578.059015
-0.119999975,820,578.059025
-0.050000086,820,578.059034
0.0,820,578.059044
0.0,820,578.059053
5.2154064e-08,820,578.059062
0.0,820,621.480371
-4.4703484e-08,820,621.480407
0.0,820,621.480423
0.0,820,621.480435
4.4703484e-08,820,621.480446
0.0,820,621.480457
-1.4901161e-07,820,621.480468
6.7055225e-08,820,621.480478
-0.120000705,820,621.480489
-4.4703484e-08,820,621.480499
-3.6507845e-07,820,621.480509
-0.07000005,820,621.480519
4.8428774e-08,820,621.480529
0.0,820,621.480539
0.0,820,621.480549
-2.9802322e-08,820,621.480558
0.0,820,660.596209
-1.2665987e-07,820,660.596244
0.0,820,660.59626
0.0,820,660.596272
0.0,820,660.596282
0.0,820,660.596292
3.2782555e-07,820,660.596302
-2.9802322e-08,820,660.596312
-0.83000004,820,660.596323
-0.02,820,660.596333
-0.18000004,820,660.596343
2.9802322e-08,820,660.596352
-4.656613e-07,820,660.596362
0.0,820,660.596372
0.0,820,660.596381
-3.3527613e-08,820,660.59639
0.0,820,699.906366
-3.2782555e-07,820,699.906401
0.0,820,699.906417
0.0,820,699.906429
-1.1920929e-07,820,699.90644
0.0,820,699.906451
-0.059999917,820,699.906462
0.0,820,699.906472
-4.1350722e-07,820,699.906482
-0.020000074,820,699.906492
-5.9604645e-08,820,699.906502
-0.08000004,820,699.906512
-1.0430813e-07,820,699.906522
0.0,820,699.906532
0.0,820,699.906541
-1.5087426e-07,820,699.90655
0.0,820,743.563717
4.7683716e-07,820,743.563752
7.450581e-09,820,743.563769
0.0,820,743.563783
-7.0780516e-08,820,743.563797
0.0,820,743.563809
-0.019999955,820,743.563822
-2.9802322e-08,820,743.563833
2.3841858e-07,820,743.563846
1.6577542e-07,820,743.563858
-2.2351742e-08,820,743.56387
-1.4901161e-08,820,743.563882
-2.6077032e-08,820,743.563894
0.0,820,743.563906
0.0,820,743.563918
-4.4703484e-08,820,743.56393
0.0,820,782.821361
1.4901161e-08,820,782.821398
0.0,820,782.821414
0.0,820,782.821425
-1.2665987e-07,820,782.821436
0.0,820,782.821447
-1.7881393e-07,820,782.821456
1.1175871e-08,820,782.821466
-0.049999915,820,782.821476
-5.9604645e-08,820,782.821486
-0.20000042,820,782.821497
1.4901161e-08,820,782.821506
-1.899898e-07,820,782.821516
0.0,820,782.821526
0.0,820,782.821535
-7.8231096e-08,820,782.821544
0.0,820,826.280991
-1.4901161e-07,820,826.281028
0.0,820,826.281044
0.0,820,826.281056
-6.7055225e-08,820,826.281066
0.0,820,826.281078
-8.940697e-08,820,826.281088
1.4901161e-08,820,826.281098
-6.966293e-07,820,826.281109
1.1175871e-08,820,826.281119
-8.940697e-08,820,826.281129
-1.4901161e-08,820,826.281183
-5.9604645e-08,820,826.281199
0.0,820,826.281209
0.0,820,826.281218
-7.4505806e-08,820,826.281226
0.0,820,865.534588
1.7881393e-07,820,865.534626
0.0,820,865.534644
0.0,820,865.534658
-1.0430813e-07,820,865.53467
0.0,820,865.534683
-1.1920929e-07,820,865.534695
4.8428774e-08,820,865.534707
-3.2782555e-07,820,865.534719
5.2154064e-08,820,865.534731
-1.1920929e-07,820,865.534743
4.4703484e-08,820,865.534755
-0.0699999,820,865.534767
0.0,820,865.534779
0.0,820,865.53479
-3.3527613e-08,820,865.534802
0.0,820,904.410897
-2.0861626e-07,820,904.410934
0.0,820,904.410951
0.0,820,904.410964
-1.2293458e-07,820,904.410977
0.0,820,904.41099
-0.02999997,820,904.411001
1.1175871e-08,820,904.411013
-9.313226e-08,820,904.411025
-5.9604645e-08,820,904.411037
-1.1920929e-07,820,904.411049
-1.0058284e-07,820,904.411061
1.4901161e-08,820,904.411073
0.0,820,904.411085
0.0,820,904.411096
-2.6077032e-08,820,904.411107
0.0,820,947.625022
-1.899898e-07,820,947.625058
0.0,820,947.625076
0.0,820,947.625088
-1.4901161e-08,820,947.6251
0.0,820,947.625112
-5.9604645e-08,820,947.625123
0.0,820,947.625135
-0.040000208,820,947.625146
0.0,820,947.625158
-0.19999994,820,947.625169
-5.9604645e-08,820,947.62518
2.9802322e-08,820,947.625192
0.0,820,947.625204
0.0,820,947.625215
-8.940697e-08,820,947.625226
0.0,820,986.467567
-5.9604645e-08,820,986.467603
0.0,820,986.467619
0.0,820,986.467631
0.0,820,986.467641
0.0,820,986.467651
-3.7252903e-09,820,986.467661
-2.2351742e-08,820,986.467672
-0.16000019,820,986.467683
-0.020000085,820,986.467693
2.9802322e-08,820,986.467703
-3.7252903e-09,820,986.467713
-0.02,820,986.467722
0.0,820,986.467732
0.0,820,986.467741
0.0,820,986.46775
0.0,820,1029.642373
-1.2665987e-07,820,1029.642406
0.0,820,1029.642421
0.0,820,1029.642433
-1.7881393e-07,820,1029.642443
0.0,820,1029.642455
-5.9604645e-08,820,1029.642465
-0.04000003,820,1029.642475
-5.5506825e-07,820,1029.642486
1.1920929e-07,820,1029.642496
-0.11999999,820,1029.642506
-7.0780516e-08,820,1029.642516
1.3411045e-07,820,1029.642526
0.0,820,1029.642536
0.0,820,1029.642545
-5.9604645e-08,820,1029.642554
0.0,820,1068.604004
-5.9604645e-08,820,1068.604039
0.0,820,1068.604056
0.0,820,1068.604068
-3.3527613e-08,820,1068.604079
0.0,820,1068.604089
5.2154064e-08,820,1068.604099
0.0,820,1068.60411
1.6391277e-07,820,1068.60412
-0.020000156,820,1068.60413
5.9604645e-08,820,1068.60414
2.9802322e-08,820,1068.60415
1.4901161e-08,820,1068.604159
0.0,820,1068.60417
0.0,820,1068.604179
4.4703484e-08,820,1068.604187
0.0,820,1107.607377
-5.9604645e-08,820,1107.607409
0.0,820,1107.607426
0.0,820,1107.607438
-1.2665987e-07,820,1107.607448
0.0,820,1107.60746
5.9604645e-08,820,1107.60747
1.1175871e-08,820,1107.607481
1.2293458e-07,820,1107.607491
1.1920929e-07,820,1107.607501
-0.42000002,820,1107.607512
5.9604645e-08,820,1107.607521
0.0,820,1107.607531
0.0,820,1107.60754
0.0,820,1107.60755
-2.9802322e-08,820,1107.607558
0.0,820,1150.602658
-4.172325e-07,820,1150.60269
0.0,820,1150.602706
0.0,820,1150.602718
5.2154064e-08,820,1150.602729
0.0,820,1150.60274
-6.3329935e-08,820,1150.60275
-0.079999976,820,1150.60276
-8.940697e-08,820,1150.602771
-0.02,820,1150.602781
-4.0978193e-08,820,1150.602792
2.2351742e-08,820,1150.602802
0.0,820,1150.602812
0.0,820,1150.602821
0.0,820,1150.60283
7.450581e-09,820,1150.602839
0.0,820,1189.981857
-6.3329935e-08,820,1189.981893
0.0,820,1189.981909
0.0,820,1189.981921
-3.7252903e-09,820,1189.981931
0.0,820,1189.981943
-2.9802322e-08,820,1189.981953
1.8626451e-08,820,1189.981963
0.0,820,1189.981974
0.0,820,1189.981983
-0.19000013,820,1189.981992
-0.07000002,820,1189.982002
-0.060000032,820,1189.982012
0.0,820,1189.982022
0.0,820,1189.982031
1.4901161e-08,820,1189.98204
0.0,820,1233.194278
-5.9604645e-08,820,1233.194311
0.0,820,1233.194327
0.0,820,1233.194338
-4.4703484e-08,820,1233.194349
0.0,820,1233.19436
2.2351742e-08,820,1233.19437
2.2351742e-08,820,1233.194381
-0.03999994,820,1233.194391
-6.3329935e-08,820,1233.194406
8.940697e-08,820,1233.194419
-0.069999985,820,1233.194429
1.1175871e-07,820,1233.194439
0.0,820,1233.194448
0.0,820,1233.194458
8.940697e-08,820,1233.194467
0.0,820,1272.048601
-5.9604645e-08,820,1272.048637
0.0,820,1272.048654
0.0,820,1272.048666
-1.0617077e-07,820,1272.048677
0.0,820,1272.048689
-2.6077032e-08,820,1272.0487
0.0,820,1272.04871
-0.070000164,820,1272.04872
-0.02000003,820,1272.04873
4.4703484e-08,820,1272.048741
-1.4901161e-08,820,1272.048751
-4.4703484e-08,820,1272.048761
0.0,820,1272.048771
0.0,820,1272.04878
-1.4901161e-07,820,1272.048789
0.0,820,1310.712385
-4.4703484e-08,820,1310.71242
0.0,820,1310.712437
0.0,820,1310.712449
-5.9604645e-08,820,1310.71246
0.0,820,1310.712471
7.4505806e-08,820,1310.712481
-0.07999999,820,1310.712492
-0.049999908,820,1310.712502
-2.9802322e-08,820,1310.712513
-0.18999997,820,1310.712523
-2.9802322e-08,820,1310.712533
-0.040000178,820,1310.712543
0.0,820,1310.712552
0.0,820,1310.712562
9.685755e-08,820,1310.712571
0.0,820,1353.900088
-1.4901161e-07,820,1353.900124
0.0,820,1353.90014
0.0,820,1353.900152
-3.7252903e-08,820,1353.900163
0.0,820,1353.900174
-0.09,820,1353.900185
2.2351742e-08,820,1353.900195
-4.4703484e-08,820,1353.900206
2.9802322e-08,820,1353.900216
-0.20000002,820,1353.900226
7.450581e-09,820,1353.900236
-4.0978193e-08,820,1353.900246
0.0,820,1353.900256
0.0,820,1353.900266
1.3411045e-07,820,1353.900275
0.0,820,1392.755541
-1.0430813e-07,820,1392.755577
0.0,820,1392.755593
0.0,820,1392.755605
-5.9604645e-08,820,1392.755616
0.0,820,1392.755627
-7.4505806e-08,820,1392.755637
-0.059999987,820,1392.755648
-0.040000156,820,1392.755658
0.0,820,1392.755669
4.8428774e-08,820,1392.755678
0.0,820,1392.755688
-2.4214387e-08,820,1392.755697
0.0,820,1392.755707
0.0,820,1392.755716
7.450581e-09,820,1392.755725
0.0,820,1435.694932
3.7252903e-08,820,1435.694968
0.0,820,1435.694984
0.0,820,1435.694996
-1.1920929e-07,820,1435.695006
0.0,820,1435.695017
7.8231096e-08,820,1435.695027
-0.01,820,1435.695038
-0.059999954,820,1435.695048
-0.059999984,820,1435.695058
-3.3527613e-08,820,1435.695068
0.0,820,1435.695078
-0.030000014,820,1435.695088
0.0,820,1435.695097
0.0,820,1435.695106
-1.1920929e-07,820,1435.695116
0.0,820,1474.701943
-3.3527613e-08,820,1474.701978
0.0,820,1474.701994
0.0,820,1474.702006
-5.2154064e-08,820,1474.702016
0.0,820,1474.702027
-0.030000074,820,1474.702037
-1.4901161e-08,820,1474.702048
-1.2107193e-07,820,1474.702059
-4.8428774e-08,820,1474.702069
1.8626451e-08,820,1474.702079
6.7055225e-08,820,1474.702089
5.9604645e-08,820,1474.702099
0.0,820,1474.702109
0.0,820,1474.702118
0.0,820,1474.702127
0.0,820,1513.739501
2.9802322e-08,820,1513.739536
0.0,820,1513.739552
0.0,820,1513.739565
-2.9802322e-08,820,1513.739575
0.0,820,1513.739587
-7.450581e-09,820,1513.739598
-7.450581e-09,820,1513.739608
-0.01999988,820,1513.739619
-2.7939677e-08,820,1513.739629
-0.11000012,820,1513.739639
0.0,820,1513.739649
4.8428774e-08,820,1513.739658
0.0,820,1513.739668
0.0,820,1513.739677
0.0,820,1513.739686
0.0,820,1557.220783
-8.940697e-08,820,1557.220819
3.7252903e-09,820,1557.220835
0.0,820,1557.220848
-2.9802322e-07,820,1557.220859
0.0,820,1557.22087
-0.05000003,820,1557.220881
-1.4901161e-08,820,1557.220891
8.940697e-08,820,1557.220902
-3.7252903e-09,820,1557.220913
-0.20000006,820,1557.220922
7.450581e-09,820,1557.220932
-0.059999973,820,1557.220942
0.0,820,1557.220953
0.0,820,1557.220962
1.4901161e-08,820,1557.220971
0.0,820,1596.233346
4.4703484e-08,820,1596.233381
0.0,820,1596.233399
0.0,820,1596.233412
2.9802322e-08,820,1596.233424
0.0,820,1596.233437
3.7252903e-08,820,1596.233449
0.0,820,1596.233461
-1.937151e-07,820,1596.233472
-5.9604645e-08,820,1596.233484
-1.4901161e-08,820,1596.233496
-2.2351742e-08,820,1596.233508
2.2351742e-08,820,1596.23352
0.0,820,1596.233532
0.0,820,1596.233543
-4.4703484e-08,820,1596.233554
0.0,820,1639.579567
-8.195639e-08,820,1639.579602
0.0,820,1639.579618
0.0,820,1639.579675
-7.450581e-09,820,1639.579691
0.0,820,1639.579702
8.940697e-08,820,1639.579712
7.450581e-09,820,1639.579721
-0.18000013,820,1639.579731
-0.019999914,820,1639.57974
2.9802322e-08,820,1639.57975
4.4703484e-08,820,1639.579759
-0.040000077,820,1639.579769
0.0,820,1639.579778
0.0,820,1639.579787
4.4703484e-08,820,1639.579795
0.0,820,1678.677403
1.4901161e-08,820,1678.677438
0.0,820,1678.677455
0.0,820,1678.677467
0.0,820,1678.677478
0.0,820,1678.677488
3.7252903e-09,820,1678.677498
2.9802322e-08,820,1678.677509
-0.039999943,820,1678.677519
8.940697e-08,820,1678.677529
-1.1175871e-08,820,1678.677539
0.0,820,1678.677549
4.4703484e-08,820,1678.677558
0.0,820,1678.677567
0.0,820,1678.677576
2.2351742e-08,820,1678.677585
0.0,820,1717.587322
0.0,820,1717.587358
3.7252903e-09,820,1717.587374
0.0,820,1717.587389
7.450581e-09,820,1717.587402
0.0,820,1717.587415
-0.08,820,1717.587427
-7.450581e-09,820,1717.587439
-0.040000193,820,1717.587451
5.9604645e-08,820,1717.587463
0.0,820,1717.587475
-0.070000075,820,1717.587487
-0.020000014,820,1717.587498
0.0,820,1717.587511
0.0,820,1717.587522
-2.9802322e-08,820,1717.587533
0.0,820,1760.886741
-4.4703484e-08,820,1760.886776
0.0,820,1760.886793
0.0,820,1760.886804
-8.940697e-08,820,1760.886815
0.0,820,1760.886827
-0.04000003,820,1760.886837
-0.030000018,820,1760.886848
-0.020000275,820,1760.886858
4.4703484e-08,820,1760.886869
-5.5879354e-09,820,1760.886879
-3.3527613e-08,820,1760.886889
2.9802322e-08,820,1760.886899
0.0,820,1760.886909
0.0,820,1760.886918
1.1175871e-08,820,1760.886927
0.0,820,1799.597514
-5.9604645e-08,820,1799.597551
0.0,820,1799.597567
0.0,820,1799.597579
-9.685755e-08,820,1799.597589
0.0,820,1799.597601
-5.9604645e-08,820,1799.597611
-1.1175871e-08,820,1799.597622
-8.940697e-08,820,1799.597632
4.8428774e-08,820,1799.597642
3.7252903e-08,820,1799.597652
2.9802322e-08,820,1799.597662
5.9604645e-08,820,1799.597672
0.0,820,1799.597682
0.0,820,1799.597691
2.2351742e-08,820,1799.5977
0.0,820,1842.643414
-6.7055225e-08,820,1842.643451
0.0,820,1842.643469
0.0,820,1842.643482
6.7055225e-08,820,1842.643495
0.0,820,1842.643508
-0.07000003,820,1842.643519
3.7252903e-09,820,1842.643532
-1.7881393e-07,820,1842.643544
-0.020000022,820,1842.643556
-7.4505806e-08,820,1842.643568
0.0,820,1842.64358
-0.03,820,1842.643591
0.0,820,1842.643603
0.0,820,1842.643614
1.1175871e-08,820,1842.643625
0.0,820,1881.441952
0.0,820,1881.441988
0.0,820,1881.442003
0.0,820,1881.442016
-3.7252903e-09,820,1881.442029
0.0,820,1881.442043
1.1175871e-07,820,1881.442055
-3.7252903e-09,820,1881.442067
-0.06000003,820,1881.44208
-0.05,820,1881.442092
-7.8231096e-08,820,1881.442104
3.7252903e-08,820,1881.442116
-0.050000016,820,1881.442128
0.0,820,1881.44214
0.0,820,1881.442152
2.9802322e-08,820,1881.442163
0.0,820,1920.489055
-1.1920929e-07,820,1920.489092
0.0,820,1920.489109
0.0,820,1920.489121
-2.9802322e-08,820,1920.489133
0.0,820,1920.489145
-0.059999947,820,1920.489156
-0.02000003,820,1920.489167
-0.040000066,820,1920.489179
2.9802322e-08,820,1920.489191
-0.11999999,820,1920.489203
-7.450581e-09,820,1920.489215
1.4901161e-08,820,1920.489226
0.0,820,1920.489238
0.0,820,1920.489249
-1.8626451e-09,820,1920.48926
0.0,820,1963.591206
-4.4703484e-08,820,1963.591244
0.0,820,1963.591259
0.0,820,1963.59127
-5.9604645e-08,820,1963.591279
0.0,820,1963.591289
-1.4901161e-08,820,1963.591298
-3.7252903e-09,820,1963.591308
-0.14999998,820,1963.591317
-0.020000037,820,1963.591327
1.8626451e-08,820,1963.591336
-1.4901161e-08,820,1963.591345
2.2351742e-08,820,1963.591355
0.0,820,1963.591364
0.0,820,1963.591373
4.8428774e-08,820,1963.591381
0.0,820,2002.398776
-2.9802322e-08,820,2002.398811
0.0,820,2002.398828
0.0,820,2002.39884
-5.9604645e-08,820,2002.398851
0.0,820,2002.398863
1.4901161e-08,820,2002.398873
-3.7252903e-09,820,2002.398883
-0.019999998,820,2002.398894
-1.4901161e-08,820,2002.398904
-1.4901161e-08,820,2002.398914
1.3038516e-08,820,2002.398924
-0.08000004,820,2002.398937
0.0,820,2002.398949
0.0,820,2002.398959
-2.6077032e-08,820,2002.398968
0.0,820,2045.600882
0.0,820,2045.600916
0.0,820,2045.60093
0.0,820,2045.600942
2.9802322e-08,820,2045.600953
0.0,820,2045.600964
-0.029999962,820,2045.600974
-7.450581e-09,820,2045.600985
1.7136335e-07,820,2045.600996
-0.020000014,820,2045.601007
3.3527613e-08,820,2045.601017
1.4901161e-08,820,2045.601027
-0.06000001,820,2045.601037
0.0,820,2045.601047
0.0,820,2045.601057
2.9802322e-08,820,2045.601066
0.0,820,2084.699744
7.450581e-09,820,2084.699777
0.0,820,2084.699794
0.0,820,2084.699808
1.4901161e-08,820,2084.699821
0.0,820,2084.699834
-0.049999956,820,2084.699846
-7.450581e-09,820,2084.699858
-0.019999918,820,2084.69987
0.0,820,2084.699883
2.2351742e-08,820,2084.699894
1.8626451e-08,820,2084.699906
-2.9802322e-08,820,2084.699918
0.0,820,2084.69993
0.0,820,2084.699942
-1.8626451e-08,820,2084.699953
0.0,820,2123.922222
-5.9604645e-08,820,2123.922255
0.0,820,2123.922272
0.0,820,2123.922285
-7.450581e-09,820,2123.922298
0.0,820,2123.922311
-0.040000007,820,2123.922322
-1.4901161e-08,820,2123.922335
-0.03999997,820,2123.922347
-0.01999994,820,2123.922359
-0.01999994,820,2123.922371
1.1175871e-08,820,2123.922383
0.0,820,2123.922395
0.0,820,2123.922407
0.0,820,2123.922418
-1.8626451e-08,820,2123.922429
0.0,820,2167.032571
-2.9802322e-08,820,2167.032607
0.0,820,2167.032623
0.0,820,2167.032634
1.4901161e-08,820,2167.032643
0.0,820,2167.032653
3.7252903e-08,820,2167.032661
2.9802322e-08,820,2167.032671
1.1920929e-07,820,2167.032681
-0.00999997,820,2167.03269
-4.0978193e-08,820,2167.0327
-3.7252903e-09,820,2167.03271
2.9802322e-08,820,2167.032719
0.0,820,2167.032728
0.0,820,2167.032737
-2.9802322e-08,820,2167.032746
0.0,820,2205.821917
0.0,820,2205.821952
0.0,820,2205.821965
0.0,820,2205.821975
0.0,820,2205.821985
0.0,820,2205.821994
5.9604645e-08,820,2205.822002
-7.450581e-09,820,2205.822013
-0.07999998,820,2205.822022
7.4505806e-08,820,2205.822032
2.9802322e-08,820,2205.822042
-5.2154064e-08,820,2205.822051
2.9802322e-08,820,2205.822061
0.0,820,2205.82207
0.0,820,2205.822079
1.4901161e-08,820,2205.822088
0.0,820,2249.338702
1.4901161e-08,820,2249.338739
0.0,820,2249.338756
0.0,820,2249.338768
-2.9802322e-08,820,2249.338778
0.0,820,2249.33879
-0.019999951,820,2249.3388
5.5879354e-09,820,2249.338811
-0.13999996,820,2249.338821
0.0,820,2249.338831
0.0,820,2249.33884
2.2351742e-08,820,2249.338849
-7.450581e-09,820,2249.338859
0.0,820,2249.338869
0.0,820,2249.338878
0.0,820,2249.338887
0.0,820,2288.286996
-4.4703484e-08,820,2288.28703
0.0,820,2288.287046
0.0,820,2288.287058
0.0,820,2288.287069
0.0,820,2288.28708
0.0,820,2288.28709
7.450581e-09,820,2288.2871
1.1920929e-07,820,2288.287111
-0.020000007,820,2288.287122
5.9604645e-08,820,2288.287132
6.146729e-08,820,2288.287142
2.9802322e-08,820,2288.287152
0.0,820,2288.287162
0.0,820,2288.287171
0.0,820,2288.28718
0.0,820,2327.177679
-1.1920929e-07,820,2327.177715
0.0,820,2327.177732
0.0,820,2327.177745
2.9802322e-08,820,2327.177757
0.0,820,2327.17777
1.4901161e-08,820,2327.177782
0.0,820,2327.177794
-0.040000085,820,2327.177805
-0.019999985,820,2327.177818
-7.450581e-09,820,2327.177829
4.4703484e-08,820,2327.177841
-0.03999997,820,2327.177853
0.0,820,2327.177865
0.0,820,2327.177876
-3.3527613e-08,820,2327.177887
0.0,820,2370.075927
-4.4703484e-08,820,2370.075959
0.0,820,2370.075976
0.0,820,2370.075987
-5.9604645e-08,820,2370.075998
0.0,820,2370.076009
8.568168e-08,820,2370.076019
7.450581e-09,820,2370.07603
-1.3783574e-07,820,2370.076041
-0.07000002,820,2370.076051
2.2351742e-08,820,2370.076061
-0.059999987,820,2370.076071
4.4703484e-08,820,2370.07608
0.0,820,2370.07609
0.0,820,2370.076099
-1.4901161e-08,820,2370.076108
0.0,820,2409.134393
-1.4901161e-07,820,2409.134428
0.0,820,2409.134445
0.0,820,2409.134458
-2.2351742e-08,820,2409.13447
0.0,820,2409.134482
3.7252903e-08,820,2409.134493
-1.4901161e-08,820,2409.134505
-0.05999982,820,2409.134519
7.450581e-09,820,2409.134534
-0.070000015,820,2409.134546
4.4703484e-08,820,2409.134558
7.4505806e-08,820,2409.134569
0.0,820,2409.134581
0.0,820,2409.134593
5.2154064e-08,820,2409.134603
0.0,820,2452.42532
-3.7252903e-09,820,2452.425354
0.0,820,2452.425371
0.0,820,2452.425385
-1.0803342e-07,820,2452.425397
0.0,820,2452.42541
-0.03000003,820,2452.425422
-1.4901161e-08,820,2452.425435
-0.029999787,820,2452.425447
0.0,820,2452.425459
-0.19999993,820,2452.42547
-2.9802322e-08,820,2452.425482
1.4901161e-08,820,2452.425494
0.0,820,2452.425506
0.0,820,2452.425518
-7.4505806e-08,820,2452.425529
0.0,820,2491.327062
-5.9604645e-08,820,2491.327098
0.0,820,2491.327114
0.0,820,2491.327126
2.2351742e-08,820,2491.327136
0.0,820,2491.327147
1.1175871e-08,820,2491.327157
-2.2351742e-08,820,2491.327168
-0.2400003,820,2491.327178
-0.02,820,2491.327188
2.9802322e-08,820,2491.327197
2.9802322e-08,820,2491.327208
-0.06999998,820,2491.327218
0.0,820,2491.327227
0.0,820,2491.327237
2.2351742e-08,820,2491.327245
0.0,820,2530.449007
1.4901161e-08,820,2530.44904
0.0,820,2530.449058
0.0,820,2530.449071
-7.450581e-09,820,2530.449084
0.0,820,2530.449097
2.6077032e-08,820,2530.449108
0.0,820,2530.449121
-0.21999997,820,2530.449132
8.940697e-08,820,2530.449144
-0.08,820,2530.449156
-2.9802322e-08,820,2530.449167
1.4901161e-08,820,2530.44918
0.0,820,2530.449192
0.0,820,2530.449203
1.8626451e-08,820,2530.449215
0.0,820,2573.587852
1.4901161e-08,820,2573.58789
0.0,820,2573.587906
0.0,820,2573.587918
-2.9802322e-08,820,2573.587929
0.0,820,2573.58794
-7.450581e-09,820,2573.58795
7.450581e-09,820,2573.587961
-2.9802322e-08,820,2573.587971
6.7055225e-08,820,2573.587981
7.450581e-09,820,2573.587992
1.8626451e-08,820,2573.588001
-1.8626451e-08,820,2573.588012
0.0,820,2573.588021
0.0,820,2573.58803
3.7252903e-08,820,2573.588039
0.0,820,2612.2983
-2.9802322e-08,820,2612.298335
0.0,820,2612.298353
0.0,820,2612.298366
1.4901161e-08,820,2612.298378
0.0,820,2612.298392
7.450581e-09,820,2612.298403
-2.6077032e-08,820,2612.298416
-0.53999996,820,2612.298428
-7.450581e-09,820,2612.29844
-2.9802322e-08,820,2612.298452
-0.080000065,820,2612.298464
6.7055225e-08,820,2612.298476
0.0,820,2612.298488
0.0,820,2612.298499
-5.2154064e-08,820,2612.29851
0.0,820,2655.075247
-2.2351742e-08,820,2655.075282
0.0,820,2655.075297
0.0,820,2655.075307
3.7252903e-09,820,2655.075316
0.0,820,2655.075326
-0.07000004,820,2655.075335
-1.4901161e-08,820,2655.075344
-0.14,820,2655.075353
-1.4901161e-08,820,2655.075362
-4.4703484e-08,820,2655.075372
-1.4901161e-08,820,2655.075381
0.0,820,2655.07539
0.0,820,2655.075399
0.0,820,2655.075407
2.6077032e-08,820,2655.075416
0.0,820,2693.945066
0.0,820,2693.9451
0.0,820,2693.945115
0.0,820,2693.945126
-1.4901161e-08,820,2693.945136
0.0,820,2693.945148
3.1664968e-08,820,2693.945158
-1.4901161e-08,820,2693.945169
-0.02999982,820,2693.94518
-0.01999997,820,2693.94519
2.9802322e-08,820,2693.9452
9.685755e-08,820,2693.94521
1.4901161e-08,820,2693.94522
0.0,820,2693.94523
0.0,820,2693.945239
-7.450581e-09,820,2693.945248
0.0,820,2732.804998
-2.6077032e-08,820,2732.805036
0.0,820,2732.805052
0.0,820,2732.805064
-4.4703484e-08,820,2732.805074
0.0,820,2732.805086
-4.0978193e-08,820,2732.805096
-2.2351742e-08,820,2732.805107
-0.07999998,820,2732.805117
1.4901161e-08,820,2732.805127
-3.7252903e-08,820,2732.805137
-4.8428774e-08,820,2732.805147
-2.6077032e-08,820,2732.805157
0.0,820,2732.805167
0.0,820,2732.805176
0.0,820,2732.805185
0.0,820,2775.745743
-5.2154064e-08,820,2775.745776
0.0,820,2775.745792
0.0,820,2775.745804
-1.4901161e-08,820,2775.745815
0.0,820,2775.745826
-0.08999997,820,2775.745836
-0.02000001,820,2775.745847
-0.020000223,820,2775.745857
0.0,820,2775.745867
1.4901161e-08,820,2775.745876
5.2154064e-08,820,2775.745885
-0.049999993,820,2775.745895
0.0,820,2775.745905
0.0,820,2775.745914
4.8428774e-08,820,2775.745923
0.0,820,2814.606771
-5.9604645e-08,820,2814.606804
0.0,820,2814.60682
0.0,820,2814.606836
-2.9802322e-08,820,2814.606849
0.0,820,2814.606861
2.2351742e-08,820,2814.606871
-7.450581e-09,820,2814.606881
-0.119999796,820,2814.606892
-3.3527613e-08,820,2814.606902
-8.940697e-08,820,2814.606912
-5.2154064e-08,820,2814.606922
-0.04,820,2814.606932
0.0,820,2814.606942
0.0,820,2814.606951
4.0978193e-08,820,2814.60696
0.0,820,2857.926973
-4.4703484e-08,820,2857.92701
3.7252903e-09,820,2857.927027
0.0,820,2857.927042
0.0,820,2857.927055
0.0,820,2857.927067
-0.04000003,820,2857.927078
-0.07000001,820,2857.92709
-1.4901161e-07,820,2857.927102
-0.020000003,820,2857.927114
1.4901161e-08,820,2857.927126
-8.940697e-08,820,2857.927138
7.450581e-09,820,2857.92715
0.0,820,2857.927163
0.0,820,2857.927174
-1.4901161e-08,820,2857.927185
0.0,820,2896.668345
-2.9802322e-08,820,2896.668378
0.0,820,2896.668396
0.0,820,2896.668409
-7.450581e-09,820,2896.668421
0.0,820,2896.668434
7.4505806e-08,820,2896.668446
-2.2351742e-08,820,2896.668458
5.9604645e-08,820,2896.66847
7.4505806e-08,820,2896.668483
-5.5879354e-09,820,2896.668495
0.0,820,2896.668507
0.0,820,2896.668518
0.0,820,2896.668529
0.0,820,2896.66854
0.0,820,2896.668551
0.0,820,2935.711622
-2.9802322e-08,820,2935.711694
3.7252903e-09,820,2935.711714
0.0,820,2935.711725
-5.2154064e-08,820,2935.711735
0.0,820,2935.711745
-9.685755e-08,820,2935.711753
-2.9802322e-08,820,2935.711763
-0.040000148,820,2935.711772
-0.02,820,2935.711782
2.9802322e-08,820,2935.711791
-7.450581e-09,820,2935.7118
0.0,820,2935.71181
0.0,820,2935.711818
0.0,820,2935.711827
1.8626451e-08,820,2935.711836
0.0,820,2979.01813
-3.7252903e-08,820,2979.018165
0.0,820,2979.018183
0.0,820,2979.018196
0.0,820,2979.018209
0.0,820,2979.018221
-2.2351742e-08,820,2979.018233
0.0,820,2979.018245
-0.060000047,820,2979.018257
2.9802322e-08,820,2979.018269
2.9802322e-08,820,2979.018281
7.450581e-09,820,2979.018293
5.9604645e-08,820,2979.018306
0.0,820,2979.018317
0.0,820,2979.018329
4.8428774e-08,820,2979.01834
0.0,820,3018.129627
-7.450581e-09,820,3018.129662
-0.02,820,3018.129679
0.0,820,3018.129693
-2.9802322e-08,820,3018.129706
0.0,820,3018.129719
-0.070000015,820,3018.129731
-1.8626451e-08,820,3018.129743
-0.28000033,820,3018.129755
-0.02,820,3018.129768
1.4901161e-08,820,3018.129779
1.4901161e-08,820,3018.129791
-2.9802322e-08,820,3018.129804
0.0,820,3018.129816
0.0,820,3018.129827
0.0,820,3018.129838
0.0,820,3060.901164
-3.7252903e-08,820,3060.9012
3.7252903e-09,820,3060.901217
0.0,820,3060.901229
1.4901161e-08,820,3060.90124
0.0,820,3060.901252
2.9802322e-08,820,3060.901261
-3.7252903e-09,820,3060.901272
-0.11999997,820,3060.901283
5.9604645e-08,820,3060.901293
1.1175871e-08,820,3060.901303
2.9802322e-08,820,3060.901313
0.0,820,3060.901324
0.0,820,3060.901333
0.0,820,3060.901341
-6.3329935e-08,820,3060.90135
0.0,820,3099.770896
0.0,820,3099.770931
0.0,820,3099.770946
0.0,820,3099.770957
-2.9802322e-08,820,3099.770968
0.0,820,3099.77098
-0.01999985,820,3099.77099
-2.9802322e-08,820,3099.771001
8.195639e-08,820,3099.771011
1.4901161e-08,820,3099.771021
7.4505806e-08,820,3099.771031
-0.06999996,820,3099.771041
-7.450581e-09,820,3099.771051
0.0,820,3099.771061
0.0,820,3099.77107
1.4901161e-08,820,3099.771079
0.0,820,3138.645585
-2.9802322e-08,820,3138.645621
0.0,820,3138.645638
0.0,820,3138.645652
4.4703484e-08,820,3138.645664
0.0,820,3138.645677
2.9802322e-08,820,3138.645689
-7.450581e-09,820,3138.645701
-0.10999992,820,3138.645714
0.0,820,3138.645726
4.4703484e-08,820,3138.645737
3.7252903e-08,820,3138.645749
4.4703484e-08,820,3138.645761
0.0,820,3138.645773
0.0,820,3138.645784
0.0,820,3138.645795
0.0,820,3181.252425
1.4901161e-08,820,3181.252458
3.7252903e-09,820,3181.252474
0.0,820,3181.252487
-2.2351742e-08,820,3181.252497
0.0,820,3181.252508
3.3527613e-08,820,3181.252518
2.2351742e-08,820,3181.252529
-0.060000055,820,3181.252539
2.9802322e-08,820,3181.252549
4.4703484e-08,820,3181.252559
3.3527613e-08,820,3181.252569
-0.039999984,820,3181.252579
0.0,820,3181.252632
0.0,820,3181.252647
2.2351742e-08,820,3181.252657
0.0,820,3220.014962
-5.9604645e-08,820,3220.014998
0.0,820,3220.015014
0.0,820,3220.015026
-1.3038516e-08,820,3220.015036
0.0,820,3220.015048
-9.685755e-08,820,3220.015058
-2.2351742e-08,820,3220.015069
-0.060000032,820,3220.01508
3.7252903e-09,820,3220.01509
0.0,820,3220.0151
2.9802322e-08,820,3220.01511
8.195639e-08,820,3220.01512
0.0,820,3220.01513
0.0,820,3220.015139
0.0,820,3220.015148
0.0,820,3262.84047
-8.195639e-08,820,3262.840504
0.0,820,3262.840521
0.0,820,3262.840532
-2.9802322e-08,820,3262.840543
0.0,820,3262.840554
-0.050000012,820,3262.840564
7.450581e-09,820,3262.840575
-0.009999998,820,3262.840585
-0.02,820,3262.840595
2.9802322e-08,820,3262.840605
2.2351742e-08,820,3262.840615
-3.7252903e-08,820,3262.840624
0.0,820,3262.840634
0.0,820,3262.840643
5.9604645e-08,820,3262.840652
0.0,820,3301.856857
0.0,820,3301.856892
0.0,820,3301.856905
0.0,820,3301.856916
-3.7252903e-08,820,3301.856925
0.0,820,3301.856935
-0.050000064,820,3301.856944
-0.029999996,820,3301.856953
-0.08000006,820,3301.856962
4.4703484e-08,820,3301.856972
3.7252903e-09,820,3301.856981
2.2351742e-08,820,3301.856991
-0.030000007,820,3301.857
0.0,820,3301.857009
0.0,820,3301.857018
-1.4901161e-08,820,3301.857026
0.0,820,3340.793022
5.9604645e-08,820,3340.793055
0.0,820,3340.793072
0.0,820,3340.793083
-2.9802322e-08,820,3340.793094
0.0,820,3340.793106
-0.049999997,820,3340.793116
-0.020000007,820,3340.793127
-0.020000156,820,3340.793138
1.4901161e-08,820,3340.793148
-0.069999985,820,3340.793158
2.2351742e-08,820,3340.793168
-2.9802322e-08,820,3340.793178
0.0,820,3340.793187
0.0,820,3340.793197
-1.4901161e-08,820,3340.793205
0.0,820,3383.764994
-5.2154064e-08,820,3383.765029
0.0,820,3383.765046
0.0,820,3383.765059
-3.7252903e-08,820,3383.765071
0.0,820,3383.765084
7.450581e-09,820,3383.765096
-3.7252903e-08,820,3383.765108
-0.050000098,820,3383.765121
1.4901161e-08,820,3383.765133
1.4901161e-08,820,3383.765145
0.0,820,3383.765157
-1.4901161e-08,820,3383.765168
0.0,820,3383.76518
0.0,820,3383.765191
1.4901161e-08,820,3383.765202
0.0,820,3422.815576
-1.8626451e-08,820,3422.815611
0.0,820,3422.815628
0.0,820,3422.81564
2.9802322e-08,820,3422.815651
0.0,820,3422.815663
-0.030000022,820,3422.815673
1.4901161e-08,820,3422.815684
-8.568168e-08,820,3422.815694
-4.656613e-08,820,3422.815704
1.4901161e-08,820,3422.815714
0.0,820,3422.815724
-1.1175871e-08,820,3422.815733
0.0,820,3422.815743
0.0,820,3422.815753
1.4901161e-08,820,3422.815761
0.0,820,3466.005986
-2.2351742e-08,820,3466.00602
0.0,820,3466.006037
0.0,820,3466.006049
-2.9802322e-08,820,3466.00606
0.0,820,3466.006071
-0.01,820,3466.006081
-1.1175871e-08,820,3466.006092
-0.020000013,820,3466.006103
2.2351742e-08,820,3466.006113
5.9604645e-08,820,3466.006123
4.4703484e-08,820,3466.006134
-1.4901161e-08,820,3466.006143
0.0,820,3466.006153
0.0,820,3466.006162
3.7252903e-09,820,3466.006171
0.0,820,3504.930864
-7.450581e-09,820,3504.930899
0.0,820,3504.930915
0.0,820,3504.930927
-7.450581e-09,820,3504.930938
0.0,820,3504.930948
-1.1175871e-08,820,3504.930959
-0.019999977,820,3504.93097
-0.19000004,820,3504.930981
0.0,820,3504.930991
1.0430813e-07,820,3504.931001
-5.2154064e-08,820,3504.931011
-0.030000005,820,3504.931021
0.0,820,3504.931031
0.0,820,3504.93104
1.4901161e-08,820,3504.93105
0.0,820,3543.736289
3.7252903e-09,820,3543.736323
0.0,820,3543.736341
0.0,820,3543.736354
-5.9604645e-08,820,3543.736367
0.0,820,3543.73638
1.4901161e-08,820,3543.736392
-2.2351742e-08,820,3543.736404
-0.05000025,820,3543.736416
7.450581e-09,820,3543.736428
-2.9802322e-08,820,3543.73644
0.0,820,3543.736453
-3.7252903e-09,820,3543.736464
0.0,820,3543.736476
0.0,820,3543.736487
-7.450581e-09,820,3543.736498
0.0,820,3587.055107
-3.7252903e-08,820,3587.055142
0.0,820,3587.055158
0.0,820,3587.05517
7.4505806e-08,820,3587.055181
0.0,820,3587.055192
-1.6763806e-08,820,3587.055202
-1.8626451e-08,820,3587.055212
-9.685755e-08,820,3587.055226
-2.7939677e-08,820,3587.055238
1.4901161e-08,820,3587.055248
1.8626451e-08,820,3587.055259
0.0,820,3587.055269
0.0,820,3587.055278
0.0,820,3587.055286
-7.450581e-09,820,3587.055295
0.0,820,3626.093729
-2.9802322e-08,820,3626.093764
0.0,820,3626.093781
0.0,820,3626.093792
-9.685755e-08,820,3626.093803
0.0,820,3626.093815
4.0978193e-08,820,3626.093825
1.4901161e-08,820,3626.093836
-0.12999998,820,3626.093847
-4.4703484e-08,820,3626.093857
1.4901161e-08,820,3626.093867
3.7252903e-08,820,3626.093877
1.4901161e-08,820,3626.093887
0.0,820,3626.093897
0.0,820,3626.093906
-2.9802322e-08,820,3626.093915
0.0,820,3669.273617
2.6077032e-08,820,3669.273654
0.0,820,3669.273671
0.0,820,3669.273684
0.0,820,3669.273696
0.0,820,3669.273707
-2.6077032e-08,820,3669.273719
-7.450581e-09,820,3669.273731
-0.02,820,3669.273744
-1.8626451e-09,820,3669.273755
-4.0978193e-08,820,3669.273768
-2.6077032e-08,820,3669.27378
1.4901161e-08,820,3669.273792
0.0,820,3669.273805
0.0,820,3669.273816
-1.4901161e-08,820,3669.273827
0.0,820,3707.989985
-1.2665987e-07,820,3707.990022
0.0,820,3707.990038
0.0,820,3707.99005
7.450581e-09,820,3707.990061
0.0,820,3707.990072
-2.9802322e-08,820,3707.990083
-7.450581e-09,820,3707.990093
-0.009999851,820,3707.990104
-2.2351742e-08,820,3707.990114
2.9802322e-08,820,3707.990124
1.6763806e-08,820,3707.990134
-0.02000003,820,3707.990144
0.0,820,3707.990154
0.0,820,3707.990164
-1.8626451e-08,820,3707.990172
0.0,820,3746.934949
-3.7252903e-08,820,3746.934983
0.0,820,3746.934999
0.0,820,3746.935011
-2.9802322e-08,820,3746.935022
0.0,820,3746.935034
-3.7252903e-08,820,3746.935044
-1.4901161e-08,820,3746.935055
-0.019999973,820,3746.935065
-2.2351742e-08,820,3746.935076
7.450581e-09,820,3746.935086
-3.7252903e-09,820,3746.935096
1.4901161e-08,820,3746.935106
0.0,820,3746.935116
0.0,820,3746.935125
5.9604645e-08,820,3746.935134
0.0,820,3790.011715
-7.450581e-09,820,3790.011748
0.0,820,3790.011764
0.0,820,3790.011775
-2.6077032e-08,820,3790.011786
0.0,820,3790.011798
-2.2351742e-08,820,3790.011808
0.0,820,3790.011818
-0.050000086,820,3790.011828
-0.020000037,820,3790.011838
-2.6077032e-08,820,3790.011848
2.9802322e-08,820,3790.011858
-3.7252903e-08,820,3790.011868
0.0,820,3790.011878
0.0,820,3790.011887
3.7252903e-09,820,3790.011895
0.0,820,3828.619937
-2.9802322e-08,820,3828.619972
0.0,820,3828.619989
0.0,820,3828.620001
-3.1664968e-08,820,3828.620012
0.0,820,3828.620023
-2.9802322e-08,820,3828.620033
-1.8626451e-08,820,3828.620044
-0.02000006,820,3828.620054
-2.9802322e-08,820,3828.620064
4.4703484e-08,820,3828.620074
-4.4703484e-08,820,3828.620084
-0.04999999,820,3828.620094
0.0,820,3828.620104
0.0,820,3828.620113
-1.1175871e-08,820,3828.620123
0.0,820,3871.396697
-6.3329935e-08,820,3871.396731
0.0,820,3871.396748
0.0,820,3871.396761
-1.4901161e-08,820,3871.396773
0.0,820,3871.396786
-7.450581e-09,820,3871.396798
0.0,820,3871.39681
-9.313226e-08,820,3871.396821
-0.020000003,820,3871.396834
-0.0100000035,820,3871.396846
7.450581e-09,820,3871.396858
2.9802322e-08,820,3871.39687
0.0,820,3871.396882
0.0,820,3871.396893
0.0,820,3871.396904
0.0,820,3910.337497
-7.450581e-09,820,3910.337532
0.0,820,3910.337548
0.0,820,3910.337559
-2.9802322e-08,820,3910.337568
0.0,820,3910.337578
-0.020000048,820,3910.337586
-1.4901161e-08,820,3910.337596
-0.02000003,820,3910.337605
-0.01999997,820,3910.337615
1.4901161e-08,820,3910.337624
-2.9802322e-08,820,3910.337633
3.7252903e-09,820,3910.337642
0.0,820,3910.337652
0.0,820,3910.33766
7.4505806e-08,820,3910.337669
0.0,820,3949.336078
-5.9604645e-08,820,3949.336112
0.0,820,3949.336128
0.0,820,3949.336141
-1.4901161e-08,820,3949.336151
0.0,820,3949.336163
-4.4703484e-08,820,3949.336173
1.4901161e-08,820,3949.336184
-0.23000002,820,3949.336194
-0.019999955,820,3949.336204
4.4703484e-08,820,3949.336214
7.450581e-09,820,3949.336224
1.4901161e-08,820,3949.336234
0.0,820,3949.336244
0.0,820,3949.336253
-2.9802322e-08,820,3949.336262
0.0,820,3992.145336
-2.2351742e-08,820,3992.145372
0.0,820,3992.14539
0.0,820,3992.145403
-1.8626451e-08,820,3992.145416
0.0,820,3992.145429
1.4901161e-08,820,3992.14544
-7.450581e-09,820,3992.145453
-1.1175871e-07,820,3992.145465
-0.020000035,820,3992.145477
-2.9802322e-08,820,3992.145489
-0.090000026,820,3992.145502
2.9802322e-08,820,3992.145514
0.0,820,3992.145526
0.0,820,3992.145537
0.0,820,3992.145547
0.0,820,4030.903886
1.4901161e-08,820,4030.903919
0.0,820,4030.903936
0.0,820,4030.90395
-4.4703484e-08,820,4030.903962
0.0,820,4030.903976
3.3527613e-08,820,4030.903988
-1.4901161e-08,820,4030.904001
-0.009999992,820,4030.904013
7.450581e-09,820,4030.904025
-5.5879354e-08,820,4030.904037
-4.4703484e-08,820,4030.904049
-1.4901161e-08,820,4030.904061
0.0,820,4030.904073
0.0,820,4030.904084
0.0,820,4030.904095
0.0,820,4074.064513
0.0,820,4074.064548
0.0,820,4074.064564
0.0,820,4074.064577
-1.4901161e-08,820,4074.06459
0.0,820,4074.064603
-1.4901161e-08,820,4074.064615
0.0,820,4074.064628
-0.05000009,820,4074.064639
-4.4703484e-08,820,4074.064651
1.4901161e-08,820,4074.064663
2.6077032e-08,820,4074.064676
3.7252903e-08,820,4074.064688
0.0,820,4074.0647
0.0,820,4074.064711
1.8626451e-08,820,4074.064723
0.0,820,4113.022655
0.0,820,4113.022689
0.0,820,4113.022703
0.0,820,4113.022715
-1.3411045e-07,820,4113.022726
0.0,820,4113.022737
-0.03000003,820,4113.022747
0.0,820,4113.022758
-5.9604645e-08,820,4113.022768
1.4901161e-08,820,4113.022778
-7.4505806e-08,820,4113.022789
-1.4901161e-08,820,4113.022798
-2.2351742e-08,820,4113.022808
0.0,820,4113.022818
0.0,820,4113.022827
2.2351742e-08,820,4113.022836
0.0,820,4151.939364
-2.9802322e-08,820,4151.939403
0.0,820,4151.93942
0.0,820,4151.939432
-6.7055225e-08,820,4151.939443
0.0,820,4151.939454
3.7252903e-09,820,4151.939464
-1.4901161e-08,820,4151.939475
-8.195639e-08,820,4151.939486
7.450581e-09,820,4151.939496
1.4901161e-08,820,4151.939506
2.2351742e-08,820,4151.939516
2.2351742e-08,820,4151.939526
0.0,820,4151.939536
0.0,820,4151.939544
2.2351742e-08,820,4151.939554
0.0,820,4195.054129
1.4901161e-08,820,4195.054165
0.0,820,4195.054181
0.0,820,4195.054193
3.7252903e-08,820,4195.054204
0.0,820,4195.054216
5.2154064e-08,820,4195.054226
-7.450581e-09,820,4195.054237
-0.0099999625,820,4195.054248
4.284084e-08,820,4195.054258
5.9604645e-08,820,4195.054268
2.9802322e-08,820,4195.054278
1.4901161e-08,820,4195.054288
0.0,820,4195.054298
0.0,820,4195.054307
7.450581e-09,820,4195.054316
0.0,820,4233.700776
-7.450581e-09,820,4233.700809
0.0,820,4233.700825
0.0,820,4233.700837
-5.9604645e-08,820,4233.700848
0.0,820,4233.70086
-0.049999997,820,4233.70087
0.0,820,4233.700881
-0.08999981,820,4233.700891
-0.01999997,820,4233.700902
-1.4901161e-08,820,4233.700912
-7.450581e-09,820,4233.700922
0.0,820,4233.700932
0.0,820,4233.700941
0.0,820,4233.70095
2.9802322e-08,820,4233.700959
0.0,820,4276.821452
-5.9604645e-08,820,4276.821486
0.0,820,4276.821502
0.0,820,4276.821514
3.3527613e-08,820,4276.821525
0.0,820,4276.821536
-3.7252903e-09,820,4276.821546
-0.030000007,820,4276.821557
-0.029999867,820,4276.821568
-0.019999972,820,4276.821577
-2.9802322e-08,820,4276.821587
5.9604645e-08,820,4276.821597
-0.04,820,4276.821607
0.0,820,4276.821616
0.0,820,4276.821625
4.0978193e-08,820,4276.821634
0.0,820,4315.635246
-3.7252903e-09,820,4315.635282
0.0,820,4315.6353
0.0,820,4315.635313
2.2351742e-08,820,4315.635326
0.0,820,4315.635339
0.0,820,4315.635351
-7.450581e-09,820,4315.635362
-0.00999991,820,4315.635375
-0.02,820,4315.635386
-2.2351742e-08,820,4315.635398
2.2351742e-08,820,4315.635411
7.450581e-09,820,4315.635423
0.0,820,4315.635435
0.0,820,4315.635446
1.4901161e-08,820,4315.635458
0.0,820,4354.613521
1.4901161e-08,820,4354.613553
0.0,820,4354.613569
0.0,820,4354.613581
2.9802322e-08,820,4354.613592
0.0,820,4354.613603
3.3527613e-08,820,4354.613614
-2.2351742e-08,820,4354.613625
5.5879354e-08,820,4354.613635
-0.02,820,4354.613645
-3.7252903e-09,820,4354.613657
-2.6077032e-08,820,4354.61367
1.4901161e-08,820,4354.61368
0.0,820,4354.61369
0.0,820,4354.613699
2.9802322e-08,820,4354.613708
0.0,820,4397.833192
-1.4901161e-08,820,4397.833226
0.0,820,4397.833242
0.0,820,4397.833254
2.9802322e-08,820,4397.833265
0.0,820,4397.833276
-1.1175871e-08,820,4397.833286
3.7252903e-09,820,4397.833297
-0.059999887,820,4397.833308
-0.01999997,820,4397.833318
1.4901161e-08,820,4397.833328
-1.8626451e-08,820,4397.833338
-2.2351742e-08,820,4397.833348
0.0,820,4397.833358
0.0,820,4397.833366
2.9802322e-08,820,4397.833376
0.0,820,4436.542783
1.4901161e-08,820,4436.542818
0.0,820,4436.542835
0.0,820,4436.542846
0.0,820,4436.542857
0.0,820,4436.542867
2.2351742e-08,820,4436.542877
-0.03000001,820,4436.542888
-0.020000119,820,4436.542899
-0.01999997,820,4436.542909
-3.7252903e-08,820,4436.542919
1.6763806e-08,820,4436.542929
1.4901161e-08,820,4436.542938
0.0,820,4436.542948
0.0,820,4436.542958
4.0978193e-08,820,4436.542967
0.0,820,4479.835824
0.0,820,4479.83586
0.0,820,4479.835875
0.0,820,4479.835888
1.4901161e-08,820,4479.835899
0.0,820,4479.835911
-4.4703484e-08,820,4479.83592
-3.7252903e-09,820,4479.835931
-6.7055225e-08,820,4479.835942
-0.02000003,820,4479.835952
-5.2154064e-08,820,4479.835963
1.8626451e-08,820,4479.835973
3.1664968e-08,820,4479.835982
0.0,820,4479.835992
0.0,820,4479.836002
2.9802322e-08,820,4479.83601
0.0,820,4518.193169
1.4901161e-08,820,4518.193203
0.0,820,4518.19322
0.0,820,4518.193234
-3.7252903e-09,820,4518.193246
0.0,820,4518.193259
2.6077032e-08,820,4518.193271
-1.8626451e-08,820,4518.193283
2.9802322e-08,820,4518.193295
-0.01999997,820,4518.193307
-5.5879354e-08,820,4518.193319
2.6077032e-08,820,4518.193332
1.4901161e-08,820,4518.193343
0.0,820,4518.193356
0.0,820,4518.193367
0.0,820,4518.193378
0.0,820,4556.864047
-2.2351742e-08,820,4556.864081
0.0,820,4556.864098
0.0,820,4556.86411
1.8626451e-08,820,4556.86412
0.0,820,4556.864131
3.7252903e-09,820,4556.864141
-1.4901161e-08,820,4556.864152
-0.06000002,820,4556.864162
-7.450581e-09,820,4556.864173
-0.120000005,820,4556.864183
-2.6077032e-08,820,4556.864193
0.0,820,4556.864203
0.0,820,4556.864213
0.0,820,4556.864222
1.1175871e-08,820,4556.864231
0.0,820,4599.786148
-1.1175871e-08,820,4599.786184
0.0,820,4599.7862
0.0,820,4599.786212
-4.4703484e-08,820,4599.786222
0.0,820,4599.786233
-3.7252903e-08,820,4599.786243
-0.010000007,820,4599.786254
2.9802322e-08,820,4599.786265
-0.02,820,4599.786276
-1.4901161e-08,820,4599.786285
5.7742e-08,820,4599.786295
0.0,820,4599.786305
0.0,820,4599.786314
0.0,820,4599.786324
5.2154064e-08,820,4599.786332
0.0,820,4638.654694
-7.450581e-09,820,4638.65473
0.0,820,4638.654747
0.0,820,4638.654761
2.9802322e-08,820,4638.654774
0.0,820,4638.654787
-0.010000015,820,4638.654799
-1.1175871e-08,820,4638.654812
2.9802322e-08,820,4638.654824
-0.020000003,820,4638.654836
-7.450581e-09,820,4638.654848
-2.9802322e-08,820,4638.65486
1.4901161e-08,820,4638.654872
0.0,820,4638.654885
0.0,820,4638.654896
0.0,820,4638.654908
0.0,820,4681.424364
-6.7055225e-08,820,4681.4244
0.0,820,4681.424417
0.0,820,4681.424431
-3.7252903e-09,820,4681.424443
0.0,820,4681.424455
-0.020000007,820,4681.424467
-3.7252903e-09,820,4681.42448
-0.02999996,820,4681.424492
-4.0978193e-08,820,4681.424504
2.2351742e-08,820,4681.424516
-2.2351742e-08,820,4681.424528
-2.6077032e-08,820,4681.42454
0.0,820,4681.424552
0.0,820,4681.424564
2.2351742e-08,820,4681.424575
0.0,820,4720.105932
-2.9802322e-08,820,4720.105967
0.0,820,4720.105984
0.0,820,4720.105998
2.9802322e-08,820,4720.10601
0.0,820,4720.106023
-0.030000014,820,4720.106035
-1.4901161e-08,820,4720.106047
-0.020000067,820,4720.106059
-0.009999936,820,4720.106071
2.2351742e-08,820,4720.106083
-2.2351742e-08,820,4720.106095
1.4901161e-08,820,4720.106107
0.0,820,4720.106119
0.0,820,4720.106131
0.0,820,4720.106142
0.0,820,4758.855034
7.450581e-09,820,4758.855118
0.0,820,4758.855137
0.0,820,4758.855148
1.4901161e-08,820,4758.855159
0.0,820,4758.855171
-3.7252903e-08,820,4758.855181
-1.1175871e-08,820,4758.85519
-0.020000178,820,4758.8552
-0.019999955,820,4758.85521
5.2154064e-08,820,4758.855219
0.0,820,4758.855229
0.0,820,4758.855237
0.0,820,4758.855246
0.0,820,4758.855254
1.8626451e-08,820,4758.855263
0.0,820,4801.925764
-3.7252903e-09,820,4801.925798
0.0,820,4801.925814
0.0,820,4801.925827
-1.4901161e-08,820,4801.925837
0.0,820,4801.925849
1.4901161e-08,820,4801.925859
-7.450581e-09,820,4801.92587
-1.0430813e-07,820,4801.92588
-1.1175871e-08,820,4801.925891
7.450581e-09,820,4801.925901
5.9604645e-08,820,4801.925911
-7.450581e-09,820,4801.925921
0.0,820,4801.925931
0.0,820,4801.92594
-7.450581e-09,820,4801.925949
0.0,820,4840.586749
-7.450581e-09,820,4840.586786
0.0,820,4840.586803
0.0,820,4840.586816
-2.9802322e-08,820,4840.586829
0.0,820,4840.586842
1.1175871e-08,820,4840.586853
7.450581e-09,820,4840.586866
-0.02999988,820,4840.586878
-1.1175871e-08,820,4840.58689
-2.9802322e-08,820,4840.586902
3.3527613e-08,820,4840.586915
1.4901161e-08,820,4840.586926
0.0,820,4840.586939
0.0,820,4840.58695
1.1175871e-08,820,4840.586961
0.0,820,4883.478779
1.4901161e-08,820,4883.478816
0.0,820,4883.478832
0.0,820,4883.478844
-2.9802322e-08,820,4883.478855
0.0,820,4883.478866
-0.0100000035,820,4883.478876
-7.450581e-09,820,4883.478887
-0.04999997,820,4883.478897
-1.1175871e-08,820,4883.478907
3.3527613e-08,820,4883.478918
-2.2351742e-08,820,4883.478928
7.450581e-09,820,4883.478938
0.0,820,4883.478948
0.0,820,4883.478957
3.3527613e-08,820,4883.478966
0.0,820,4922.39571
1.4901161e-08,820,4922.395746
0.0,820,4922.395763
0.0,820,4922.395775
-1.2293458e-07,820,4922.395785
0.0,820,4922.395796
-3.7252903e-09,820,4922.395805
3.7252903e-09,820,4922.395816
-1.1920929e-07,820,4922.395826
-0.01999997,820,4922.395836
2.9802322e-08,820,4922.395847
0.0,820,4922.395856
-2.9802322e-08,820,4922.395865
0.0,820,4922.395875
0.0,820,4922.395885
-1.4901161e-08,820,4922.395893
0.0,820,4961.223693
-5.9604645e-08,820,4961.223727
0.0,820,4961.223745
0.0,820,4961.223758
-8.940697e-08,820,4961.223771
0.0,820,4961.223784
0.0,820,4961.223796
-1.1175871e-08,820,4961.223807
-0.019999927,820,4961.223819
-0.020000003,820,4961.223831
7.450581e-09,820,4961.223844
0.0,820,4961.223855
-1.4901161e-08,820,4961.223867
0.0,820,4961.223879
0.0,820,4961.223891
2.9802322e-08,820,4961.223902
0.0,820,5003.927178
-2.9802322e-08,820,5003.927213
0.0,820,5003.92723
0.0,820,5003.927242
1.4901161e-08,820,5003.927253
0.0,820,5003.927264
3.7252903e-09,820,5003.927274
-0.03999999,820,5003.927285
-4.4703484e-08,820,5003.927296
-1.1175871e-08,820,5003.927306
1.1175871e-07,820,5003.927317
-1.4901161e-08,820,5003.927327
0.0,820,5003.927337
0.0,820,5003.927346
0.0,820,5003.927355
-2.2351742e-08,820,5003.927365
0.0,820,5042.892743
1.1175871e-08,820,5042.892779
0.0,820,5042.892795
0.0,820,5042.892806
1.4901161e-08,820,5042.892816
0.0,820,5042.892827
-1.4901161e-08,820,5042.892837
-1.8626451e-08,820,5042.892848
3.7252903e-09,820,5042.892859
-0.039999954,820,5042.892869
-7.450581e-09,820,5042.892879
-6.3329935e-08,820,5042.892889
-7.450581e-09,820,5042.892899
0.0,820,5042.892909
0.0,820,5042.892918
-1.8626451e-08,820,5042.892926
0.0,820,5086.041329
0.0,820,5086.041364
0.0,820,5086.041378
0.0,820,5086.041389
-5.2154064e-08,820,5086.0414
0.0,820,5086.041412
-0.039999995,820,5086.041422
-1.3038516e-08,820,5086.041433
-1.4901161e-08,820,5086.041444
-0.019999977,820,5086.041454
0.0,820,5086.041464
0.0,820,5086.041473
1.1175871e-08,820,5086.041482
0.0,820,5086.041492
0.0,820,5086.041501
-7.450581e-09,820,5086.04151
0.0,820,5124.911663
-1.4901161e-08,820,5124.911698
0.0,820,5124.911714
0.0,820,5124.911726
-9.313226e-09,820,5124.911736
0.0,820,5124.911748
-0.009999977,820,5124.911758
-3.7252903e-09,820,5124.911768
-0.05000013,820,5124.911779
-0.01999999,820,5124.911789
0.0,820,5124.911799
1.1175871e-08,820,5124.911808
-1.8626451e-08,820,5124.911818
0.0,820,5124.911827
0.0,820,5124.911839
1.4901161e-08,820,5124.91185
0.0,820,5163.654905
-1.1175871e-08,820,5163.654939
0.0,820,5163.654956
0.0,820,5163.654968
-4.4703484e-08,820,5163.654979
0.0,820,5163.65499
0.0,820,5163.655
0.0,820,5163.65501
0.0,820,5163.65502
-0.02,820,5163.65503
-4.4703484e-08,820,5163.655039
5.9604645e-08,820,5163.655049
-1.4901161e-08,820,5163.65506
0.0,820,5163.65507
0.0,820,5163.655079
0.0,820,5163.655088
0.0,820,5206.590133
-5.9604645e-08,820,5206.590167
0.0,820,5206.590183
0.0,820,5206.590195
-7.450581e-09,820,5206.590206
0.0,820,5206.590217
-3.7252903e-09,820,5206.590227
-2.6077032e-08,820,5206.590237
-0.020000074,820,5206.590248
7.450581e-09,820,5206.590258
5.9604645e-08,820,5206.590268
-6.3329935e-08,820,5206.590279
7.450581e-09,820,5206.590288
0.0,820,5206.590298
0.0,820,5206.590307
3.7252903e-09,820,5206.590316
0.0,820,5245.41077
0.0,820,5245.410805
0.0,820,5245.41082
0.0,820,5245.410832
-2.9802322e-08,820,5245.410843
0.0,820,5245.410855
-0.020000014,820,5245.410865
-7.450581e-09,820,5245.410876
5.9604645e-08,820,5245.410887
-1.4901161e-08,820,5245.410897
-3.7252903e-08,820,5245.410907
-2.2351742e-08,820,5245.410917
0.0,820,5245.410927
0.0,820,5245.410936
0.0,820,5245.410945
-1.8626451e-08,820,5245.410954
0.0,820,5288.540284
2.2351742e-08,820,5288.540319
0.0,820,5288.540335
0.0,820,5288.540345
1.4901161e-08,820,5288.540355
0.0,820,5288.540365
-4.0978193e-08,820,5288.540373
0.0,820,5288.540383
-0.04000003,820,5288.540391
3.7252903e-08,820,5288.540401
7.4505806e-08,820,5288.54041
2.9802322e-08,820,5288.54042
-0.050000016,820,5288.540429
0.0,820,5288.540438
0.0,820,5288.540447
3.3527613e-08,820,5288.540455
0.0,820,5327.346387
-7.450581e-09,820,5327.346421
0.0,820,5327.346437
0.0,820,5327.346447
5.9604645e-08,820,5327.346457
0.0,820,5327.346467
-1.4901161e-08,820,5327.346475
0.0,820,5327.346485
-6.3329935e-08,820,5327.346494
2.9802322e-08,820,5327.346503
4.0978193e-08,820,5327.346513
1.4901161e-08,820,5327.346522
2.4214387e-08,820,5327.346531
0.0,820,5327.34654
0.0,820,5327.34655
1.1175871e-08,820,5327.346558
0.0,820,5366.195871
-1.4901161e-08,820,5366.195907
0.0,820,5366.195923
0.0,820,5366.195935
0.0,820,5366.195946
0.0,820,5366.195956
-1.4901161e-08,820,5366.195966
-2.9802322e-08,820,5366.195977
-0.01999997,820,5366.195988
-0.019999992,820,5366.195998
7.450581e-09,820,5366.196008
-1.4901161e-08,820,5366.196018
-4.4703484e-08,820,5366.196028
0.0,820,5366.196038
0.0,820,5366.196048
2.9802322e-08,820,5366.196057
0.0,820,5409.556149
-7.8231096e-08,820,5409.556183
0.0,820,5409.5562
0.0,820,5409.556212
0.0,820,5409.556223
0.0,820,5409.556233
-0.020000001,820,5409.556243
-0.03,820,5409.556254
8.195639e-08,820,5409.556264
-0.01999997,820,5409.556275
1.4901161e-08,820,5409.556284
-2.6077032e-08,820,5409.556294
-2.6077032e-08,820,5409.556304
0.0,820,5409.556314
0.0,820,5409.556323
-4.0978193e-08,820,5409.556332
0.0,820,5448.442193
-1.4901161e-08,820,5448.442228
0.0,820,5448.442245
0.0,820,5448.442256
-1.8626451e-08,820,5448.442267
0.0,820,5448.442278
-1.8626451e-08,820,5448.442288
-7.450581e-09,820,5448.442299
-1.4901161e-08,820,5448.44231
-0.019999959,820,5448.44232
6.3329935e-08,820,5448.44233
-2.2351742e-08,820,5448.442341
1.4901161e-08,820,5448.442351
0.0,820,5448.44236
0.0,820,5448.44237
-2.9802322e-08,820,5448.442379
0.0,820,5491.382102
-7.4505806e-08,820,5491.382136
0.0,820,5491.382153
0.0,820,5491.382164
-5.9604645e-08,820,5491.382175
0.0,820,5491.382187
-7.4505806e-08,820,5491.382197
-1.4901161e-08,820,5491.382207
-0.07999997,820,5491.382218
-5.5879354e-08,820,5491.382228
-7.450581e-09,820,5491.382238
-2.6077032e-08,820,5491.382248
-3.7252903e-09,820,5491.382258
0.0,820,5491.382268
0.0,820,5491.382277
3.7252903e-08,820,5491.382287
0.0,820,5530.374923
-8.195639e-08,820,5530.374959
0.0,820,5530.374975
0.0,820,5530.374987
-2.9802322e-08,820,5530.374999
0.0,820,5530.37501
-3.7252903e-09,820,5530.375021
-1.1175871e-08,820,5530.375032
1.1175871e-07,820,5530.375042
-0.019999992,820,5530.375057
-1.4901161e-08,820,5530.37507
3.7252903e-08,820,5530.375081
-1.4901161e-08,820,5530.375091
0.0,820,5530.375101
0.0,820,5530.37511
3.7252903e-08,820,5530.37512
0.0,820,5568.953612
-3.7252903e-09,820,5568.953646
0.0,820,5568.953662
0.0,820,5568.953675
-1.8626451e-08,820,5568.953686
0.0,820,5568.953697
-2.9802322e-08,820,5568.953707
-7.450581e-09,820,5568.953718
-0.12000002,820,5568.953728
-0.02,820,5568.953738
1.4901161e-08,820,5568.953748
-1.4901161e-08,820,5568.953757
-7.450581e-09,820,5568.953767
0.0,820,5568.953777
0.0,820,5568.953786
2.9802322e-08,820,5568.953795
0.0,820,5612.022792
-1.2665987e-07,820,5612.022827
0.0,820,5612.022844
0.0,820,5612.022856
2.9802322e-08,820,5612.022866
0.0,820,5612.022877
-3.7252903e-08,820,5612.022887
-1.1175871e-08,820,5612.022897
-0.28000003,820,5612.022908
-0.03999996,820,5612.022918
3.7252903e-09,820,5612.022928
1.4901161e-08,820,5612.022938
1.8626451e-08,820,5612.022948
0.0,820,5612.022957
0.0,820,5612.022966
2.2351742e-08,820,5612.022975
0.0,820,5650.648754
-2.2351742e-08,820,5650.64879
0.0,820,5650.648806
0.0,820,5650.648818
3.3527613e-08,820,5650.648829
0.0,820,5650.64884
3.3527613e-08,820,5650.648849
-1.1175871e-08,820,5650.64886
8.940697e-08,820,5650.64887
-0.019999985,820,5650.64888
-1.4901161e-08,820,5650.64889
-0.080000006,820,5650.648899
-3.7252903e-09,820,5650.648908
0.0,820,5650.648918
0.0,820,5650.648927
-3.7252903e-08,820,5650.648935
0.0,820,5693.709842
0.0,820,5693.709876
0.0,820,5693.709891
0.0,820,5693.709904
-6.7055225e-08,820,5693.709917
0.0,820,5693.70993
-2.2351742e-08,820,5693.709941
-1.4901161e-08,820,5693.709954
-2.2351742e-08,820,5693.709966
-0.020000022,820,5693.709978
2.9802322e-08,820,5693.70999
0.0,820,5693.710002
-7.450581e-09,820,5693.710013
0.0,820,5693.710025
0.0,820,5693.710037
-1.4901161e-08,820,5693.710047
0.0,820,5732.264084
1.4901161e-08,820,5732.264122
0.0,820,5732.264139
0.0,820,5732.264152
-2.9802322e-08,820,5732.264163
0.0,820,5732.264176
-0.030000014,820,5732.264187
-1.1175871e-08,820,5732.264199
1.4901161e-08,820,5732.264211
0.0,820,5732.264223
4.8428774e-08,820,5732.264234
-7.450581e-09,820,5732.264246
-7.450581e-09,820,5732.264258
0.0,820,5732.26427
0.0,820,5732.264281
2.9802322e-08,820,5732.264292
0.0,820,5770.759887
-3.7252903e-09,820,5770.759921
0.0,820,5770.759937
0.0,820,5770.759949
0.0,820,5770.759959
0.0,820,5770.759969
-0.039999984,820,5770.759979
-3.7252903e-09,820,5770.75999
-0.16999999,820,5770.760001
-2.9802322e-08,820,5770.760011
-3.7252903e-08,820,5770.760021
0.0,820,5770.760031
-1.4901161e-08,820,5770.76004
0.0,820,5770.76005
0.0,820,5770.760059
1.1175871e-08,820,5770.760068
0.0,820,5813.485776
-3.7252903e-09,820,5813.48581
0.0,820,5813.485826
0.0,820,5813.485837
-4.4703484e-08,820,5813.485847
0.0,820,5813.485857
4.4703484e-08,820,5813.485865
-1.1175871e-08,820,5813.485874
-0.05,820,5813.485884
-0.029999936,820,5813.485893
1.1175871e-08,820,5813.485903
-7.450581e-09,820,5813.485912
-2.4214387e-08,820,5813.485921
0.0,820,5813.485931
0.0,820,5813.48594
0.0,820,5813.485948
0.0,820,5852.284812
-3.7252903e-09,820,5852.284846
0.0,820,5852.284862
0.0,820,5852.284874
0.0,820,5852.284884
0.0,820,5852.284895
-3.7252903e-09,820,5852.284905
-1.1175871e-08,820,5852.284915
2.9802322e-08,820,5852.284926
-1.1175871e-08,820,5852.284936
-1.4901161e-08,820,5852.284946
-1.1175871e-08,820,5852.284956
-0.040000014,820,5852.284966
0.0,820,5852.284976
0.0,820,5852.284985
3.7252903e-08,820,5852.284993
0.0,820,5895.359856
1.1175871e-08,820,5895.359892
3.7252903e-09,820,5895.359909
0.0,820,5895.359922
0.0,820,5895.359933
0.0,820,5895.359943
3.7252903e-09,820,5895.359953
-3.7252903e-09,820,5895.359964
-9.685755e-08,820,5895.359975
4.4703484e-08,820,5895.359985
-1.8626451e-08,820,5895.359995
7.450581e-09,820,5895.360006
2.2351742e-08,820,5895.360016
0.0,820,5895.360026
0.0,820,5895.360035
-7.450581e-09,820,5895.360044
0.0,820,5933.904172
-3.7252903e-08,820,5933.904209
0.0,820,5933.904228
0.0,820,5933.904241
0.0,820,5933.904251
0.0,820,5933.90426
3.7252903e-09,820,5933.904269
3.7252903e-09,820,5933.904279
-0.030000066,820,5933.904288
-0.5,820,5933.904298
5.2154064e-08,820,5933.904307
-7.450581e-09,820,5933.904316
-5.2154064e-08,820,5933.904326
0.0,820,5933.904335
0.0,820,5933.904344
5.9604645e-08,820,5933.904353
0.0,820,5972.678633
0.0,820,5972.678666
0.0,820,5972.67868
0.0,820,5972.678692
2.9802322e-08,820,5972.678702
0.0,820,5972.678714
1.4901161e-08,820,5972.678723
-1.4901161e-08,820,5972.678734
-0.030000014,820,5972.678745
-4.4703484e-08,820,5972.678755
1.4901161e-08,820,5972.678765
1.8626451e-08,820,5972.678774
-1.4901161e-08,820,5972.678784
0.0,820,5972.678794
0.0,820,5972.678803
1.1175871e-08,820,5972.678812
0.0,820,6015.883234
0.0,820,6015.88327
0.0,820,6015.883284
0.0,820,6015.883296
0.0,820,6015.883307
0.0,820,6015.883317
-0.04000003,820,6015.883326
-7.450581e-09,820,6015.883337
-0.019999947,820,6015.883348
-0.020000003,820,6015.883358
2.9802322e-08,820,6015.883368
8.568168e-08,820,6015.883378
0.0,820,6015.883389
0.0,820,6015.883398
0.0,820,6015.883407
0.0,820,6015.883416
0.0,820,6054.862034
-1.4901161e-08,820,6054.862068
0.0,820,6054.862084
0.0,820,6054.862096
-2.9802322e-08,820,6054.862106
0.0,820,6054.862117
-7.450581e-09,820,6054.862128
7.450581e-09,820,6054.862138
-0.059999976,820,6054.862149
2.9802322e-08,820,6054.862159
-7.450581e-09,820,6054.862169
2.2351742e-08,820,6054.862179
-2.9802322e-08,820,6054.862189
0.0,820,6054.862199
0.0,820,6054.862208
2.6077032e-08,820,6054.862217
0.0,820,6097.977355
-2.2351742e-08,820,6097.977391
0.0,820,6097.977407
0.0,820,6097.977419
7.450581e-09,820,6097.97743
0.0,820,6097.977441
-4.8428774e-08,820,6097.977452
-3.7252903e-09,820,6097.977463
-0.020000031,820,6097.977473
7.450581e-09,820,6097.977484
-7.450581e-09,820,6097.977494
-1.4901161e-08,820,6097.977504
-7.450581e-09,820,6097.977513
0.0,820,6097.977523
0.0,820,6097.977532
2.9802322e-08,820,6097.977542
0.0,820,6137.014553
-2.6077032e-08,820,6137.014588
0.0,820,6137.014605
0.0,820,6137.014615
1.4901161e-08,820,6137.014625
0.0,820,6137.014635
6.7055225e-08,820,6137.014644
-0.010000007,820,6137.014654
7.450581e-09,820,6137.014664
3.3527613e-08,820,6137.014673
-0.18999995,820,6137.014683
-2.6077032e-08,820,6137.014692
1.1175871e-08,820,6137.014701
0.0,820,6137.014711
0.0,820,6137.014719
-1.4901161e-08,820,6137.014728
0.0,820,6176.028264
-2.2351742e-08,820,6176.0283
0.0,820,6176.028317
0.0,820,6176.028331
-5.9604645e-08,820,6176.028343
0.0,820,6176.028357
-0.009999981,820,6176.028368
7.450581e-09,820,6176.028381
-0.03999988,820,6176.028393
1.4901161e-08,820,6176.028405
1.8626451e-08,820,6176.028418
0.0,820,6176.028429
-7.450581e-09,820,6176.028441
0.0,820,6176.028453
0.0,820,6176.028464
1.4901161e-08,820,6176.028475
0.0,820,6219.407584
-2.9802322e-08,820,6219.407619
0.0,820,6219.407635
0.0,820,6219.407646
3.7252903e-09,820,6219.407655
0.0,820,6219.407665
3.7252903e-09,820,6219.407674
-1.1175871e-08,820,6219.407683
-0.020000223,820,6219.407693
-0.020000018,820,6219.407702
0.0,820,6219.407712
-4.4703484e-08,820,6219.407721
7.450581e-09,820,6219.40773
0.0,820,6219.40774
0.0,820,6219.407748
2.9802322e-08,820,6219.407757
0.0,820,6258.167892
-2.9802322e-08,820,6258.167927
0.0,820,6258.167943
0.0,820,6258.167955
-4.0978193e-08,820,6258.167965
0.0,820,6258.167976
-1.1175871e-08,820,6258.167987
-1.1175871e-08,820,6258.167997
-0.05000009,820,6258.168008
-0.019999987,820,6258.168018
0.0,820,6258.168028
0.0,820,6258.168037
-2.2351742e-08,820,6258.168046
0.0,820,6258.168056
0.0,820,6258.168065
2.9802322e-08,820,6258.168074
